block_index,block_ship_no,block_type,block_length,block_width,block_weight,block_area,season,block_start_window,position_primary_area,position_secondary_area,position_lifting_capacity,position_labor_team,position_block_type,position_attribute,position_area,area_margin_ratio,lifting_load_ratio,initially_occupied,block_processing_cycle
757,H1088,flat,20.0,18.4,211.01714285714283,368.0,spring,126,block assembly group,No.8 platform,350,HL,flat,general,440.0,0.16363636363636364,0.6029061224489796,0,72
758,H1088,flat,20.0,18.4,211.01714285714283,368.0,spring,125,platform 1,No.10 platform,280,RH,unrestricted,general,400.0,0.08,0.7536326530612244,0,71
823,H1088,flat,6.45,21.691,146.31485171428568,139.90695,spring,79,block assembly group,No.8 platform,350,HL,unrestricted,general,440.0,0.6820296590909091,0.41804243346938763,0,53
822,H1088,flat,20.852,21.691,240.0,452.300732,spring,79,curved surface,48m,240,MZ,unrestricted,general,462.0,0.02099408658008662,1.0,1,53
819,H1088,flat,30.66,9.4,240.0,288.204,spring,85,curved surface,45m,240,ZH,flat,general,693.0,0.5841212121212122,1.0,1,61
881,H1087,flat,16.588,12.377,122.38624942857145,205.30967600000002,spring,46,platform 1,No.10 platform,280,yard HN,flat,general,360.0,0.42969534444444435,0.4370937479591837,0,39
856,H1088,flat,13.0,5.487,56.887762571428574,71.331,spring,58,block assembly group,No.8 platform,350,HL,unrestricted,general,440.0,0.8378840909090909,0.16253646448979592,0,42
810,H1088,flat,18.0,17.3,178.08285714285714,311.40000000000003,spring,92,platform 1,No.10 platform,280,yard HN,unrestricted,general,400.0,0.22149999999999992,0.6360102040816327,0,40
809,H1088,flat,18.455,17.3,182.82200714285716,319.2715,spring,92,platform 1,No.0 platform,270,MZ,flat,general,420.0,0.2398297619047619,0.6771185449735451,0,40
847,H1087,flat,15.89,20.773,195.43132257142855,330.08297,spring,76,block assembly group,No.8 platform,350,XZY,unrestricted,general,440.0,0.24981143181818186,0.5583752073469387,0,35
803,H1088,flat,16.7,18.4,176.41428571428568,307.28,spring,92,platform 1,No.10 platform,280,RH,unrestricted,general,400.0,0.23180000000000006,0.6300510204081632,0,39
802,H1087,flat,17.5,18.4,184.23142857142852,322.0,spring,92,platform 1,No.0 platform,270,QS,flat,general,378.0,0.14814814814814814,0.6823386243386241,0,39
880,H1087,curved,13.007,16.37,124.90255685714286,212.92459,spring,39,platform 1,No.10 platform,280,yard ZH,unrestricted,general,400.0,0.467688525,0.4460805602040816,0,36
869,H1088,flat,14.057,15.486,124.97584142857144,217.68670200000003,spring,62,platform 1,No.10 platform,280,yard HN,unrestricted,general,400.0,0.45578324499999995,0.4463422908163266,0,32
874,H1088,flat,24.0,11.0,199.14285714285717,264.0,spring,50,curved surface,45m,240,ZH,flat,general,693.0,0.6190476190476191,0.8297619047619048,1,39
793,H1088,flat,7.9,19.9,130.97714285714284,157.21,spring,85,platform 1,No.10 platform,280,yard HN,unrestricted,general,400.0,0.6069749999999999,0.46777551020408153,0,42
794,H1088,flat,23.8,19.9,240.0,473.62,spring,85,curved surface,45m,240,ZH,flat,general,693.0,0.31656565656565655,1.0,1,42
867,H1088,flat,16.387,11.151,112.25102,182.731437,spring,64,platform 1,No.10 platform,280,yard ZH,unrestricted,general,400.0,0.5431714075,0.4008965,0,29
870,H1088,flat,16.387,11.151,112.25102,182.731437,spring,63,platform 1,No.10 platform,280,yard ZH,unrestricted,general,400.0,0.5431714075,0.4008965,0,29
830,H1087,flat,14.606,16.186,135.80623771428571,236.412716,spring,69,platform 1,No.10 platform,280,yard ZH,flat,general,400.0,0.40896821000000005,0.4850222775510204,0,45
831,H1087,flat,19.167,16.07,178.74822542857146,308.01369000000005,spring,69,platform 1,No.10 platform,280,yard ZH,unrestricted,general,400.0,0.22996577499999987,0.6383865193877553,0,45
857,H1088,flat,21.0,5.15,133.57785714285714,108.15,spring,39,block assembly group,No.8 platform,350,XZY,flat,general,440.0,0.7542045454545455,0.38165102040816323,0,26
828,H1087,flat,16.6,18.9,180.79142857142853,313.74,spring,77,block assembly group,No.8 platform,350,HY,unrestricted,general,440.0,0.2869545454545454,0.5165469387755101,0,25
829,H1087,flat,16.6,18.9,180.79142857142853,313.74,spring,77,platform 1,No.10 platform,280,yard HN,unrestricted,general,400.0,0.21564999999999998,0.6456836734693876,0,25
804,H1088,flat,19.318,18.5,204.41003542857143,357.38300000000004,spring,75,block assembly group,No.8 platform,350,HL,flat,general,440.0,0.187765909090909,0.5840286726530612,0,45
864,H1087,flat,15.117,16.07,139.0767397142857,242.93019,spring,54,curved surface,42m,240,YT,unrestricted,general,324.0,0.25021546296296293,0.5794864154761904,1,24
865,H1087,flat,19.39,16.07,181.2048571428572,311.5973,spring,54,platform 1,No.0 platform,270,QS,flat,general,420.0,0.2581016666666666,0.6711291005291008,0,24
805,H1088,flat,16.142,18.85,175.9676182857143,304.2767,spring,75,platform 1,No.0 platform,270,QS,flat,general,378.0,0.19503518518518517,0.6517319195767196,0,45
861,H1087,flat,15.531,12.2,111.44341742857144,189.4782,spring,62,platform 1,No.10 platform,280,RH,unrestricted,general,400.0,0.5263045000000001,0.39801220510204083,0,24
848,H1087,flat,18.94,12.2,145.01817142857143,231.068,spring,65,platform 1,No.10 platform,280,RH,unrestricted,general,400.0,0.42233,0.5179220408163265,0,27
879,H1087,flat,11.523,8.65,59.31486542857143,99.67395,spring,38,platform 1,No.10 platform,280,RH,flat,general,360.0,0.7231279166666666,0.2118388051020408,0,29
862,H1087,curved,29.101,15.68,240.0,456.30368,spring,61,curved surface,48m,240,HN,curved,general,756.0,0.3964237037037037,1.0,1,51
871,H1088,curved,26.372,14.65,240.0,386.3498,spring,45,curved surface,48m,240,MZ,unrestricted,general,756.0,0.488955291005291,1.0,1,37
797,H1087,flat,20.814,15.31,190.74819885714285,318.66234000000003,spring,67,platform 1,No.0 platform,270,QS,flat,general,420.0,0.24128014285714278,0.7064748105820106,0,50
866,H1087,flat,13.38,17.28,136.46365714285716,231.20640000000003,spring,58,platform 1,No.10 platform,280,RH,unrestricted,general,400.0,0.4219839999999999,0.48737020408163273,0,15
787,H1088,flat,22.2,13.8,195.22285714285712,306.36,spring,70,curved surface,45m,240,ZH,flat,general,693.0,0.5579220779220779,0.8134285714285714,1,40
863,H1087,flat,13.38,17.28,136.46365714285716,231.20640000000003,spring,59,curved surface,48m,240,MZ,unrestricted,general,756.0,0.6941714285714286,0.5685985714285715,1,15
792,H1088,flat,24.839,16.385,240.0,406.98701500000004,spring,84,curved surface,45m,240,ZH,flat,general,693.0,0.41271715007215,1.0,1,40
843,H1087,flat,26.0,13.72,240.0,356.72,spring,55,curved surface,48m,240,MZ,unrestricted,general,756.0,0.5281481481481481,1.0,1,25
842,H1088,flat,14.342,13.72,112.55181828571428,196.77224,spring,55,platform 1,No.10 platform,280,RH,unrestricted,general,400.0,0.5080694,0.4019707795918367,0,25
859,H1087,flat,5.59,17.008,91.57718971428572,95.07472,spring,49,curved surface,48m,240,MZ,unrestricted,general,462.0,0.7942105627705628,0.38157162380952386,1,28
858,H1088,flat,17.18,16.97,166.60951428571428,291.5446,spring,49,block assembly group,No.8 platform,350,HL,flat,general,440.0,0.3373986363636364,0.47602718367346936,0,28
878,H1087,flat,15.0,10.3,94.59714285714288,154.5,spring,41,block assembly group,No.8 platform,350,HL,flat,general,440.0,0.6488636363636363,0.27027755102040824,0,23
877,H1087,flat,12.6,10.3,75.67142857142858,129.78,spring,41,platform 1,No.0 platform,270,QS,flat,general,420.0,0.6910000000000001,0.28026455026455027,0,23
760,H1088,flat,17.566,15.678,158.3897257142857,275.399748,spring,82,curved surface,45m,240,ZH,flat,general,420.0,0.3442863142857143,0.6599571904761904,1,49
759,H1088,flat,19.932,15.976,186.43348571428567,318.433632,spring,83,platform 1,No.0 platform,270,MZ,flat,general,420.0,0.24182468571428575,0.6904943915343914,0,51
849,H1087,flat,13.809,15.686,124.78259342857142,216.60797399999998,spring,52,platform 1,No.10 platform,280,RH,flat,general,360.0,0.3983111833333334,0.44565211938775506,0,22
850,H1087,flat,18.919,15.5,170.90816028571427,293.2445,spring,52,block assembly group,No.8 platform,350,HY,unrestricted,general,440.0,0.3335352272727272,0.48830902938775506,0,22
795,H1087,flat,8.82,15.798,93.5340582857143,139.33836,spring,64,platform 1,No.10 platform,280,RH,unrestricted,general,400.0,0.6516541000000001,0.33405020816326536,0,22
796,H1087,flat,15.59,15.978,142.38416685714284,249.09702,spring,64,platform 1,No.0 platform,270,QS,flat,general,378.0,0.34101317460317465,0.5273487661375661,0,22
765,H1087,flat,18.618,14.354,157.90492571428572,267.24277199999995,spring,78,block assembly group,No.8 platform,350,HY,flat,general,440.0,0.39263006363636377,0.45115693061224493,0,47
761,H1088,flat,22.828,14.354,207.75854285714288,327.67311199999995,spring,79,curved surface,48m,240,MZ,unrestricted,general,756.0,0.5665699576719577,0.8656605952380954,1,48
853,H1088,curved,7.416,16.884,97.16186057142856,125.21174400000001,spring,49,block assembly group,No.8 platform,350,HY,unrestricted,general,440.0,0.7154278545454545,0.27760531591836735,0,22
852,H1088,flat,19.167,16.931,186.86647142857143,324.51647700000007,spring,49,block assembly group,No.8 platform,350,XZY,unrestricted,general,440.0,0.26246255227272713,0.5339042040816326,0,22
873,H1088,flat,6.767,14.288,71.41120942857144,96.686896,spring,46,block assembly group,No.8 platform,350,HY,flat,general,440.0,0.7802570545454546,0.20403202693877553,0,18
872,H1088,flat,16.086,14.292,132.29161714285712,229.90111199999998,spring,46,platform 1,No.0 platform,270,MZ,flat,general,420.0,0.45261640000000003,0.4899689523809523,0,18
824,H1088,flat,10.53,15.97,104.54908571428572,168.1641,spring,54,block assembly group,No.8 platform,350,HL,flat,general,440.0,0.6178088636363637,0.29871167346938776,0,15
812,H1087,flat,15.5,21.0,194.64285714285717,325.5,spring,48,platform 1,No.0 platform,270,QS,flat,general,378.0,0.1388888888888889,0.720899470899471,0,30
815,H1087,flat,13.7,18.32,149.51782857142857,250.98399999999998,spring,58,platform 1,No.0 platform,270,QS,flat,general,378.0,0.33602116402116405,0.5537697354497354,0,31
811,H1087,flat,22.5,18.32,240.0,412.2,spring,59,curved surface,48m,240,MZ,unrestricted,general,756.0,0.45476190476190476,1.0,1,31
825,H1088,flat,8.95,15.97,95.75525714285716,142.9315,spring,52,platform 1,No.10 platform,280,yard ZH,unrestricted,general,400.0,0.6426712499999999,0.34198306122448985,0,15
789,H1088,flat,14.5,18.79,160.94688571428574,272.455,spring,59,platform 1,No.10 platform,280,RH,flat,general,360.0,0.2431805555555556,0.5748103061224491,0,25
788,H1088,flat,16.6,18.79,179.6068857142857,311.914,spring,59,platform 1,No.10 platform,280,yard HN,flat,general,360.0,0.13357222222222226,0.6414531632653061,0,25
838,H1088,flat,13.38,18.79,152.02528571428573,251.4102,spring,48,platform 1,No.10 platform,280,RH,flat,general,360.0,0.30163833333333334,0.5429474489795919,0,15
839,H1088,flat,13.38,18.79,152.02528571428573,251.4102,spring,48,platform 1,No.0 platform,270,MZ,flat,general,420.0,0.4014042857142857,0.5630566137566139,0,15
844,H1087,curved,19.76,18.47,209.02814285714288,364.9672,spring,38,platform 1,No.10 platform,280,yard HN,curved,fixed,400.0,0.08758200000000002,0.7465290816326532,0,21
777,H1088,flat,20.5,18.8,221.05428571428573,385.40000000000003,spring,59,platform 1,No.0 platform,270,QS,flat,general,420.0,0.0823809523809523,0.8187195767195767,0,34
771,H1088,flat,15.6,20.0,183.81714285714287,312.0,spring,69,platform 1,No.0 platform,270,QS,flat,general,378.0,0.1746031746031746,0.6808042328042329,0,23
772,H1088,curved,15.6,20.0,183.81714285714287,312.0,spring,69,platform 1,No.10 platform,280,yard HN,curved,fixed,400.0,0.22,0.6564897959183674,0,23
820,H1088,flat,21.1,18.1,220.80571428571437,381.9100000000001,spring,42,block assembly group,No.8 platform,350,HY,flat,general,440.0,0.1320227272727271,0.6308734693877553,0,29
821,H1088,flat,20.9,18.1,218.4057142857143,378.29,spring,41,curved surface,48m,240,MZ,unrestricted,general,462.0,0.18119047619047615,0.9100238095238097,1,29
766,H1087,flat,10.8,20.0,147.61142857142858,216.0,spring,63,platform 1,No.0 platform,270,QS,flat,general,378.0,0.42857142857142855,0.5467089947089947,0,29
776,H1088,flat,15.2,18.8,166.99428571428572,285.76,spring,58,curved surface,48m,240,MZ,unrestricted,general,756.0,0.622010582010582,0.6958095238095239,1,34
875,H1087,flat,13.792,9.4,79.59407542857141,129.6448,spring,28,curved surface,48m,240,MZ,unrestricted,general,756.0,0.8285121693121693,0.3316419809523809,1,18
876,H1087,flat,16.655,9.4,104.49972142857143,156.55700000000002,spring,28,platform 1,No.10 platform,280,yard ZH,unrestricted,general,400.0,0.6086075,0.37321329081632654,0,18
767,H1087,flat,10.8,20.0,147.61142857142858,216.0,spring,62,platform 1,No.10 platform,280,yard ZH,unrestricted,general,400.0,0.46,0.5271836734693878,0,28
779,H1087,flat,14.4,17.28,144.55954285714287,248.83200000000002,spring,60,block assembly group,No.8 platform,350,HY,unrestricted,general,440.0,0.43447272727272723,0.4130272653061225,0,31
778,H1088,flat,14.6,17.28,146.21668571428572,252.288,spring,60,platform 1,No.0 platform,270,MZ,unrestricted,general,420.0,0.3993142857142857,0.5415432804232805,0,31
840,H1088,flat,23.857,9.5,188.40184257142852,226.6415,spring,36,curved surface,45m,240,ZH,flat,general,693.0,0.6729559884559885,0.7850076773809521,1,30
836,H1088,flat,18.0,8.3,112.25428571428571,149.4,spring,36,block assembly group,No.8 platform,350,flexible,unrestricted,general,440.0,0.6604545454545455,0.3207265306122449,0,30
841,H1088,flat,13.9,8.3,74.88571428571429,115.37000000000002,spring,35,block assembly group,No.8 platform,350,HY,flat,general,440.0,0.7377954545454546,0.2139591836734694,0,30
845,H1087,flat,19.0,14.248,161.1444297142857,270.712,spring,35,platform 1,No.10 platform,280,yard HN,flat,general,360.0,0.24802222222222226,0.5755158204081633,0,18
791,H1088,flat,6.662,14.583,73.44175228571429,97.151946,spring,43,platform 1,No.10 platform,280,yard HN,flat,general,360.0,0.7301334833333333,0.2622919724489796,0,36
790,H1088,curved,16.055,14.575,134.34104285714284,234.001625,spring,43,platform 1,No.10 platform,280,RH,curved,fixed,400.0,0.4149959375,0.4797894387755101,0,36
832,H1087,flat,23.0,7.3,166.3685714285714,167.9,spring,41,curved surface,45m,240,ZH,flat,general,693.0,0.7577200577200578,0.6932023809523808,1,17
833,H1087,flat,13.889,7.3,70.34123457142856,101.38969999999999,spring,41,block assembly group,No.8 platform,350,XZY,flat,general,440.0,0.7695688636363637,0.2009749559183673,0,17
846,H1087,flat,10.441,14.248,89.14856714285715,148.763368,spring,35,block assembly group,No.8 platform,350,XZY,unrestricted,general,440.0,0.6619014363636363,0.2547101918367347,0,18
783,H1087,flat,7.507,14.276,74.33120714285714,107.16993199999999,spring,52,platform 1,No.0 platform,270,MZ,unrestricted,general,420.0,0.7448334952380952,0.2753007671957672,0,20
784,H1087,flat,14.445,14.246,117.60186885714286,205.78347000000002,spring,52,platform 1,No.10 platform,280,RH,unrestricted,general,400.0,0.48554132499999997,0.42000667448979595,0,20
816,H1087,flat,13.412,19.5,160.03764114285715,261.534,spring,45,block assembly group,No.8 platform,350,flexible,unrestricted,general,440.0,0.4056045454545455,0.45725040326530614,0,16
817,H1087,curved,13.412,19.5,160.03764114285715,261.534,spring,45,platform 1,No.0 platform,270,MZ,curved,fixed,420.0,0.3773,0.5927320042328043,0,16
798,H1087,flat,9.8,18.5,125.22571428571428,181.3,spring,37,block assembly group,No.8 platform,350,HL,flat,general,440.0,0.5879545454545454,0.3577877551020408,0,34
834,H1087,flat,16.106,12.2,116.64092457142858,196.4932,spring,31,block assembly group,No.8 platform,350,flexible,unrestricted,general,440.0,0.5534245454545454,0.33325978448979593,0,22
780,H1087,flat,13.1,18.5,146.81714285714287,242.35,spring,47,platform 1,No.10 platform,280,yard HN,flat,general,360.0,0.32680555555555557,0.5243469387755102,0,43
835,H1088,curved,24.07,12.2,208.05854285714284,293.654,spring,31,curved surface,48m,240,HN,curved,general,756.0,0.611568783068783,0.8669105952380952,1,22
818,H1087,flat,7.062,14.636,75.45266857142857,103.359432,spring,35,block assembly group,No.8 platform,350,HY,flat,general,440.0,0.7650922000000001,0.2155790530612245,0,25
813,H1087,flat,17.596,14.575,149.15709742857143,256.4617,spring,36,platform 1,No.10 platform,280,yard ZH,flat,general,400.0,0.35884574999999996,0.5327039193877551,0,27
800,H1087,flat,8.0,21.0,144.28571428571428,168.0,spring,36,platform 1,No.0 platform,270,QS,flat,general,420.0,0.6,0.5343915343915343,0,29
799,H1087,curved,20.5,21.0,240.0,430.5,spring,36,curved surface,48m,240,HN,curved,general,756.0,0.4305555555555556,1.0,1,29
762,H1088,flat,28.614,19.075,240.0,545.81205,spring,58,curved surface,45m,240,ZH,flat,general,693.0,0.21239242424242424,1.0,1,34
851,H1088,flat,24.366,16.385,240.0,399.23691,spring,24,curved surface,48m,240,MZ,unrestricted,general,756.0,0.4719088492063492,1.0,1,15
774,H1088,flat,17.8,16.0,163.66857142857145,284.8,spring,52,curved surface,45m,240,ZH,flat,general,420.0,0.32190476190476186,0.6819523809523811,1,32
773,H1088,flat,20.1,16.0,188.5742857142857,321.6,spring,52,platform 1,No.0 platform,270,MZ,flat,general,420.0,0.23428571428571424,0.6984232804232804,0,32
769,H1087,flat,21.0,18.1,219.6028571428572,380.1,spring,55,platform 1,No.0 platform,270,MZ,flat,general,420.0,0.09499999999999995,0.8133439153439156,0,25
770,H1087,flat,21.0,18.1,219.6028571428572,380.1,spring,55,block assembly group,No.8 platform,350,flexible,unrestricted,general,440.0,0.13613636363636358,0.6274367346938777,0,25
827,H1087,flat,7.281,14.575,75.84102457142856,106.12057499999999,spring,29,platform 1,No.0 platform,270,MZ,unrestricted,general,420.0,0.7473319642857144,0.28089268359788355,0,24
826,H1088,curved,17.548,14.578,148.70011085714285,255.81474399999996,spring,29,platform 1,No.10 platform,280,RH,curved,fixed,400.0,0.36046314000000007,0.5310718244897958,0,27
801,H1087,flat,16.6,19.5,187.3742857142857,323.70000000000005,spring,38,block assembly group,No.8 platform,350,HL,unrestricted,general,440.0,0.26431818181818173,0.5353551020408163,0,30
755,H1088,flat,10.5,18.9,133.55999999999997,198.45,spring,56,platform 1,No.0 platform,270,MZ,flat,general,420.0,0.5275000000000001,0.4946666666666666,0,29
756,H1088,flat,10.5,18.9,133.55999999999997,198.45,spring,56,platform 1,No.10 platform,280,yard ZH,unrestricted,general,400.0,0.5038750000000001,0.4769999999999999,0,29
806,H1088,flat,14.7,19.5,170.38285714285712,286.65,spring,37,platform 1,No.10 platform,280,yard ZH,unrestricted,general,400.0,0.28337500000000004,0.6085102040816326,0,30
814,H1087,flat,21.0,8.6,147.1314285714286,180.6,spring,30,platform 1,No.0 platform,270,MZ,unrestricted,general,420.0,0.5700000000000001,0.5449312169312169,0,18
855,H1088,flat,9.215,10.9,58.20749285714286,100.4435,spring,25,block assembly group,No.8 platform,350,HY,unrestricted,general,440.0,0.7717193181818183,0.1663071224489796,0,19
854,H1088,flat,15.665,11.094,105.27687457142856,173.78750999999997,spring,25,block assembly group,No.8 platform,350,HL,flat,general,440.0,0.6050283863636363,0.30079107020408163,0,19
775,H1088,flat,16.588,12.377,122.38624942857145,205.30967600000002,spring,36,block assembly group,No.8 platform,350,HY,unrestricted,general,440.0,0.5333870999999999,0.349674998367347,0,35
860,H1087,flat,8.709,14.287,79.9900142857143,124.425483,spring,21,platform 1,No.10 platform,280,yard HN,flat,general,360.0,0.6543736583333334,0.2856786224489796,0,16
837,H1088,flat,16.231,14.307,133.75303142857143,232.21691700000002,spring,26,platform 1,No.10 platform,280,RH,unrestricted,general,400.0,0.41945770749999994,0.4776893979591837,0,18
763,H1087,curved,15.6,18.9,171.59142857142857,294.84,spring,55,platform 1,No.10 platform,280,yard HN,curved,fixed,400.0,0.2629000000000001,0.6128265306122449,0,32
764,H1087,flat,15.6,18.9,171.59142857142857,294.84,spring,55,platform 1,No.10 platform,280,yard HN,flat,general,360.0,0.18100000000000008,0.6128265306122449,0,32
785,H1087,flat,12.0,12.3,84.36857142857143,147.60000000000002,spring,46,platform 1,No.10 platform,280,yard ZH,flat,general,400.0,0.6309999999999999,0.30131632653061224,0,28
786,H1087,flat,10.219,12.3,73.06227457142857,125.6937,spring,46,platform 1,No.10 platform,280,yard ZH,unrestricted,general,400.0,0.68576575,0.2609366948979592,0,28
736,H1087,curved,11.523,8.65,59.31486542857143,99.67395,spring,65,platform 1,No.10 platform,280,RH,curved,fixed,400.0,0.750815125,0.2118388051020408,0,28
808,H1088,curved,11.2,17.72,125.55382857142855,198.46399999999997,spring,34,platform 1,No.10 platform,280,RH,curved,fixed,400.0,0.5038400000000001,0.44840653061224484,0,16
807,H1088,flat,13.412,17.72,141.10861257142855,237.66064,spring,34,platform 1,No.10 platform,280,yard HN,unrestricted,general,360.0,0.33983155555555555,0.5039593306122448,0,16
685,H1087,flat,12.0,5.487,49.74490542857143,65.844,spring,66,curved surface,42m,240,YT,unrestricted,general,324.0,0.7967777777777778,0.2072704392857143,1,41
725,H1088,flat,16.13,18.505,172.1748357142857,298.48564999999996,spring,65,platform 1,No.0 platform,270,QS,flat,general,420.0,0.28931988095238104,0.6376845767195767,0,42
726,H1088,flat,23.777,18.85,240.0,448.19645,spring,65,curved surface,48m,240,MZ,unrestricted,general,756.0,0.4071475529100529,1.0,1,42
741,H1088,flat,5.23,16.375,84.42672142857143,85.64125000000001,spring,60,platform 1,No.0 platform,270,QS,flat,general,378.0,0.7734358465608465,0.31269156084656086,0,35
742,H1088,flat,15.0,16.375,140.89732142857142,245.625,spring,60,block assembly group,No.8 platform,350,HY,flat,general,440.0,0.44176136363636365,0.40256377551020406,0,35
656,H1087,flat,21.0,18.1,219.6028571428572,380.1,spring,86,block assembly group,No.8 platform,350,HL,flat,general,440.0,0.13613636363636358,0.6274367346938777,0,26
657,H1087,flat,21.0,18.1,219.6028571428572,380.1,spring,86,block assembly group,No.8 platform,350,flexible,unrestricted,general,440.0,0.13613636363636358,0.6274367346938777,0,26
781,H1087,curved,16.252,5.15,83.04285828571427,83.6978,spring,40,platform 1,No.0 platform,270,MZ,curved,fixed,420.0,0.8007195238095237,0.30756614179894176,0,30
782,H1087,flat,16.252,5.15,83.04285828571427,83.6978,spring,40,platform 1,No.10 platform,280,yard ZH,flat,general,400.0,0.7907555,0.29658163673469384,0,30
697,H1088,flat,16.6,18.9,180.79142857142853,313.74,summer,80,platform 1,No.10 platform,280,yard HN,flat,general,360.0,0.12849999999999998,0.6456836734693876,0,24
698,H1088,flat,16.6,18.9,180.79142857142853,313.74,summer,80,block assembly group,No.8 platform,350,HL,flat,general,440.0,0.2869545454545454,0.5165469387755101,0,24
768,H1087,flat,13.007,16.37,124.90255685714286,212.92459,summer,28,platform 1,No.10 platform,280,yard HN,unrestricted,general,400.0,0.467688525,0.4460805602040816,0,22
671,H1087,flat,11.2,20.0,150.12571428571428,224.0,summer,76,block assembly group,No.8 platform,350,flexible,unrestricted,general,440.0,0.4909090909090909,0.4289306122448979,0,35
746,H1088,flat,24.0,11.0,199.14285714285717,264.0,summer,47,curved surface,45m,240,ZH,flat,general,693.0,0.6190476190476191,0.8297619047619048,1,38
678,H1088,flat,19.9,20.0,227.43142857142857,398.0,summer,75,curved surface,48m,240,MZ,unrestricted,general,462.0,0.13852813852813853,0.9476309523809524,1,35
666,H1088,flat,19.155,12.423,148.9271297142857,237.962565,summer,76,block assembly group,No.8 platform,350,HY,flat,general,440.0,0.4591759886363636,0.42550608489795916,0,39
667,H1087,flat,21.56,12.423,176.9041511428571,267.83988,summer,76,block assembly group,No.8 platform,350,flexible,unrestricted,general,440.0,0.39127300000000004,0.5054404318367346,0,39
636,H1087,flat,15.117,16.07,139.0767397142857,242.93019,summer,87,block assembly group,No.8 platform,350,flexible,unrestricted,general,440.0,0.4478859318181818,0.3973621134693877,0,25
643,H1088,flat,19.39,16.07,181.2048571428572,311.5973,summer,86,platform 1,No.0 platform,270,MZ,flat,general,420.0,0.2581016666666666,0.6711291005291008,0,24
595,H1088,flat,18.4,18.9,198.79142857142853,347.75999999999993,summer,86,platform 1,No.10 platform,280,yard ZH,flat,general,400.0,0.13060000000000016,0.7099693877551019,0,43
600,H1088,flat,19.5,18.9,210.7028571428571,368.54999999999995,summer,83,platform 1,No.0 platform,270,MZ,unrestricted,general,420.0,0.12250000000000011,0.7803809523809523,0,43
683,H1087,flat,7.9,19.9,130.97714285714284,157.21,summer,74,platform 1,No.0 platform,270,QS,flat,general,378.0,0.5841005291005291,0.48510052910052903,0,40
684,H1087,flat,23.8,19.9,240.0,473.62,summer,74,curved surface,45m,240,ZH,flat,general,693.0,0.31656565656565655,1.0,1,40
747,H1087,flat,13.9,8.3,74.88571428571429,115.37000000000002,summer,48,block assembly group,No.8 platform,350,HY,unrestricted,general,440.0,0.7377954545454546,0.2139591836734694,0,28
748,H1087,flat,18.0,8.3,112.25428571428571,149.4,summer,48,platform 1,No.10 platform,280,RH,unrestricted,general,400.0,0.6265,0.40090816326530615,0,28
596,H1088,flat,20.0,18.4,211.01714285714283,368.0,summer,85,curved surface,48m,240,MZ,unrestricted,general,756.0,0.5132275132275133,0.8792380952380952,1,45
711,H1088,flat,23.857,9.5,188.40184257142852,226.6415,summer,56,curved surface,45m,240,ZH,flat,general,693.0,0.6729559884559885,0.7850076773809521,1,34
753,H1087,flat,14.057,15.486,124.97584142857144,217.68670200000003,summer,46,platform 1,No.0 platform,270,MZ,unrestricted,general,420.0,0.4816983285714285,0.4628734867724868,0,37
754,H1087,curved,20.177,15.486,184.83643571428573,312.461022,summer,46,platform 1,No.0 platform,270,MZ,curved,fixed,420.0,0.2560451857142857,0.6845793915343916,0,37
658,H1087,flat,30.66,9.4,240.0,288.204,summer,78,curved surface,45m,240,ZH,flat,general,693.0,0.5841212121212122,1.0,1,31
659,H1088,flat,30.66,9.4,240.0,288.204,summer,78,curved surface,45m,240,ZH,flat,general,693.0,0.5841212121212122,1.0,1,31
589,H1087,flat,20.0,18.4,211.01714285714283,368.0,summer,86,curved surface,45m,240,ZH,flat,general,420.0,0.12380952380952381,0.8792380952380952,1,45
668,H1087,flat,20.0,5.15,121.86357142857142,103.0,summer,58,platform 1,No.10 platform,280,yard HN,flat,general,360.0,0.7138888888888889,0.4352270408163265,0,41
613,H1088,flat,15.117,16.07,139.0767397142857,242.93019,summer,86,block assembly group,No.8 platform,350,HL,flat,general,440.0,0.4478859318181818,0.3973621134693877,0,25
614,H1088,flat,19.39,16.07,181.2048571428572,311.5973,summer,86,platform 1,No.10 platform,280,RH,unrestricted,general,400.0,0.22100674999999995,0.6471602040816329,0,25
687,H1087,flat,20.814,15.31,190.74819885714285,318.66234000000003,summer,63,block assembly group,No.8 platform,350,HY,flat,general,440.0,0.275767409090909,0.544994853877551,0,33
679,H1088,flat,15.89,20.773,195.43132257142855,330.08297,summer,74,curved surface,48m,240,MZ,unrestricted,general,756.0,0.5633823148148148,0.8142971773809523,1,33
699,H1087,flat,24.366,16.385,240.0,399.23691,summer,64,curved surface,48m,240,MZ,unrestricted,general,756.0,0.4719088492063492,1.0,1,38
680,H1088,flat,11.65,20.773,162.0685797142857,242.00545,summer,74,block assembly group,No.8 platform,350,flexible,unrestricted,general,440.0,0.44998761363636364,0.46305308489795916,0,33
692,H1088,flat,24.839,16.385,240.0,406.98701500000004,summer,66,curved surface,45m,240,ZH,flat,general,693.0,0.41271715007215,1.0,1,39
700,H1087,curved,14.606,16.186,135.80623771428571,236.412716,summer,60,platform 1,No.10 platform,280,yard ZH,curved,fixed,400.0,0.40896821000000005,0.4850222775510204,0,26
701,H1087,flat,19.167,16.07,178.74822542857146,308.01369000000005,summer,60,platform 1,No.0 platform,270,MZ,unrestricted,general,420.0,0.2666340714285713,0.6620304645502647,0,26
686,H1087,flat,18.5,15.5,166.42857142857142,286.75,summer,65,platform 1,No.0 platform,270,QS,flat,general,378.0,0.2414021164021164,0.6164021164021164,0,32
615,H1088,flat,18.5,15.698,168.1934868571429,290.413,summer,83,platform 1,No.10 platform,280,RH,flat,general,360.0,0.1932972222222222,0.600691024489796,0,32
727,H1088,curved,26.372,14.65,240.0,386.3498,summer,50,curved surface,48m,240,HN,curved,general,756.0,0.488955291005291,1.0,1,35
728,H1088,flat,26.372,14.65,240.0,386.3498,summer,50,curved surface,48m,240,MZ,unrestricted,general,756.0,0.488955291005291,1.0,1,35
745,H1088,curved,18.3,18.2,190.32285714285717,333.06,summer,48,platform 1,No.10 platform,280,yard ZH,curved,fixed,400.0,0.16735,0.6797244897959185,0,21
693,H1088,flat,12.4,19.6,153.6914285714286,243.04000000000002,summer,55,platform 1,No.10 platform,280,yard HN,flat,general,360.0,0.32488888888888884,0.5488979591836736,0,39
694,H1088,flat,12.4,19.6,153.6914285714286,243.04000000000002,summer,55,block assembly group,No.8 platform,350,flexible,unrestricted,general,440.0,0.4476363636363636,0.4391183673469388,0,39
661,H1088,flat,6.45,21.691,146.31485171428568,139.90695,summer,67,block assembly group,No.8 platform,350,XZY,unrestricted,general,440.0,0.6820296590909091,0.41804243346938763,0,55
628,H1088,curved,9.8,18.5,125.22571428571428,181.3,summer,81,platform 1,No.10 platform,280,yard ZH,curved,fixed,400.0,0.54675,0.447234693877551,0,42
629,H1088,flat,13.1,18.5,146.81714285714287,242.35,summer,81,platform 1,No.10 platform,280,yard ZH,unrestricted,general,400.0,0.394125,0.5243469387755102,0,42
719,H1087,flat,20.814,15.31,190.74819885714285,318.66234000000003,summer,54,platform 1,No.0 platform,270,MZ,unrestricted,general,420.0,0.24128014285714278,0.7064748105820106,0,33
660,H1088,flat,20.852,21.691,240.0,452.300732,summer,67,curved surface,48m,240,MZ,unrestricted,general,462.0,0.02099408658008662,1.0,1,55
720,H1087,flat,23.857,9.5,188.40184257142852,226.6415,summer,51,curved surface,48m,240,MZ,unrestricted,general,756.0,0.7002096560846561,0.7850076773809521,1,34
650,H1088,flat,15.6,20.0,183.81714285714287,312.0,summer,77,block assembly group,No.8 platform,350,flexible,unrestricted,general,440.0,0.2909090909090909,0.5251918367346939,0,23
651,H1087,flat,15.6,20.0,183.81714285714287,312.0,summer,77,platform 1,No.10 platform,280,yard HN,unrestricted,general,400.0,0.22,0.6564897959183674,0,23
712,H1088,flat,19.318,18.5,204.41003542857143,357.38300000000004,summer,54,platform 1,No.0 platform,270,MZ,unrestricted,general,420.0,0.14908809523809516,0.7570742052910053,0,44
730,H1088,flat,8.6,20.5,141.20285714285714,176.29999999999998,summer,56,block assembly group,No.8 platform,350,HY,flat,general,440.0,0.599318181818182,0.40343673469387753,0,32
729,H1088,flat,14.8,20.5,182.6542857142857,303.40000000000003,summer,56,block assembly group,No.8 platform,350,HY,flat,general,440.0,0.31045454545454537,0.5218693877551019,0,32
713,H1088,flat,16.142,18.85,175.9676182857143,304.2767,summer,53,platform 1,No.10 platform,280,yard HN,flat,general,360.0,0.15478694444444444,0.6284557795918368,0,44
731,H1087,flat,11.523,8.65,59.31486542857143,99.67395,summer,47,platform 1,No.0 platform,270,MZ,flat,general,420.0,0.7626810714285714,0.2196846867724868,0,28
705,H1087,flat,20.9,18.1,218.4057142857143,378.29,summer,53,block assembly group,No.8 platform,350,HL,unrestricted,general,440.0,0.14024999999999996,0.6240163265306123,0,28
706,H1087,flat,20.9,18.1,218.4057142857143,378.29,summer,53,block assembly group,No.8 platform,350,XZY,flat,general,440.0,0.14024999999999996,0.6240163265306123,0,28
707,H1088,flat,21.1,18.1,220.80571428571437,381.9100000000001,summer,53,block assembly group,No.8 platform,350,HL,unrestricted,general,440.0,0.1320227272727271,0.6308734693877553,0,28
708,H1088,flat,21.1,18.1,220.80571428571437,381.9100000000001,summer,53,block assembly group,No.8 platform,350,flexible,unrestricted,general,440.0,0.1320227272727271,0.6308734693877553,0,28
695,H1088,flat,15.0,15.97,137.15454285714287,239.55,summer,65,platform 1,No.10 platform,280,RH,unrestricted,general,400.0,0.40112499999999995,0.48983765306122456,0,12
696,H1088,flat,16.0,15.97,146.01168571428573,255.52,summer,65,curved surface,48m,240,MZ,unrestricted,general,462.0,0.4469264069264069,0.6083820238095239,1,12
703,H1087,flat,7.062,14.636,75.45266857142857,103.359432,summer,55,platform 1,No.10 platform,280,RH,unrestricted,general,400.0,0.7416014200000001,0.2694738163265306,0,33
749,H1087,flat,13.792,9.4,79.59407542857141,129.6448,summer,42,platform 1,No.10 platform,280,RH,unrestricted,general,400.0,0.6758879999999999,0.2842645551020408,0,17
750,H1087,flat,13.792,9.4,79.59407542857141,129.6448,summer,42,platform 1,No.0 platform,270,QS,flat,general,378.0,0.6570243386243386,0.2947928719576719,0,17
743,H1088,flat,8.276,16.07,93.35345028571427,132.99532,summer,47,platform 1,No.10 platform,280,yard HN,flat,general,360.0,0.6305685555555556,0.3334051795918367,0,22
751,H1087,flat,16.655,9.4,104.49972142857143,156.55700000000002,summer,42,block assembly group,No.8 platform,350,HL,flat,general,440.0,0.6441886363636363,0.2985706326530612,0,17
752,H1087,flat,16.655,9.4,104.49972142857143,156.55700000000002,summer,42,block assembly group,No.8 platform,350,flexible,unrestricted,general,440.0,0.6441886363636363,0.2985706326530612,0,17
744,H1088,flat,15.186,16.07,139.67414171428572,244.03902,summer,47,curved surface,48m,240,MZ,unrestricted,general,756.0,0.6771970634920635,0.5819755904761905,1,22
702,H1087,flat,17.596,14.575,149.15709742857143,256.4617,summer,55,platform 1,No.10 platform,280,yard HN,flat,general,360.0,0.28760638888888884,0.5327039193877551,0,33
733,H1087,flat,5.59,17.008,91.57718971428572,95.07472,summer,45,platform 1,No.10 platform,280,yard HN,flat,general,360.0,0.7359035555555555,0.3270613918367347,0,26
732,H1087,flat,17.18,16.97,166.60951428571428,291.5446,summer,45,block assembly group,No.8 platform,350,HL,flat,general,440.0,0.3373986363636364,0.47602718367346936,0,26
709,H1088,curved,16.387,11.151,112.25102,182.731437,summer,55,curved surface,42m,240,YT,unrestricted,general,324.0,0.43601408333333336,0.4677125833333333,1,22
704,H1087,flat,16.387,11.151,112.25102,182.731437,summer,55,platform 1,No.10 platform,280,yard ZH,flat,general,400.0,0.5431714075,0.4008965,0,22
740,H1088,flat,14.0,10.3,86.31142857142858,144.20000000000002,summer,47,platform 1,No.10 platform,280,RH,unrestricted,general,400.0,0.6395,0.30825510204081635,0,22
715,H1087,flat,7.281,14.575,75.84102457142856,106.12057499999999,summer,53,curved surface,45m,240,ZH,flat,general,420.0,0.7473319642857144,0.316004269047619,1,31
739,H1088,flat,12.6,10.3,75.67142857142858,129.78,summer,47,platform 1,No.0 platform,270,QS,flat,general,378.0,0.6566666666666666,0.28026455026455027,0,22
737,H1087,flat,8.276,16.07,93.35345028571427,132.99532,summer,47,platform 1,No.0 platform,270,QS,flat,general,378.0,0.6481605291005291,0.3457535195767195,0,22
738,H1087,flat,15.186,16.07,139.67414171428572,244.03902,summer,47,platform 1,No.0 platform,270,QS,flat,general,420.0,0.4189547142857143,0.517311635978836,0,22
714,H1088,flat,17.548,14.578,148.70011085714285,255.81474399999996,summer,53,platform 1,No.0 platform,270,MZ,flat,general,420.0,0.3909172761904763,0.5507411513227513,0,31
682,H1088,curved,16.7,18.4,176.41428571428568,307.28,summer,60,platform 1,No.10 platform,280,yard ZH,curved,fixed,400.0,0.23180000000000006,0.6300510204081632,0,38
681,H1088,flat,17.5,18.4,184.23142857142852,322.0,summer,60,block assembly group,No.8 platform,350,HL,unrestricted,general,440.0,0.2681818181818182,0.5263755102040815,0,38
722,H1087,flat,5.59,17.008,91.57718971428572,95.07472,summer,46,platform 1,No.0 platform,270,QS,flat,general,420.0,0.773631619047619,0.33917477671957674,0,27
721,H1087,flat,17.18,16.97,166.60951428571428,291.5446,summer,46,platform 1,No.10 platform,280,yard HN,flat,general,360.0,0.19015388888888887,0.5950339795918367,0,27
688,H1087,flat,14.308,15.97,131.35993257142857,228.49876,summer,64,block assembly group,No.8 platform,350,XZY,unrestricted,general,440.0,0.48068463636363634,0.3753140930612245,0,14
689,H1087,flat,14.308,15.97,131.35993257142857,228.49876,summer,64,platform 1,No.10 platform,280,yard HN,flat,general,360.0,0.3652812222222222,0.4691426163265306,0,14
670,H1087,flat,17.0,17.3,168.08285714285714,294.1,summer,62,curved surface,45m,240,ZH,flat,general,693.0,0.5756132756132756,0.7003452380952381,1,40
735,H1087,flat,13.0,10.3,78.59714285714287,133.9,summer,47,block assembly group,No.8 platform,350,HL,flat,general,440.0,0.6956818181818182,0.2245632653061225,0,22
734,H1087,flat,12.6,10.3,75.67142857142858,129.78,summer,47,platform 1,No.0 platform,270,QS,flat,general,378.0,0.6566666666666666,0.28026455026455027,0,22
669,H1087,flat,18.455,17.3,182.82200714285716,319.2715,summer,62,platform 1,No.10 platform,280,yard HN,unrestricted,general,360.0,0.11313472222222222,0.6529357397959185,0,40
716,H1087,flat,25.0,13.72,232.35382857142852,343.0,summer,45,curved surface,45m,240,ZH,flat,general,693.0,0.5050505050505051,0.9681409523809522,1,26
710,H1088,flat,24.0,13.72,218.35382857142852,329.28000000000003,summer,44,curved surface,45m,240,ZH,flat,general,693.0,0.5248484848484848,0.9098076190476189,1,25
665,H1088,flat,6.662,14.583,73.44175228571429,97.151946,summer,59,platform 1,No.0 platform,270,MZ,unrestricted,general,420.0,0.7686858428571428,0.2720064899470899,0,35
664,H1088,curved,16.055,14.575,134.34104285714284,234.001625,summer,59,platform 1,No.10 platform,280,yard HN,curved,fixed,400.0,0.4149959375,0.4797894387755101,0,35
723,H1088,flat,18.0,14.248,150.57300114285712,256.464,summer,44,platform 1,No.10 platform,280,yard HN,unrestricted,general,400.0,0.35884,0.5377607183673468,0,19
724,H1088,flat,10.441,14.248,89.14856714285715,148.763368,summer,44,platform 1,No.0 platform,270,QS,flat,general,420.0,0.6458015047619047,0.33017987830687834,0,19
690,H1087,flat,14.606,16.186,135.80623771428571,236.412716,summer,45,platform 1,No.10 platform,280,yard HN,flat,general,360.0,0.34329801111111113,0.4850222775510204,0,26
691,H1088,curved,19.167,16.07,178.74822542857146,308.01369000000005,summer,45,platform 1,No.0 platform,270,MZ,curved,fixed,420.0,0.2666340714285713,0.6620304645502647,0,26
717,H1087,flat,17.0,14.248,140.57300114285712,242.21599999999998,summer,44,platform 1,No.10 platform,280,yard ZH,flat,general,400.0,0.39446000000000003,0.5020464326530611,0,19
718,H1087,curved,10.441,14.248,89.14856714285715,148.763368,summer,44,platform 1,No.0 platform,270,MZ,curved,fixed,420.0,0.6458015047619047,0.33017987830687834,0,19
672,H1087,flat,15.531,12.2,111.44341742857144,189.4782,summer,55,platform 1,No.10 platform,280,yard HN,unrestricted,general,400.0,0.5263045000000001,0.39801220510204083,0,17
673,H1087,curved,15.531,12.2,111.44341742857144,189.4782,summer,55,block assembly group,No.8 platform,350,HL,curved,fixed,440.0,0.5693677272727273,0.3184097640816327,0,17
674,H1087,flat,18.94,12.2,145.01817142857143,231.068,summer,55,block assembly group,No.8 platform,350,HL,unrestricted,general,440.0,0.4748454545454545,0.4143376326530612,0,17
675,H1088,flat,18.94,12.2,145.01817142857143,231.068,summer,55,platform 1,No.10 platform,280,yard ZH,unrestricted,general,400.0,0.42233,0.5179220408163265,0,17
481,H1087,flat,6.45,21.691,146.31485171428568,139.90695,summer,96,block assembly group,No.8 platform,350,XZY,flat,general,440.0,0.6820296590909091,0.41804243346938763,0,54
480,H1087,flat,20.852,21.691,240.0,452.300732,summer,96,curved surface,48m,240,MZ,unrestricted,general,462.0,0.02099408658008662,1.0,1,54
676,H1088,flat,29.101,15.68,240.0,456.30368,summer,53,curved surface,48m,240,MZ,unrestricted,general,756.0,0.3964237037037037,1.0,1,16
677,H1088,flat,29.101,15.68,240.0,456.30368,summer,53,curved surface,48m,240,MZ,unrestricted,general,756.0,0.3964237037037037,1.0,1,16
639,H1087,flat,15.2,18.8,166.99428571428572,285.76,summer,59,platform 1,No.0 platform,270,QS,flat,general,378.0,0.24402116402116406,0.6184973544973545,0,34
640,H1087,flat,15.2,18.8,166.99428571428572,285.76,summer,59,platform 1,No.10 platform,280,yard HN,unrestricted,general,400.0,0.2856,0.5964081632653061,0,34
637,H1087,curved,20.5,18.8,221.05428571428573,385.40000000000003,summer,59,curved surface,48m,240,HN,curved,general,756.0,0.49021164021164015,0.9210595238095238,1,34
638,H1087,flat,20.5,18.8,221.05428571428573,385.40000000000003,summer,59,block assembly group,No.8 platform,350,HL,unrestricted,general,440.0,0.12409090909090902,0.6315836734693878,0,34
616,H1088,flat,13.38,17.28,136.46365714285716,231.20640000000003,summer,64,platform 1,No.0 platform,270,QS,flat,general,378.0,0.38834285714285705,0.5054209523809524,0,14
617,H1088,flat,13.38,17.28,136.46365714285716,231.20640000000003,summer,64,block assembly group,No.8 platform,350,HL,unrestricted,general,440.0,0.474530909090909,0.3898961632653062,0,14
585,H1088,flat,22.2,13.8,195.22285714285712,306.36,summer,65,curved surface,48m,240,MZ,unrestricted,general,756.0,0.5947619047619047,0.8134285714285714,1,25
586,H1088,flat,22.2,13.8,195.22285714285712,306.36,summer,65,curved surface,45m,240,ZH,flat,general,693.0,0.5579220779220779,0.8134285714285714,1,25
641,H1087,flat,13.38,17.28,136.46365714285716,231.20640000000003,summer,62,curved surface,42m,240,YT,unrestricted,general,324.0,0.28639999999999993,0.5685985714285715,1,13
642,H1087,flat,13.38,17.28,136.46365714285716,231.20640000000003,summer,62,platform 1,No.0 platform,270,MZ,unrestricted,general,420.0,0.44950857142857137,0.5054209523809524,0,13
630,H1088,flat,15.6,18.9,171.59142857142857,294.84,summer,57,block assembly group,No.8 platform,350,XZY,unrestricted,general,440.0,0.329909090909091,0.4902612244897959,0,32
631,H1088,flat,15.6,18.9,171.59142857142857,294.84,summer,57,platform 1,No.10 platform,280,RH,flat,general,360.0,0.18100000000000008,0.6128265306122449,0,32
632,H1088,flat,15.6,18.9,171.59142857142857,294.84,summer,57,curved surface,48m,240,MZ,unrestricted,general,462.0,0.36181818181818187,0.7149642857142857,1,32
633,H1088,flat,15.6,18.9,171.59142857142857,294.84,summer,57,curved surface,48m,240,MZ,unrestricted,general,462.0,0.36181818181818187,0.7149642857142857,1,32
529,H1087,curved,22.89,15.65,219.67845714285716,358.2285,summer,67,curved surface,48m,240,HN,curved,general,756.0,0.5261527777777778,0.9153269047619048,1,47
590,H1087,flat,8.82,15.798,93.5340582857143,139.33836,summer,63,platform 1,No.10 platform,280,yard HN,unrestricted,general,400.0,0.6516541000000001,0.33405020816326536,0,21
591,H1087,flat,15.59,15.978,142.38416685714284,249.09702,summer,63,platform 1,No.10 platform,280,yard HN,unrestricted,general,400.0,0.37725745000000005,0.508514881632653,0,21
557,H1087,flat,17.566,15.678,158.3897257142857,275.399748,summer,76,platform 1,No.10 platform,280,yard HN,flat,general,360.0,0.23500070000000003,0.5656775918367346,0,23
558,H1087,flat,17.566,15.678,158.3897257142857,275.399748,summer,76,platform 1,No.10 platform,280,yard HN,unrestricted,general,360.0,0.23500070000000003,0.5656775918367346,0,23
559,H1087,flat,19.932,15.976,186.43348571428567,318.433632,summer,76,platform 1,No.0 platform,270,QS,flat,general,378.0,0.15758298412698415,0.6904943915343914,0,23
560,H1087,flat,19.932,15.976,186.43348571428567,318.433632,summer,76,platform 1,No.0 platform,270,MZ,unrestricted,general,420.0,0.24182468571428575,0.6904943915343914,0,23
574,H1087,curved,11.577,13.021,86.73524857142857,150.74411700000002,summer,65,platform 1,No.0 platform,270,MZ,curved,fixed,420.0,0.6410854357142857,0.32124166137566135,0,45
587,H1087,flat,8.82,15.798,93.5340582857143,139.33836,summer,63,platform 1,No.10 platform,280,yard HN,unrestricted,general,400.0,0.6516541000000001,0.33405020816326536,0,21
588,H1087,flat,15.59,15.978,142.38416685714284,249.09702,summer,63,platform 1,No.10 platform,280,yard HN,unrestricted,general,400.0,0.37725745000000005,0.508514881632653,0,21
618,H1088,flat,10.8,20.0,147.61142857142858,216.0,summer,55,platform 1,No.10 platform,280,yard ZH,unrestricted,general,400.0,0.46,0.5271836734693878,0,30
619,H1087,curved,10.8,20.0,147.61142857142858,216.0,summer,55,platform 1,No.10 platform,280,yard ZH,curved,fixed,400.0,0.46,0.5271836734693878,0,30
605,H1087,flat,10.8,20.0,147.61142857142858,216.0,summer,55,platform 1,No.0 platform,270,QS,flat,general,378.0,0.42857142857142855,0.5467089947089947,0,30
606,H1087,flat,10.8,20.0,147.61142857142858,216.0,summer,55,platform 1,No.10 platform,280,yard ZH,unrestricted,general,400.0,0.46,0.5271836734693878,0,30
644,H1088,flat,13.809,15.686,124.78259342857142,216.60797399999998,summer,52,block assembly group,No.8 platform,350,HY,flat,general,440.0,0.50770915,0.3565216955102041,0,21
645,H1088,flat,13.809,15.686,124.78259342857142,216.60797399999998,summer,52,block assembly group,No.8 platform,350,HY,unrestricted,general,440.0,0.50770915,0.3565216955102041,0,21
562,H1087,flat,18.618,14.354,157.90492571428572,267.24277199999995,summer,71,block assembly group,No.8 platform,350,HY,unrestricted,general,440.0,0.39263006363636377,0.45115693061224493,0,22
563,H1088,flat,18.618,14.354,157.90492571428572,267.24277199999995,summer,71,platform 1,No.10 platform,280,yard HN,unrestricted,general,400.0,0.3318930700000001,0.5639461632653061,0,22
646,H1088,curved,18.919,15.5,170.90816028571427,293.2445,summer,52,platform 1,No.0 platform,270,MZ,curved,fixed,420.0,0.3017988095238095,0.6329931862433862,0,21
647,H1088,flat,18.919,15.5,170.90816028571427,293.2445,summer,52,platform 1,No.0 platform,270,QS,flat,general,420.0,0.3017988095238095,0.6329931862433862,0,21
564,H1088,flat,22.828,14.354,207.75854285714288,327.67311199999995,summer,71,curved surface,48m,240,MZ,unrestricted,general,756.0,0.5665699576719577,0.8656605952380954,1,22
565,H1088,curved,22.828,14.354,207.75854285714288,327.67311199999995,summer,71,curved surface,48m,240,HN,curved,general,756.0,0.5665699576719577,0.8656605952380954,1,22
652,H1087,flat,19.76,18.47,209.02814285714288,364.9672,summer,37,curved surface,45m,240,ZH,flat,general,693.0,0.47335180375180375,0.8709505952380954,1,20
653,H1087,flat,19.76,18.47,209.02814285714288,364.9672,summer,37,block assembly group,No.8 platform,350,XZY,unrestricted,general,440.0,0.17052909090909094,0.5972232653061226,0,20
634,H1088,flat,21.0,18.1,219.6028571428572,380.1,summer,51,block assembly group,No.8 platform,350,HL,flat,general,440.0,0.13613636363636358,0.6274367346938777,0,26
635,H1087,flat,21.0,18.1,219.6028571428572,380.1,summer,51,platform 1,No.0 platform,270,MZ,flat,general,420.0,0.09499999999999995,0.8133439153439156,0,26
620,H1087,flat,8.95,15.97,95.75525714285716,142.9315,summer,51,platform 1,No.10 platform,280,yard HN,unrestricted,general,400.0,0.6426712499999999,0.34198306122448985,0,14
621,H1087,flat,8.95,15.97,95.75525714285716,142.9315,summer,51,curved surface,48m,240,MZ,unrestricted,general,756.0,0.8109371693121693,0.3989802380952382,1,14
607,H1087,flat,10.53,15.97,104.54908571428572,168.1641,summer,52,platform 1,No.0 platform,270,MZ,unrestricted,general,420.0,0.5996092857142857,0.387218835978836,0,13
608,H1087,flat,10.53,15.97,104.54908571428572,168.1641,summer,52,block assembly group,No.8 platform,350,flexible,unrestricted,general,440.0,0.6178088636363637,0.29871167346938776,0,13
601,H1088,curved,10.5,18.9,133.55999999999997,198.45,summer,54,curved surface,48m,240,HN,curved,general,756.0,0.7374999999999999,0.5564999999999999,1,29
602,H1088,flat,10.5,18.9,133.55999999999997,198.45,summer,54,platform 1,No.0 platform,270,QS,flat,general,378.0,0.47500000000000003,0.4946666666666666,0,29
603,H1087,flat,10.5,18.9,133.55999999999997,198.45,summer,54,platform 1,No.10 platform,280,yard ZH,unrestricted,general,400.0,0.5038750000000001,0.4769999999999999,0,29
604,H1087,flat,10.5,18.9,133.55999999999997,198.45,summer,54,platform 1,No.10 platform,280,yard HN,flat,general,360.0,0.44875000000000004,0.4769999999999999,0,29
581,H1088,flat,14.4,17.28,144.55954285714287,248.83200000000002,summer,60,platform 1,No.0 platform,270,QS,flat,general,378.0,0.34171428571428564,0.5354057142857144,0,31
582,H1088,flat,14.4,17.28,144.55954285714287,248.83200000000002,summer,60,block assembly group,No.8 platform,350,HL,unrestricted,general,440.0,0.43447272727272723,0.4130272653061225,0,31
579,H1088,flat,14.6,17.28,146.21668571428572,252.288,summer,60,platform 1,No.10 platform,280,yard HN,flat,general,360.0,0.29919999999999997,0.5222024489795919,0,31
580,H1088,flat,14.6,17.28,146.21668571428572,252.288,summer,60,platform 1,No.10 platform,280,RH,unrestricted,general,400.0,0.36928,0.5222024489795919,0,31
535,H1088,flat,7.062,14.636,75.45266857142857,103.359432,summer,76,platform 1,No.0 platform,270,MZ,flat,general,420.0,0.7539061142857144,0.27945432804232806,0,34
534,H1088,flat,17.596,14.575,149.15709742857143,256.4617,summer,76,block assembly group,No.8 platform,350,HL,flat,general,440.0,0.41713249999999996,0.42616313551020407,0,34
648,H1088,flat,15.6,20.0,183.81714285714287,312.0,summer,48,platform 1,No.10 platform,280,yard ZH,flat,general,400.0,0.22,0.6564897959183674,0,23
649,H1088,flat,15.6,20.0,183.81714285714287,312.0,summer,48,platform 1,No.0 platform,270,QS,flat,general,420.0,0.2571428571428571,0.6808042328042329,0,23
597,H1088,flat,30.66,9.4,240.0,288.204,summer,44,curved surface,45m,240,ZH,flat,general,693.0,0.5841212121212122,1.0,1,30
543,H1087,flat,7.281,14.575,75.84102457142856,106.12057499999999,summer,74,platform 1,No.10 platform,280,yard HN,unrestricted,general,400.0,0.7346985625000001,0.2708608020408163,0,32
599,H1088,flat,14.342,13.72,112.55181828571428,196.77224,summer,51,block assembly group,No.8 platform,350,flexible,unrestricted,general,440.0,0.5527903636363636,0.32157662367346934,0,26
542,H1087,flat,17.548,14.578,148.70011085714285,255.81474399999996,summer,74,block assembly group,No.8 platform,350,HY,unrestricted,general,440.0,0.41860285454545465,0.4248574595918367,0,32
598,H1088,flat,14.342,13.72,112.55181828571428,196.77224,summer,51,block assembly group,No.8 platform,350,HY,flat,general,440.0,0.5527903636363636,0.32157662367346934,0,26
662,H1088,flat,7.507,14.276,74.33120714285714,107.16993199999999,summer,39,platform 1,No.10 platform,280,yard ZH,flat,general,400.0,0.73207517,0.2654685969387755,0,20
663,H1088,flat,14.445,14.246,117.60186885714286,205.78347000000002,summer,39,platform 1,No.10 platform,280,yard ZH,unrestricted,general,400.0,0.48554132499999997,0.42000667448979595,0,20
494,H1087,flat,16.0,17.3,158.6542857142857,276.8,summer,81,platform 1,No.0 platform,270,QS,flat,general,378.0,0.2677248677248677,0.5876084656084656,0,39
493,H1087,curved,18.455,17.3,182.82200714285716,319.2715,summer,81,platform 1,No.10 platform,280,yard HN,curved,fixed,400.0,0.20182124999999998,0.6529357397959185,0,39
654,H1087,flat,7.507,14.276,74.33120714285714,107.16993199999999,summer,38,block assembly group,No.8 platform,350,flexible,unrestricted,general,440.0,0.7564319727272727,0.21237487755102039,0,19
655,H1087,curved,14.445,14.246,117.60186885714286,205.78347000000002,summer,38,platform 1,No.10 platform,280,RH,curved,fixed,400.0,0.48554132499999997,0.42000667448979595,0,19
538,H1088,curved,13.7,18.32,149.51782857142857,250.98399999999998,summer,67,block assembly group,No.8 platform,350,XZY,unrestricted,general,440.0,0.42958181818181823,0.4271937959183673,0,31
539,H1087,flat,22.5,18.32,240.0,412.2,summer,67,curved surface,45m,240,ZH,flat,general,693.0,0.4051948051948052,1.0,1,31
497,H1087,flat,6.662,14.583,73.44175228571429,97.151946,summer,77,platform 1,No.0 platform,270,MZ,unrestricted,general,420.0,0.7686858428571428,0.2720064899470899,0,35
496,H1087,flat,16.055,14.575,134.34104285714284,234.001625,summer,77,platform 1,No.10 platform,280,yard ZH,unrestricted,general,400.0,0.4149959375,0.4797894387755101,0,35
548,H1088,flat,14.7,19.5,170.38285714285712,286.65,summer,66,platform 1,No.10 platform,280,yard ZH,flat,general,400.0,0.28337500000000004,0.6085102040816326,0,30
549,H1088,flat,16.6,19.5,187.3742857142857,323.70000000000005,summer,66,block assembly group,No.8 platform,350,HY,flat,general,440.0,0.26431818181818173,0.5353551020408163,0,30
609,H1087,flat,21.0,7.3,141.2257142857143,153.29999999999998,summer,42,block assembly group,No.8 platform,350,HY,flat,general,440.0,0.6515909090909092,0.40350204081632657,0,18
610,H1087,curved,22.0,7.3,153.51142857142855,160.6,summer,42,block assembly group,No.8 platform,350,HL,curved,fixed,440.0,0.6349999999999999,0.438604081632653,0,18
611,H1088,flat,13.889,7.3,70.34123457142856,101.38969999999999,summer,42,block assembly group,No.8 platform,350,HL,unrestricted,general,440.0,0.7695688636363637,0.2009749559183673,0,18
612,H1088,flat,13.889,7.3,70.34123457142856,101.38969999999999,summer,42,platform 1,No.0 platform,270,QS,flat,general,378.0,0.7317732804232804,0.260523091005291,0,18
622,H1087,flat,16.106,12.2,116.64092457142858,196.4932,summer,32,block assembly group,No.8 platform,350,HL,unrestricted,general,440.0,0.5534245454545454,0.33325978448979593,0,23
623,H1087,flat,16.106,12.2,116.64092457142858,196.4932,summer,32,block assembly group,No.8 platform,350,HY,unrestricted,general,440.0,0.5534245454545454,0.33325978448979593,0,23
624,H1087,flat,24.07,12.2,208.05854285714284,293.654,summer,32,curved surface,48m,240,MZ,unrestricted,general,756.0,0.611568783068783,0.8669105952380952,1,23
625,H1087,flat,24.07,12.2,208.05854285714284,293.654,summer,32,curved surface,48m,240,MZ,unrestricted,general,756.0,0.611568783068783,0.8669105952380952,1,23
501,H1088,flat,16.7,18.4,176.41428571428568,307.28,summer,70,platform 1,No.10 platform,280,RH,flat,general,360.0,0.14644444444444452,0.6300510204081632,0,38
500,H1088,flat,17.5,18.4,184.23142857142852,322.0,summer,70,platform 1,No.10 platform,280,yard HN,flat,general,360.0,0.10555555555555556,0.6579693877551018,0,38
526,H1087,flat,19.5,18.75,209.0892857142857,365.625,summer,59,platform 1,No.0 platform,270,MZ,unrestricted,general,420.0,0.12946428571428573,0.7744047619047618,0,39
567,H1088,flat,19.76,18.47,209.02814285714288,364.9672,summer,44,platform 1,No.10 platform,280,yard HN,unrestricted,general,400.0,0.08758200000000002,0.7465290816326532,0,38
423,H1088,flat,16.0,4.932,80.09274971428572,78.912,summer,71,platform 1,No.10 platform,280,yard ZH,unrestricted,general,400.0,0.8027199999999999,0.28604553469387756,0,51
528,H1087,flat,12.25,9.2,67.05785714285715,112.69999999999999,summer,57,platform 1,No.0 platform,270,MZ,flat,general,420.0,0.7316666666666667,0.24836243386243387,0,37
570,H1088,flat,17.8,16.0,163.66857142857145,284.8,summer,51,curved surface,48m,240,MZ,unrestricted,general,756.0,0.6232804232804232,0.6819523809523811,1,31
571,H1087,flat,17.8,16.0,163.66857142857145,284.8,summer,51,platform 1,No.10 platform,280,yard HN,unrestricted,general,400.0,0.288,0.584530612244898,0,31
568,H1088,flat,20.1,16.0,188.5742857142857,321.6,summer,51,platform 1,No.0 platform,270,QS,flat,general,378.0,0.14920634920634915,0.6984232804232804,0,31
569,H1088,flat,20.1,16.0,188.5742857142857,321.6,summer,51,block assembly group,No.8 platform,350,HY,flat,general,440.0,0.26909090909090905,0.5387836734693877,0,31
550,H1088,flat,16.106,12.2,116.64092457142858,196.4932,summer,55,curved surface,42m,240,YT,unrestricted,general,324.0,0.3935395061728395,0.48600385238095245,1,28
561,H1087,flat,24.07,12.2,208.05854285714284,293.654,summer,51,curved surface,48m,240,MZ,unrestricted,general,756.0,0.611568783068783,0.8669105952380952,1,28
592,H1087,curved,14.308,15.97,131.35993257142857,228.49876,summer,57,platform 1,No.10 platform,280,yard ZH,curved,fixed,400.0,0.4287531,0.4691426163265306,0,21
575,H1087,flat,15.531,12.2,111.44341742857144,189.4782,summer,43,platform 1,No.10 platform,280,yard HN,flat,general,360.0,0.4736716666666667,0.39801220510204083,0,27
576,H1087,flat,18.94,12.2,145.01817142857143,231.068,summer,43,platform 1,No.10 platform,280,yard ZH,flat,general,400.0,0.42233,0.5179220408163265,0,27
502,H1088,curved,16.9,9.2,105.78571428571426,155.47999999999996,summer,57,platform 1,No.10 platform,280,yard ZH,curved,fixed,400.0,0.6113000000000001,0.3778061224489795,0,37
420,H1088,flat,20.0,18.4,211.01714285714283,368.0,summer,77,block assembly group,No.8 platform,350,HL,unrestricted,general,440.0,0.16363636363636364,0.6029061224489796,0,45
419,H1088,flat,20.0,18.4,211.01714285714283,368.0,summer,77,block assembly group,No.8 platform,350,HY,unrestricted,general,440.0,0.16363636363636364,0.6029061224489796,0,45
627,H1088,flat,15.25,8.2,85.65785714285714,125.04999999999998,summer,34,platform 1,No.0 platform,270,QS,flat,general,378.0,0.6691798941798942,0.31725132275132273,0,14
626,H1087,flat,18.25,8.2,114.37214285714286,149.64999999999998,summer,34,platform 1,No.10 platform,280,yard ZH,unrestricted,general,400.0,0.6258750000000001,0.40847193877551025,0,14
523,H1087,flat,12.7,19.8,158.09428571428572,251.46,summer,54,platform 1,No.10 platform,280,RH,unrestricted,general,400.0,0.37134999999999996,0.5646224489795918,0,34
522,H1088,flat,13.6,19.8,164.85714285714286,269.28000000000003,summer,54,platform 1,No.10 platform,280,yard ZH,unrestricted,general,400.0,0.3267999999999999,0.5887755102040817,0,34
566,H1088,flat,22.2,13.8,195.22285714285712,306.36,summer,49,curved surface,48m,240,MZ,unrestricted,general,756.0,0.5947619047619047,0.8134285714285714,1,25
424,H1088,flat,19.5,18.9,210.7028571428571,368.54999999999995,summer,75,platform 1,No.10 platform,280,yard HN,unrestricted,general,400.0,0.07862500000000011,0.7525102040816325,0,43
438,H1088,flat,11.85,25.0,218.69214285714287,296.25,summer,60,curved surface,48m,240,MZ,unrestricted,general,756.0,0.6081349206349206,0.9112172619047619,1,40
467,H1088,flat,34.122,13.75,240.0,469.1775,summer,60,curved surface,48m,240,MZ,unrestricted,general,756.0,0.37939484126984124,1.0,1,40
593,H1087,flat,21.0,8.6,147.1314285714286,180.6,summer,30,curved surface,48m,240,MZ,unrestricted,general,462.0,0.609090909090909,0.6130476190476191,1,18
594,H1087,flat,21.0,8.6,147.1314285714286,180.6,summer,30,platform 1,No.0 platform,270,QS,flat,general,420.0,0.5700000000000001,0.5449312169312169,0,18
584,H1088,flat,14.0,15.97,128.86882857142857,223.58,summer,64,platform 1,No.10 platform,280,yard HN,flat,general,360.0,0.3789444444444444,0.4602458163265306,0,20
418,H1087,flat,18.4,18.9,198.79142857142853,347.75999999999993,summer,76,platform 1,No.10 platform,280,yard HN,unrestricted,general,400.0,0.13060000000000016,0.7099693877551019,0,44
545,H1087,flat,14.5,18.79,160.94688571428574,272.455,summer,51,block assembly group,No.8 platform,350,HY,flat,general,440.0,0.38078409090909093,0.4598482448979593,0,26
541,H1087,flat,16.6,18.79,179.6068857142857,311.914,summer,52,platform 1,No.10 platform,280,RH,unrestricted,general,400.0,0.22021500000000002,0.6414531632653061,0,26
583,H1088,curved,21.0,8.6,147.1314285714286,180.6,summer,35,platform 1,No.0 platform,270,MZ,curved,fixed,420.0,0.5700000000000001,0.5449312169312169,0,18
536,H1088,flat,13.809,15.686,124.78259342857142,216.60797399999998,summer,50,platform 1,No.10 platform,280,RH,unrestricted,general,400.0,0.45848006500000005,0.44565211938775506,0,31
537,H1088,flat,18.919,15.5,170.90816028571427,293.2445,summer,50,platform 1,No.0 platform,270,MZ,flat,general,420.0,0.3017988095238095,0.6329931862433862,0,31
509,H1087,flat,16.6,18.9,180.79142857142853,313.74,summer,56,block assembly group,No.8 platform,350,HL,unrestricted,general,440.0,0.2869545454545454,0.5165469387755101,0,24
510,H1087,flat,16.6,18.9,180.79142857142853,313.74,summer,56,platform 1,No.10 platform,280,yard ZH,unrestricted,general,400.0,0.21564999999999998,0.6456836734693876,0,24
531,H1088,flat,13.5,20.0,166.35714285714286,270.0,summer,49,platform 1,No.10 platform,280,yard HN,flat,general,360.0,0.25,0.5941326530612245,0,29
530,H1087,flat,16.9,20.0,195.8885714285714,338.0,summer,49,platform 1,No.10 platform,280,yard ZH,unrestricted,general,400.0,0.155,0.6996020408163264,0,29
553,H1088,flat,20.0,7.3,129.51142857142858,146.0,summer,47,block assembly group,No.8 platform,350,HL,unrestricted,general,440.0,0.6681818181818182,0.3700326530612245,0,17
554,H1088,flat,13.889,7.3,70.34123457142856,101.38969999999999,summer,47,platform 1,No.0 platform,270,QS,flat,general,378.0,0.7317732804232804,0.260523091005291,0,17
483,H1088,flat,17.8,16.0,163.66857142857145,284.8,summer,60,platform 1,No.10 platform,280,yard HN,unrestricted,general,400.0,0.288,0.584530612244898,0,31
482,H1087,flat,20.1,16.0,188.5742857142857,321.6,summer,60,curved surface,45m,240,ZH,flat,general,420.0,0.23428571428571424,0.7857261904761904,1,31
516,H1088,flat,18.618,14.354,157.90492571428572,267.24277199999995,summer,55,platform 1,No.10 platform,280,yard HN,unrestricted,general,400.0,0.3318930700000001,0.5639461632653061,0,32
517,H1088,flat,22.828,14.354,207.75854285714288,327.67311199999995,summer,55,curved surface,48m,240,MZ,unrestricted,general,756.0,0.5665699576719577,0.8656605952380954,1,32
470,H1088,flat,14.5,18.79,160.94688571428574,272.455,summer,59,platform 1,No.0 platform,270,MZ,unrestricted,general,420.0,0.3512976190476191,0.5960995767195768,0,25
469,H1088,flat,16.6,18.79,179.6068857142857,311.914,summer,59,platform 1,No.10 platform,280,RH,unrestricted,general,400.0,0.22021500000000002,0.6414531632653061,0,25
572,H1087,flat,29.101,15.68,240.0,456.30368,summer,35,curved surface,45m,240,ZH,flat,general,693.0,0.3415531313131313,1.0,1,26
460,H1087,flat,14.5,18.79,160.94688571428574,272.455,summer,59,block assembly group,No.8 platform,350,HY,flat,general,440.0,0.38078409090909093,0.4598482448979593,0,25
459,H1087,flat,16.6,18.79,179.6068857142857,311.914,summer,59,platform 1,No.10 platform,280,RH,flat,general,360.0,0.13357222222222226,0.6414531632653061,0,25
555,H1087,flat,13.38,17.28,136.46365714285716,231.20640000000003,summer,48,block assembly group,No.8 platform,350,XZY,flat,general,440.0,0.474530909090909,0.3898961632653062,0,16
503,H1088,flat,17.566,15.678,158.3897257142857,275.399748,summer,53,platform 1,No.10 platform,280,yard HN,unrestricted,general,400.0,0.31150063000000006,0.5656775918367346,0,31
468,H1088,flat,19.932,15.976,186.43348571428567,318.433632,summer,61,platform 1,No.0 platform,270,QS,flat,general,378.0,0.15758298412698415,0.6904943915343914,0,39
556,H1087,curved,13.38,17.28,136.46365714285716,231.20640000000003,summer,46,platform 1,No.10 platform,280,yard HN,curved,fixed,400.0,0.4219839999999999,0.48737020408163273,0,15
513,H1087,flat,7.416,16.884,97.16186057142856,125.21174400000001,summer,47,platform 1,No.10 platform,280,yard ZH,unrestricted,general,400.0,0.68697064,0.3470066448979591,0,20
514,H1087,flat,7.416,16.884,97.16186057142856,125.21174400000001,summer,47,block assembly group,No.8 platform,350,HY,flat,general,440.0,0.7154278545454545,0.27760531591836735,0,20
511,H1087,curved,19.167,16.931,186.86647142857143,324.51647700000007,summer,47,platform 1,No.0 platform,270,MZ,curved,fixed,420.0,0.22734172142857126,0.6920980423280423,0,20
512,H1087,flat,19.167,16.931,186.86647142857143,324.51647700000007,summer,47,platform 1,No.0 platform,270,MZ,unrestricted,general,420.0,0.22734172142857126,0.6920980423280423,0,20
573,H1087,flat,13.35,13.05,99.57857142857142,174.2175,summer,35,platform 1,No.10 platform,280,RH,unrestricted,general,400.0,0.56445625,0.3556377551020408,0,15
461,H1087,flat,15.49,19.15,173.33217142857143,296.63349999999997,summer,53,platform 1,No.10 platform,280,yard HN,flat,general,360.0,0.17601805555555564,0.6190434693877551,0,33
525,H1087,flat,6.767,14.288,71.41120942857144,96.686896,summer,47,platform 1,No.0 platform,270,QS,flat,general,378.0,0.7442145608465609,0.2644859608465609,0,16
524,H1087,flat,16.086,14.292,132.29161714285712,229.90111199999998,summer,47,block assembly group,No.8 platform,350,HY,flat,general,440.0,0.4774974727272728,0.37797604897959175,0,16
406,H1088,flat,28.614,19.075,240.0,545.81205,summer,76,curved surface,48m,240,MZ,unrestricted,general,756.0,0.27802638888888886,1.0,1,58
452,H1088,flat,15.5,20.0,182.92857142857144,310.0,summer,47,platform 1,No.10 platform,280,RH,unrestricted,general,400.0,0.225,0.6533163265306123,0,29
462,H1087,flat,13.7,18.32,149.51782857142857,250.98399999999998,summer,57,platform 1,No.0 platform,270,QS,flat,general,378.0,0.33602116402116405,0.5537697354497354,0,30
450,H1087,flat,22.5,18.32,240.0,412.2,summer,58,curved surface,45m,240,ZH,flat,general,693.0,0.4051948051948052,1.0,1,30
578,H1087,flat,11.0,9.55,60.62928571428572,105.05000000000001,summer,34,platform 1,No.10 platform,280,yard HN,flat,general,360.0,0.7081944444444445,0.21653316326530614,0,14
577,H1087,flat,18.0,9.55,118.62928571428571,171.9,summer,34,curved surface,42m,240,YT,unrestricted,general,324.0,0.46944444444444444,0.49428869047619045,1,14
532,H1088,flat,17.86,7.8,108.5198857142857,139.308,summer,41,platform 1,No.0 platform,270,MZ,unrestricted,general,420.0,0.6683142857142857,0.40192550264550264,0,21
533,H1088,flat,18.45,12.45,141.5442857142857,229.7025,summer,41,platform 1,No.0 platform,270,QS,flat,general,378.0,0.3923214285714286,0.5242380952380952,0,21
504,H1088,flat,14.6,20.0,175.1885714285714,292.0,summer,47,platform 1,No.10 platform,280,RH,unrestricted,general,400.0,0.27,0.625673469387755,0,27
505,H1088,flat,14.6,20.0,175.1885714285714,292.0,summer,47,platform 1,No.0 platform,270,MZ,unrestricted,general,420.0,0.3047619047619048,0.6488465608465608,0,27
451,H1088,flat,18.74,19.44,208.31462857142856,364.30559999999997,summer,53,platform 1,No.10 platform,280,yard ZH,flat,general,400.0,0.08923600000000008,0.7439808163265306,0,33
446,H1087,flat,20.1,20.9,240.0,420.09,summer,55,curved surface,48m,240,MZ,unrestricted,general,462.0,0.09071428571428578,1.0,1,35
520,H1088,curved,6.767,14.288,71.41120942857144,96.686896,summer,47,platform 1,No.10 platform,280,RH,curved,fixed,400.0,0.7582827600000001,0.25504003367346945,0,16
519,H1088,flat,16.086,14.292,132.29161714285712,229.90111199999998,summer,47,platform 1,No.0 platform,270,QS,flat,general,420.0,0.45261640000000003,0.4899689523809523,0,16
551,H1088,flat,13.38,18.79,152.02528571428573,251.4102,summer,37,platform 1,No.0 platform,270,MZ,flat,general,420.0,0.4014042857142857,0.5630566137566139,0,15
552,H1088,flat,13.38,18.79,152.02528571428573,251.4102,summer,37,platform 1,No.10 platform,280,yard HN,unrestricted,general,400.0,0.3714745,0.5429474489795919,0,15
449,H1087,flat,15.5,19.0,171.78571428571428,294.5,summer,47,platform 1,No.10 platform,280,yard HN,flat,general,360.0,0.18194444444444444,0.6135204081632653,0,29
544,H1087,flat,10.53,15.97,104.54908571428572,168.1641,summer,67,platform 1,No.10 platform,280,yard ZH,unrestricted,general,400.0,0.57958975,0.3733895918367347,0,8
447,H1087,flat,13.7,18.32,149.51782857142857,250.98399999999998,summer,58,platform 1,No.10 platform,280,RH,unrestricted,general,400.0,0.37254000000000004,0.5339922448979592,0,31
445,H1087,flat,22.5,18.32,240.0,412.2,summer,59,curved surface,48m,240,MZ,unrestricted,general,756.0,0.45476190476190476,1.0,1,31
521,H1088,flat,9.0,11.95,63.943571428571424,107.55,summer,44,platform 1,No.0 platform,270,QS,flat,general,378.0,0.7154761904761905,0.2368280423280423,0,24
506,H1088,flat,10.97,13.152,83.80457257142858,144.27744,summer,45,platform 1,No.10 platform,280,yard HN,flat,general,360.0,0.5992293333333333,0.2993020448979592,0,25
507,H1087,flat,18.861,13.05,150.29709171428573,246.13605,summer,45,platform 1,No.0 platform,270,MZ,unrestricted,general,420.0,0.4139617857142857,0.5566558952380953,0,25
540,H1087,flat,8.95,15.97,95.75525714285716,142.9315,summer,67,curved surface,45m,240,ZH,flat,general,420.0,0.6596869047619047,0.3989802380952382,1,10
518,H1088,flat,15.0,11.95,105.08642857142856,179.25,summer,44,platform 1,No.10 platform,280,yard ZH,unrestricted,general,400.0,0.551875,0.3753086734693877,0,24
546,H1087,flat,11.58,12.405,82.28012142857142,143.6499,summer,39,platform 1,No.10 platform,280,yard HN,flat,general,360.0,0.6009725,0.29385757653061223,0,19
547,H1088,curved,21.526,7.65,149.11176457142855,164.6739,summer,39,block assembly group,No.8 platform,350,HL,curved,fixed,440.0,0.6257411363636364,0.42603361306122445,0,19
448,H1087,curved,9.9,20.9,152.80571428571426,206.91,summer,53,block assembly group,No.8 platform,350,HL,curved,fixed,440.0,0.52975,0.43658775510204073,0,33
463,H1087,flat,14.8,19.15,167.3607142857143,283.42,summer,51,platform 1,No.10 platform,280,yard HN,flat,general,360.0,0.21272222222222217,0.5977168367346939,0,31
433,H1087,flat,16.117,19.25,180.09148257142857,310.25225,summer,57,platform 1,No.10 platform,280,yard HN,flat,general,360.0,0.13818819444444444,0.6431838663265306,0,37
432,H1087,flat,18.334,19.25,201.91373028571428,352.9295,summer,57,block assembly group,No.8 platform,350,HY,flat,general,440.0,0.19788749999999997,0.576896372244898,0,37
453,H1088,flat,18.6,19.35,205.82357142857148,359.9100000000001,summer,50,block assembly group,No.8 platform,350,XZY,flat,general,440.0,0.1820227272727271,0.5880673469387757,0,30
484,H1088,curved,13.38,18.79,152.02528571428573,251.4102,summer,47,platform 1,No.0 platform,270,MZ,curved,fixed,420.0,0.4014042857142857,0.5630566137566139,0,15
485,H1088,flat,13.38,18.79,152.02528571428573,251.4102,summer,47,platform 1,No.10 platform,280,RH,unrestricted,general,400.0,0.3714745,0.5429474489795919,0,15
472,H1088,flat,14.4,17.28,144.55954285714287,248.83200000000002,summer,52,block assembly group,No.8 platform,350,HY,flat,general,440.0,0.43447272727272723,0.4130272653061225,0,31
471,H1088,flat,14.6,17.28,146.21668571428572,252.288,summer,52,platform 1,No.10 platform,280,yard ZH,flat,general,400.0,0.36928,0.5222024489795919,0,31
476,H1087,flat,13.38,18.79,152.02528571428573,251.4102,summer,47,block assembly group,No.8 platform,350,flexible,unrestricted,general,440.0,0.4286131818181818,0.43435795918367354,0,15
477,H1087,flat,13.38,18.79,152.02528571428573,251.4102,summer,47,platform 1,No.10 platform,280,yard HN,unrestricted,general,400.0,0.3714745,0.5429474489795919,0,15
454,H1088,flat,20.1,21.05,240.0,423.105,summer,48,curved surface,48m,240,MZ,unrestricted,general,462.0,0.08418831168831165,1.0,1,28
498,H1087,flat,8.82,15.798,93.5340582857143,139.33836,summer,42,platform 1,No.10 platform,280,yard ZH,unrestricted,general,400.0,0.6516541000000001,0.33405020816326536,0,22
455,H1088,flat,9.804,21.05,154.06311885714285,206.3742,summer,47,block assembly group,No.8 platform,350,HY,unrestricted,general,440.0,0.5309677272727272,0.4401803395918367,0,27
499,H1088,flat,15.59,15.978,142.38416685714284,249.09702,summer,42,block assembly group,No.8 platform,350,HL,flat,general,440.0,0.4338704090909091,0.40681190530612243,0,22
377,H1088,flat,22.89,15.65,219.67845714285716,358.2285,summer,72,curved surface,48m,240,MZ,unrestricted,general,756.0,0.5261527777777778,0.9153269047619048,1,52
436,H1088,flat,14.612,23.0,212.1458697142857,336.076,summer,50,curved surface,48m,240,MZ,unrestricted,general,756.0,0.5554550264550264,0.8839411238095238,1,30
402,H1087,flat,11.577,13.021,86.73524857142857,150.74411700000002,summer,69,platform 1,No.10 platform,280,yard ZH,unrestricted,general,400.0,0.6231397074999999,0.3097687448979592,0,49
489,H1088,flat,14.7,13.05,110.39785714285712,191.835,summer,42,platform 1,No.10 platform,280,yard HN,flat,general,360.0,0.46712499999999996,0.3942780612244897,0,22
495,H1087,flat,10.5,13.05,80.15785714285714,137.025,autumn,40,block assembly group,No.8 platform,350,HL,flat,general,440.0,0.6885795454545455,0.22902244897959181,0,20
456,H1088,flat,18.6,14.9,162.27714285714288,277.14000000000004,autumn,45,block assembly group,No.8 platform,350,HY,unrestricted,general,440.0,0.37013636363636354,0.4636489795918368,0,25
478,H1087,flat,13.412,19.5,160.03764114285715,261.534,autumn,45,platform 1,No.10 platform,280,yard ZH,flat,general,400.0,0.346165,0.5715630040816327,0,16
479,H1087,flat,13.412,19.5,160.03764114285715,261.534,autumn,45,block assembly group,No.8 platform,350,HY,unrestricted,general,440.0,0.4056045454545455,0.45725040326530614,0,16
490,H1088,flat,14.94,13.05,112.43031428571427,194.967,autumn,40,block assembly group,No.8 platform,350,HL,unrestricted,general,440.0,0.5568931818181818,0.3212294693877551,0,20
473,H1088,flat,13.412,19.5,160.03764114285715,261.534,autumn,45,platform 1,No.0 platform,270,MZ,flat,general,420.0,0.3773,0.5927320042328043,0,16
474,H1088,flat,13.412,19.5,160.03764114285715,261.534,autumn,45,platform 1,No.10 platform,280,yard HN,unrestricted,general,400.0,0.346165,0.5715630040816327,0,16
486,H1088,flat,10.1,13.065,77.91549285714284,131.95649999999998,autumn,40,block assembly group,No.8 platform,350,XZY,unrestricted,general,440.0,0.7000988636363636,0.22261569387755095,0,20
441,H1088,flat,8.0,21.0,144.28571428571428,168.0,autumn,40,block assembly group,No.8 platform,350,HL,unrestricted,general,440.0,0.6181818181818182,0.4122448979591837,0,33
442,H1088,flat,8.0,21.0,144.28571428571428,168.0,autumn,40,block assembly group,No.8 platform,350,HY,flat,general,440.0,0.6181818181818182,0.4122448979591837,0,33
439,H1088,curved,20.5,21.0,240.0,430.5,autumn,40,curved surface,48m,240,MZ,unrestricted,general,462.0,0.06818181818181818,1.0,1,33
440,H1088,flat,20.5,21.0,240.0,430.5,autumn,40,curved surface,48m,240,MZ,unrestricted,general,462.0,0.06818181818181818,1.0,1,33
408,H1088,flat,28.614,19.075,240.0,545.81205,autumn,61,curved surface,48m,240,MZ,unrestricted,general,756.0,0.27802638888888886,1.0,1,37
434,H1087,flat,15.5,18.0,161.21428571428572,279.0,autumn,37,curved surface,48m,240,MZ,unrestricted,general,462.0,0.3961038961038961,0.6717261904761905,1,32
407,H1088,flat,28.614,19.075,240.0,545.81205,autumn,61,curved surface,45m,240,ZH,flat,general,693.0,0.21239242424242424,1.0,1,37
427,H1087,flat,18.6,14.9,162.27714285714288,277.14000000000004,autumn,49,platform 1,No.0 platform,270,MZ,flat,general,420.0,0.340142857142857,0.6010264550264551,0,29
426,H1088,flat,9.215,10.9,58.20749285714286,100.4435,autumn,52,platform 1,No.10 platform,280,yard ZH,unrestricted,general,400.0,0.7488912500000001,0.2078839030612245,0,19
425,H1088,flat,15.665,11.094,105.27687457142856,173.78750999999997,autumn,52,platform 1,No.10 platform,280,yard HN,flat,general,360.0,0.5172569166666667,0.375988837755102,0,19
430,H1087,curved,6.767,14.288,71.41120942857144,96.686896,autumn,51,platform 1,No.10 platform,280,RH,curved,fixed,400.0,0.7582827600000001,0.25504003367346945,0,18
431,H1087,flat,8.709,14.287,79.9900142857143,124.425483,autumn,51,platform 1,No.10 platform,280,yard ZH,unrestricted,general,400.0,0.6889362925,0.2856786224489796,0,18
428,H1087,flat,16.086,14.292,132.29161714285712,229.90111199999998,autumn,51,curved surface,42m,240,YT,unrestricted,general,324.0,0.2904286666666667,0.5512150714285713,1,18
429,H1087,flat,16.231,14.307,133.75303142857143,232.21691700000002,autumn,51,platform 1,No.0 platform,270,QS,flat,general,420.0,0.4471025785714285,0.4953815978835979,0,18
437,H1088,flat,16.6,19.5,187.3742857142857,323.70000000000005,autumn,42,platform 1,No.10 platform,280,RH,unrestricted,general,400.0,0.1907499999999999,0.6691938775510203,0,34
465,H1087,flat,11.2,17.72,125.55382857142855,198.46399999999997,autumn,34,block assembly group,No.8 platform,350,HL,unrestricted,general,440.0,0.5489454545454546,0.3587252244897959,0,16
464,H1087,flat,13.412,17.72,141.10861257142855,237.66064,autumn,34,platform 1,No.10 platform,280,yard HN,flat,general,360.0,0.33983155555555555,0.5039593306122448,0,16
444,H1087,flat,14.7,19.5,170.38285714285712,286.65,autumn,39,block assembly group,No.8 platform,350,HL,unrestricted,general,440.0,0.3485227272727273,0.48680816326530607,0,32
435,H1088,flat,16.6,19.5,187.3742857142857,323.70000000000005,autumn,41,platform 1,No.10 platform,280,yard HN,flat,general,360.0,0.1008333333333332,0.6691938775510203,0,33
492,H1087,flat,9.215,10.9,58.20749285714286,100.4435,autumn,28,platform 1,No.10 platform,280,yard ZH,unrestricted,general,400.0,0.7488912500000001,0.2078839030612245,0,22
491,H1087,flat,15.665,11.094,105.27687457142856,173.78750999999997,autumn,28,block assembly group,No.8 platform,350,HL,flat,general,440.0,0.6050283863636363,0.30079107020408163,0,22
458,H1088,flat,11.2,17.72,125.55382857142855,198.46399999999997,autumn,33,platform 1,No.10 platform,280,yard HN,flat,general,360.0,0.44871111111111117,0.44840653061224484,0,15
457,H1088,curved,13.412,17.72,141.10861257142855,237.66064,autumn,33,curved surface,42m,240,YT,unrestricted,general,324.0,0.2664795061728395,0.5879525523809523,1,15
515,H1088,flat,8.709,14.287,79.9900142857143,124.425483,autumn,20,platform 1,No.10 platform,280,yard ZH,unrestricted,general,400.0,0.6889362925,0.2856786224489796,0,15
475,H1087,curved,16.231,14.307,133.75303142857143,232.21691700000002,autumn,29,platform 1,No.10 platform,280,yard ZH,curved,fixed,400.0,0.41945770749999994,0.4776893979591837,0,21
443,H1087,flat,14.7,19.5,170.38285714285712,286.65,autumn,39,block assembly group,No.8 platform,350,HY,flat,general,440.0,0.3485227272727273,0.48680816326530607,0,32
488,H1088,flat,9.215,10.9,58.20749285714286,100.4435,autumn,28,curved surface,48m,240,MZ,unrestricted,general,462.0,0.7825898268398269,0.24253122023809526,1,22
487,H1088,flat,15.665,11.094,105.27687457142856,173.78750999999997,autumn,28,platform 1,No.0 platform,270,QS,flat,general,378.0,0.5402446825396826,0.38991435026455024,0,22
508,H1087,flat,8.709,14.287,79.9900142857143,124.425483,autumn,20,platform 1,No.0 platform,270,MZ,unrestricted,general,420.0,0.70374885,0.29625931216931223,0,15
466,H1087,curved,16.231,14.307,133.75303142857143,232.21691700000002,autumn,29,platform 1,No.0 platform,270,MZ,curved,fixed,420.0,0.4471025785714285,0.4953815978835979,0,21
415,H1087,flat,8.0,21.0,144.28571428571428,168.0,autumn,45,block assembly group,No.8 platform,350,HL,unrestricted,general,440.0,0.6181818181818182,0.4122448979591837,0,31
414,H1087,flat,20.5,21.0,240.0,430.5,autumn,45,curved surface,45m,240,ZH,flat,general,693.0,0.3787878787878788,1.0,1,31
390,H1088,flat,12.25,9.2,67.05785714285715,112.69999999999999,autumn,61,curved surface,42m,240,YT,unrestricted,general,324.0,0.6521604938271606,0.2794077380952381,1,41
378,H1088,flat,19.5,18.75,209.0892857142857,365.625,autumn,63,platform 1,No.0 platform,270,MZ,flat,general,420.0,0.12946428571428573,0.7744047619047618,0,43
379,H1087,flat,25.083,18.75,240.0,470.30625,autumn,63,curved surface,48m,240,MZ,unrestricted,general,756.0,0.37790178571428573,1.0,1,43
403,H1088,curved,24.1,17.41,240.0,419.581,autumn,49,curved surface,48m,240,HN,curved,general,756.0,0.4449986772486772,1.0,1,34
330,H1088,flat,15.0,4.932,71.23560685714286,73.98,autumn,74,block assembly group,No.8 platform,350,HL,flat,general,440.0,0.8318636363636364,0.20353030530612246,0,54
413,H1087,flat,20.0,16.8,194.9257142857143,336.0,autumn,38,block assembly group,No.8 platform,350,XZY,unrestricted,general,440.0,0.23636363636363636,0.5569306122448979,0,33
373,H1088,flat,16.9,9.2,105.78571428571426,155.47999999999996,autumn,61,curved surface,48m,240,MZ,unrestricted,general,756.0,0.7943386243386243,0.44077380952380946,1,41
412,H1087,curved,11.2,17.72,125.55382857142855,198.46399999999997,autumn,46,platform 1,No.10 platform,280,RH,unrestricted,general,400.0,0.5038400000000001,0.44840653061224484,0,19
417,H1087,flat,13.412,17.72,141.10861257142855,237.66064,autumn,43,platform 1,No.10 platform,280,RH,unrestricted,general,400.0,0.4058484,0.5039593306122448,0,19
411,H1087,flat,13.412,19.5,160.03764114285715,261.534,autumn,46,block assembly group,No.8 platform,350,HY,flat,general,440.0,0.4056045454545455,0.45725040326530614,0,19
416,H1087,flat,13.412,19.5,160.03764114285715,261.534,autumn,43,block assembly group,No.8 platform,350,HY,flat,general,440.0,0.4056045454545455,0.45725040326530614,0,19
353,H1087,flat,24.3,17.0,240.0,413.1,autumn,66,curved surface,48m,240,MZ,unrestricted,general,756.0,0.4535714285714285,1.0,1,47
351,H1087,flat,11.85,24.0,204.69214285714287,284.4,autumn,64,curved surface,48m,240,MZ,unrestricted,general,756.0,0.6238095238095238,0.8528839285714286,1,44
381,H1087,flat,12.7,19.8,158.09428571428572,251.46,autumn,58,platform 1,No.10 platform,280,RH,unrestricted,general,400.0,0.37134999999999996,0.5646224489795918,0,38
380,H1087,flat,13.6,19.8,164.85714285714286,269.28000000000003,autumn,58,platform 1,No.10 platform,280,yard HN,flat,general,360.0,0.2519999999999999,0.5887755102040817,0,38
398,H1087,flat,24.4,10.4,201.00571428571425,253.76,autumn,61,curved surface,45m,240,ZH,flat,general,693.0,0.6338239538239538,0.8375238095238093,1,33
422,H1088,flat,15.25,8.2,85.65785714285714,125.04999999999998,autumn,37,block assembly group,No.8 platform,350,HY,unrestricted,general,440.0,0.7157954545454547,0.24473673469387755,0,17
421,H1088,curved,18.25,8.2,114.37214285714286,149.64999999999998,autumn,37,platform 1,No.10 platform,280,RH,curved,fixed,400.0,0.6258750000000001,0.40847193877551025,0,17
410,H1088,flat,7.416,16.884,97.16186057142856,125.21174400000001,autumn,32,platform 1,No.10 platform,280,yard HN,flat,general,360.0,0.6521895999999999,0.3470066448979591,0,25
409,H1088,flat,19.167,16.931,186.86647142857143,324.51647700000007,autumn,32,block assembly group,No.8 platform,350,HL,flat,general,440.0,0.26246255227272713,0.5339042040816326,0,25
357,H1088,flat,34.122,13.75,240.0,469.1775,autumn,63,curved surface,48m,240,MZ,unrestricted,general,756.0,0.37939484126984124,1.0,1,43
392,H1088,flat,13.5,20.0,166.35714285714286,270.0,autumn,49,block assembly group,No.8 platform,350,XZY,unrestricted,general,440.0,0.38636363636363635,0.47530612244897963,0,29
391,H1088,flat,16.9,20.0,195.8885714285714,338.0,autumn,49,platform 1,No.0 platform,270,MZ,flat,general,420.0,0.19523809523809524,0.7255132275132274,0,29
324,H1088,flat,30.66,9.4,240.0,288.204,autumn,77,curved surface,48m,240,MZ,unrestricted,general,756.0,0.6187777777777778,1.0,1,30
325,H1088,flat,30.66,9.4,240.0,288.204,autumn,77,curved surface,48m,240,MZ,unrestricted,general,756.0,0.6187777777777778,1.0,1,30
394,H1088,curved,24.0,15.6,234.10285714285715,374.4,autumn,61,curved surface,48m,240,HN,curved,general,756.0,0.5047619047619047,0.9754285714285714,1,30
393,H1088,flat,21.1,15.6,196.73428571428573,329.16,autumn,61,block assembly group,No.8 platform,350,HY,flat,general,440.0,0.25190909090909086,0.5620979591836736,0,30
372,H1088,flat,13.5,10.4,82.97428571428573,140.4,autumn,60,block assembly group,No.8 platform,350,flexible,unrestricted,general,440.0,0.6809090909090909,0.23706938775510208,0,32
395,H1087,flat,18.075,12.65,139.06517857142856,228.64875,autumn,51,platform 1,No.10 platform,280,yard ZH,unrestricted,general,400.0,0.428378125,0.4966613520408163,0,31
360,H1088,flat,20.1,20.9,240.0,420.09,autumn,55,curved surface,45m,240,ZH,flat,general,693.0,0.39380952380952383,1.0,1,35
400,H1087,flat,22.0,15.4,206.0457142857143,338.8,autumn,55,block assembly group,No.8 platform,350,HL,unrestricted,general,440.0,0.22999999999999998,0.5887020408163266,0,24
399,H1087,flat,19.175,15.4,172.81160714285716,295.295,autumn,55,platform 1,No.10 platform,280,yard ZH,flat,general,400.0,0.26176249999999995,0.6171843112244898,0,24
385,H1087,curved,14.0,12.6,101.36,176.4,autumn,52,platform 1,No.10 platform,280,RH,curved,fixed,400.0,0.5589999999999999,0.362,0,31
363,H1087,flat,15.49,19.15,173.33217142857143,296.63349999999997,autumn,52,platform 1,No.10 platform,280,yard HN,flat,general,360.0,0.17601805555555564,0.6190434693877551,0,32
361,H1088,flat,9.9,20.9,152.80571428571426,206.91,autumn,53,block assembly group,No.8 platform,350,HY,flat,general,440.0,0.52975,0.43658775510204073,0,33
374,H1088,flat,14.6,20.0,175.1885714285714,292.0,autumn,47,block assembly group,No.8 platform,350,HY,flat,general,440.0,0.33636363636363636,0.500538775510204,0,27
375,H1088,flat,14.6,20.0,175.1885714285714,292.0,autumn,47,platform 1,No.10 platform,280,RH,unrestricted,general,400.0,0.27,0.625673469387755,0,27
387,H1088,flat,9.0,11.95,63.943571428571424,107.55,autumn,43,platform 1,No.0 platform,270,MZ,unrestricted,general,420.0,0.7439285714285714,0.2368280423280423,0,23
401,H1087,flat,13.35,13.05,99.57857142857142,174.2175,autumn,35,platform 1,No.10 platform,280,yard HN,flat,general,360.0,0.5160625,0.3556377551020408,0,15
356,H1088,flat,18.74,19.44,208.31462857142856,364.30559999999997,autumn,53,platform 1,No.0 platform,270,QS,flat,general,420.0,0.13260571428571435,0.7715356613756613,0,33
354,H1087,flat,20.0,15.97,187.15454285714284,319.40000000000003,autumn,65,platform 1,No.10 platform,280,RH,unrestricted,general,400.0,0.2014999999999999,0.668409081632653,0,12
355,H1088,flat,21.0,15.97,198.86882857142857,335.37,autumn,65,platform 1,No.0 platform,270,MZ,unrestricted,general,420.0,0.20149999999999998,0.736551216931217,0,12
405,H1088,flat,10.0,9.55,54.62928571428572,95.5,autumn,34,curved surface,45m,240,ZH,flat,general,693.0,0.8621933621933622,0.22762202380952384,1,14
376,H1088,curved,14.0,11.95,96.80071428571428,167.29999999999998,autumn,44,block assembly group,No.8 platform,350,HL,curved,fixed,440.0,0.6197727272727274,0.27657346938775507,0,24
404,H1088,flat,17.0,9.55,108.62928571428571,162.35000000000002,autumn,34,curved surface,45m,240,ZH,flat,general,693.0,0.7657287157287157,0.4526220238095238,1,14
388,H1088,flat,17.86,7.8,108.5198857142857,139.308,autumn,41,platform 1,No.10 platform,280,yard ZH,unrestricted,general,400.0,0.65173,0.3875710204081632,0,21
389,H1088,flat,18.45,12.45,141.5442857142857,229.7025,autumn,41,platform 1,No.10 platform,280,yard HN,flat,general,360.0,0.3619375,0.505515306122449,0,21
362,H1088,flat,14.8,19.15,167.3607142857143,283.42,autumn,51,platform 1,No.10 platform,280,yard ZH,unrestricted,general,400.0,0.29145,0.5977168367346939,0,31
369,H1087,flat,10.97,13.152,83.80457257142858,144.27744,autumn,45,platform 1,No.0 platform,270,MZ,unrestricted,general,420.0,0.6564822857142857,0.3103873058201059,0,25
370,H1087,flat,18.861,13.05,150.29709171428573,246.13605,autumn,45,platform 1,No.10 platform,280,yard HN,unrestricted,general,400.0,0.384659875,0.5367753275510204,0,25
358,H1088,curved,18.6,19.35,205.82357142857148,359.9100000000001,autumn,51,platform 1,No.0 platform,270,MZ,curved,fixed,420.0,0.14307142857142838,0.762309523809524,0,31
364,H1087,flat,20.1,21.05,240.0,423.105,autumn,48,curved surface,48m,240,MZ,unrestricted,general,462.0,0.08418831168831165,1.0,1,28
396,H1087,flat,11.58,12.405,82.28012142857142,143.6499,autumn,38,platform 1,No.0 platform,270,QS,flat,general,420.0,0.6579764285714286,0.3047411904761904,0,18
397,H1087,flat,21.526,7.65,149.11176457142855,164.6739,autumn,38,block assembly group,No.8 platform,350,HL,unrestricted,general,440.0,0.6257411363636364,0.42603361306122445,0,18
365,H1087,flat,9.804,21.05,154.06311885714285,206.3742,autumn,46,block assembly group,No.8 platform,350,XZY,flat,general,440.0,0.5309677272727272,0.4401803395918367,0,26
340,H1088,curved,16.117,19.25,180.09148257142857,310.25225,autumn,57,block assembly group,No.8 platform,350,HL,curved,fixed,440.0,0.29488125,0.5145470930612245,0,37
339,H1088,flat,18.334,19.25,201.91373028571428,352.9295,autumn,57,curved surface,45m,240,ZH,flat,general,420.0,0.15969166666666662,0.8413072095238096,1,37
349,H1087,curved,14.308,15.97,131.35993257142857,228.49876,autumn,64,platform 1,No.10 platform,280,yard ZH,curved,fixed,400.0,0.4287531,0.4691426163265306,0,14
350,H1087,flat,14.308,15.97,131.35993257142857,228.49876,autumn,64,platform 1,No.0 platform,270,MZ,flat,general,420.0,0.4559553333333333,0.4865182687830688,0,14
382,H1087,flat,17.8,14.8,153.10857142857145,263.44,autumn,53,curved surface,42m,240,YT,unrestricted,general,324.0,0.1869135802469136,0.637952380952381,1,32
383,H1087,flat,17.8,14.8,153.10857142857145,263.44,autumn,53,block assembly group,No.8 platform,350,HY,flat,general,440.0,0.4012727272727273,0.43745306122448985,0,32
386,H1087,flat,19.9,14.2,170.7571428571428,282.58,autumn,53,curved surface,45m,240,ZH,flat,general,693.0,0.5922366522366522,0.7114880952380951,1,26
384,H1087,flat,17.9,14.2,149.15714285714284,254.17999999999998,autumn,53,platform 1,No.10 platform,280,yard HN,unrestricted,general,400.0,0.36455000000000004,0.532704081632653,0,26
341,H1088,flat,14.612,22.0,199.28872685714285,321.464,autumn,50,block assembly group,No.8 platform,350,flexible,unrestricted,general,440.0,0.26940000000000003,0.5693963624489796,0,30
368,H1087,flat,14.7,13.05,110.39785714285712,191.835,autumn,43,curved surface,45m,240,ZH,flat,general,420.0,0.54325,0.4599910714285713,1,23
333,H1087,flat,14.7,20.0,176.02571428571426,294.0,autumn,62,curved surface,45m,240,ZH,flat,general,693.0,0.5757575757575758,0.733440476190476,1,35
336,H1087,flat,14.7,20.0,176.02571428571426,294.0,autumn,61,block assembly group,No.8 platform,350,XZY,flat,general,440.0,0.33181818181818185,0.5029306122448979,0,35
371,H1088,flat,10.5,13.05,80.15785714285714,137.025,autumn,39,block assembly group,No.8 platform,350,flexible,unrestricted,general,440.0,0.6885795454545455,0.22902244897959181,0,19
359,H1088,flat,18.6,14.9,162.27714285714288,277.14000000000004,autumn,45,platform 1,No.10 platform,280,RH,unrestricted,general,400.0,0.30714999999999987,0.579561224489796,0,25
342,H1088,flat,15.531,12.2,111.44341742857144,189.4782,autumn,54,platform 1,No.10 platform,280,yard HN,flat,general,360.0,0.4736716666666667,0.39801220510204083,0,16
343,H1088,flat,15.531,12.2,111.44341742857144,189.4782,autumn,54,block assembly group,No.8 platform,350,HY,flat,general,440.0,0.5693677272727273,0.3184097640816327,0,16
344,H1088,flat,18.94,12.2,145.01817142857143,231.068,autumn,54,block assembly group,No.8 platform,350,flexible,unrestricted,general,440.0,0.4748454545454545,0.4143376326530612,0,16
345,H1088,flat,18.94,12.2,145.01817142857143,231.068,autumn,54,platform 1,No.10 platform,280,yard ZH,unrestricted,general,400.0,0.42233,0.5179220408163265,0,16
307,H1088,flat,13.38,17.28,136.46365714285716,231.20640000000003,autumn,64,platform 1,No.0 platform,270,QS,flat,general,378.0,0.38834285714285705,0.5054209523809524,0,14
308,H1088,flat,13.38,17.28,136.46365714285716,231.20640000000003,autumn,64,platform 1,No.0 platform,270,QS,flat,general,378.0,0.38834285714285705,0.5054209523809524,0,14
346,H1088,flat,29.101,15.68,240.0,456.30368,autumn,53,curved surface,45m,240,ZH,flat,general,693.0,0.3415531313131313,1.0,1,16
347,H1087,flat,29.101,15.68,240.0,456.30368,autumn,53,curved surface,45m,240,ZH,flat,general,693.0,0.3415531313131313,1.0,1,16
366,H1087,flat,10.1,13.065,77.91549285714284,131.95649999999998,autumn,40,block assembly group,No.8 platform,350,HL,flat,general,440.0,0.7000988636363636,0.22261569387755095,0,20
367,H1087,curved,14.94,13.05,112.43031428571427,194.967,autumn,40,platform 1,No.0 platform,270,MZ,curved,fixed,420.0,0.5357928571428571,0.4164085714285714,0,20
326,H1088,flat,13.38,17.28,136.46365714285716,231.20640000000003,autumn,62,platform 1,No.10 platform,280,yard ZH,unrestricted,general,400.0,0.4219839999999999,0.48737020408163273,0,13
327,H1088,flat,13.38,17.28,136.46365714285716,231.20640000000003,autumn,62,platform 1,No.10 platform,280,yard HN,unrestricted,general,400.0,0.4219839999999999,0.48737020408163273,0,13
279,H1088,flat,22.2,13.8,195.22285714285712,306.36,autumn,65,curved surface,48m,240,MZ,unrestricted,general,756.0,0.5947619047619047,0.8134285714285714,1,25
280,H1088,flat,22.2,13.8,195.22285714285712,306.36,autumn,65,curved surface,45m,240,ZH,flat,general,693.0,0.5579220779220779,0.8134285714285714,1,25
213,H1088,flat,30.66,9.4,240.0,288.204,autumn,77,curved surface,45m,240,ZH,flat,general,693.0,0.5841212121212122,1.0,1,30
214,H1088,curved,30.66,9.4,240.0,288.204,autumn,77,curved surface,48m,240,HN,curved,general,756.0,0.6187777777777778,1.0,1,30
348,H1087,flat,18.6,14.9,162.27714285714288,277.14000000000004,autumn,45,platform 1,No.0 platform,270,QS,flat,general,378.0,0.2668253968253967,0.6010264550264551,0,25
281,H1088,flat,8.82,15.798,93.5340582857143,139.33836,autumn,63,platform 1,No.0 platform,270,QS,flat,general,420.0,0.6682420000000001,0.34642243809523815,0,21
282,H1088,flat,8.82,15.798,93.5340582857143,139.33836,autumn,63,platform 1,No.10 platform,280,yard ZH,unrestricted,general,400.0,0.6516541000000001,0.33405020816326536,0,21
283,H1087,flat,15.59,15.978,142.38416685714284,249.09702,autumn,63,platform 1,No.10 platform,280,yard ZH,flat,general,400.0,0.37725745000000005,0.508514881632653,0,21
284,H1087,flat,15.59,15.978,142.38416685714284,249.09702,autumn,63,platform 1,No.10 platform,280,yard ZH,unrestricted,general,400.0,0.37725745000000005,0.508514881632653,0,21
221,H1087,flat,17.566,15.678,158.3897257142857,275.399748,autumn,76,platform 1,No.0 platform,270,MZ,flat,general,420.0,0.3442863142857143,0.5866286137566137,0,23
222,H1087,flat,17.566,15.678,158.3897257142857,275.399748,autumn,76,platform 1,No.10 platform,280,yard HN,unrestricted,general,360.0,0.23500070000000003,0.5656775918367346,0,23
223,H1087,curved,19.932,15.976,186.43348571428567,318.433632,autumn,76,curved surface,48m,240,MZ,unrestricted,general,462.0,0.3107497142857143,0.7768061904761903,1,23
224,H1087,flat,19.932,15.976,186.43348571428567,318.433632,autumn,76,block assembly group,No.8 platform,350,XZY,flat,general,440.0,0.2762872,0.5326671020408162,0,23
229,H1088,flat,18.618,14.354,157.90492571428572,267.24277199999995,autumn,71,platform 1,No.10 platform,280,yard HN,unrestricted,general,400.0,0.3318930700000001,0.5639461632653061,0,22
230,H1088,flat,18.618,14.354,157.90492571428572,267.24277199999995,autumn,71,curved surface,48m,240,MZ,unrestricted,general,462.0,0.4215524415584417,0.6579371904761905,1,22
231,H1088,flat,22.828,14.354,207.75854285714288,327.67311199999995,autumn,71,curved surface,45m,240,ZH,flat,general,693.0,0.5271672265512266,0.8656605952380954,1,22
232,H1088,curved,22.828,14.354,207.75854285714288,327.67311199999995,autumn,71,curved surface,48m,240,HN,curved,general,756.0,0.5665699576719577,0.8656605952380954,1,22
332,H1087,flat,24.1,17.41,240.0,419.581,autumn,45,curved surface,48m,240,MZ,unrestricted,general,756.0,0.4449986772486772,1.0,1,30
352,H1087,flat,19.0,16.8,183.78285714285715,319.2,autumn,35,platform 1,No.10 platform,280,RH,flat,general,360.0,0.11333333333333337,0.6563673469387755,0,30
317,H1087,flat,13.809,15.686,124.78259342857142,216.60797399999998,autumn,52,platform 1,No.10 platform,280,yard HN,flat,general,360.0,0.3983111833333334,0.44565211938775506,0,21
318,H1087,flat,13.809,15.686,124.78259342857142,216.60797399999998,autumn,52,block assembly group,No.8 platform,350,flexible,unrestricted,general,440.0,0.50770915,0.3565216955102041,0,21
319,H1087,flat,18.919,15.5,170.90816028571427,293.2445,autumn,52,platform 1,No.10 platform,280,RH,unrestricted,general,400.0,0.26688874999999995,0.6103862867346939,0,21
320,H1087,flat,18.919,15.5,170.90816028571427,293.2445,autumn,52,platform 1,No.10 platform,280,yard ZH,unrestricted,general,400.0,0.26688874999999995,0.6103862867346939,0,21
311,H1088,flat,8.95,15.97,95.75525714285716,142.9315,autumn,51,platform 1,No.0 platform,270,MZ,unrestricted,general,420.0,0.6596869047619047,0.3546491005291006,0,14
312,H1088,flat,8.95,15.97,95.75525714285716,142.9315,autumn,51,platform 1,No.10 platform,280,yard HN,flat,general,360.0,0.6029680555555555,0.34198306122448985,0,14
305,H1087,flat,10.53,15.97,104.54908571428572,168.1641,autumn,52,platform 1,No.10 platform,280,yard HN,unrestricted,general,400.0,0.57958975,0.3733895918367347,0,13
306,H1087,flat,10.53,15.97,104.54908571428572,168.1641,autumn,52,platform 1,No.10 platform,280,yard HN,flat,general,360.0,0.5328775,0.3733895918367347,0,13
255,H1087,flat,14.5,18.79,160.94688571428574,272.455,autumn,59,platform 1,No.0 platform,270,MZ,flat,general,420.0,0.3512976190476191,0.5960995767195768,0,25
256,H1087,flat,14.5,18.79,160.94688571428574,272.455,autumn,59,block assembly group,No.8 platform,350,HY,flat,general,440.0,0.38078409090909093,0.4598482448979593,0,25
253,H1087,flat,16.6,18.79,179.6068857142857,311.914,autumn,59,platform 1,No.10 platform,280,yard HN,flat,general,360.0,0.13357222222222226,0.6414531632653061,0,25
254,H1087,flat,16.6,18.79,179.6068857142857,311.914,autumn,59,block assembly group,No.8 platform,350,HL,unrestricted,general,440.0,0.2911045454545455,0.5131625306122449,0,25
200,H1088,flat,24.3,20.03,240.0,486.72900000000004,autumn,63,curved surface,45m,240,ZH,flat,general,693.0,0.2976493506493506,1.0,1,44
329,H1088,flat,7.416,16.884,97.16186057142856,125.21174400000001,autumn,46,platform 1,No.10 platform,280,yard ZH,flat,general,400.0,0.68697064,0.3470066448979591,0,19
328,H1088,flat,19.167,16.931,186.86647142857143,324.51647700000007,autumn,46,platform 1,No.10 platform,280,yard HN,unrestricted,general,360.0,0.09856534166666649,0.6673802551020408,0,19
338,H1087,flat,6.767,14.288,71.41120942857144,96.686896,autumn,47,platform 1,No.10 platform,280,yard HN,flat,general,360.0,0.7314252888888889,0.25504003367346945,0,16
337,H1087,flat,16.086,14.292,132.29161714285712,229.90111199999998,autumn,47,curved surface,45m,240,ZH,flat,general,420.0,0.45261640000000003,0.5512150714285713,1,16
270,H1087,flat,15.5,17.0,151.21428571428572,263.5,autumn,47,platform 1,No.0 platform,270,QS,flat,general,378.0,0.3029100529100529,0.5600529100529101,0,29
310,H1088,flat,7.416,16.884,97.16186057142856,125.21174400000001,autumn,47,platform 1,No.10 platform,280,yard HN,flat,general,360.0,0.6521895999999999,0.3470066448979591,0,20
309,H1088,flat,19.167,16.931,186.86647142857143,324.51647700000007,autumn,47,platform 1,No.10 platform,280,yard ZH,unrestricted,general,400.0,0.18870880749999983,0.6673802551020408,0,20
335,H1087,flat,6.767,14.288,71.41120942857144,96.686896,autumn,47,platform 1,No.10 platform,280,yard ZH,flat,general,400.0,0.7582827600000001,0.25504003367346945,0,16
334,H1087,flat,16.086,14.292,132.29161714285712,229.90111199999998,autumn,47,platform 1,No.10 platform,280,RH,flat,general,360.0,0.36138580000000003,0.4724700612244897,0,16
257,H1087,flat,18.0,15.97,165.44025714285712,287.46000000000004,autumn,64,platform 1,No.10 platform,280,yard HN,flat,general,360.0,0.2014999999999999,0.5908580612244897,0,11
258,H1087,flat,19.0,15.97,176.0116857142857,303.43,autumn,64,block assembly group,No.8 platform,350,HL,unrestricted,general,440.0,0.3103863636363636,0.5028905306122449,0,11
268,H1087,curved,15.5,16.0,141.78571428571428,248.0,autumn,47,platform 1,No.10 platform,280,yard HN,curved,fixed,400.0,0.38,0.5063775510204082,0,29
292,H1088,flat,24.4,10.4,201.00571428571425,253.76,autumn,58,curved surface,45m,240,ZH,flat,general,693.0,0.6338239538239538,0.8375238095238093,1,30
313,H1088,curved,19.76,18.47,209.02814285714288,364.9672,autumn,37,platform 1,No.10 platform,280,RH,curved,fixed,400.0,0.08758200000000002,0.7465290816326532,0,20
314,H1088,flat,19.76,18.47,209.02814285714288,364.9672,autumn,37,platform 1,No.10 platform,280,yard ZH,flat,general,400.0,0.08758200000000002,0.7465290816326532,0,20
267,H1087,flat,13.7,18.32,149.51782857142857,250.98399999999998,autumn,57,platform 1,No.10 platform,280,yard ZH,unrestricted,general,400.0,0.37254000000000004,0.5339922448979592,0,30
251,H1087,flat,22.5,18.32,240.0,412.2,autumn,58,curved surface,45m,240,ZH,flat,general,693.0,0.4051948051948052,1.0,1,30
252,H1087,flat,22.5,18.32,240.0,412.2,autumn,58,curved surface,45m,240,ZH,flat,general,693.0,0.4051948051948052,1.0,1,30
227,H1088,flat,14.4,17.28,144.55954285714287,248.83200000000002,autumn,61,platform 1,No.10 platform,280,yard HN,flat,general,360.0,0.30879999999999996,0.5162840816326532,0,32
228,H1088,flat,14.4,17.28,144.55954285714287,248.83200000000002,autumn,61,curved surface,42m,240,YT,unrestricted,general,324.0,0.23199999999999993,0.6023314285714286,1,32
225,H1087,flat,14.6,17.28,146.21668571428572,252.288,autumn,61,block assembly group,No.8 platform,350,HL,flat,general,440.0,0.4266181818181818,0.4177619591836735,0,32
226,H1087,flat,14.6,17.28,146.21668571428572,252.288,autumn,61,platform 1,No.0 platform,270,MZ,unrestricted,general,420.0,0.3993142857142857,0.5415432804232805,0,32
248,H1088,flat,13.7,18.32,149.51782857142857,250.98399999999998,autumn,58,platform 1,No.10 platform,280,yard ZH,flat,general,400.0,0.37254000000000004,0.5339922448979592,0,31
243,H1088,flat,14.308,15.97,131.35993257142857,228.49876,autumn,64,platform 1,No.10 platform,280,yard HN,unrestricted,general,360.0,0.3652812222222222,0.4691426163265306,0,14
244,H1088,flat,14.308,15.97,131.35993257142857,228.49876,autumn,64,platform 1,No.10 platform,280,RH,unrestricted,general,400.0,0.4287531,0.4691426163265306,0,14
266,H1088,flat,19.2,15.1,170.47142857142856,289.91999999999996,autumn,70,platform 1,No.10 platform,280,yard HN,unrestricted,general,360.0,0.1946666666666668,0.6088265306122449,0,31
265,H1088,flat,22.9,15.1,214.97714285714284,345.78999999999996,autumn,70,curved surface,48m,240,MZ,unrestricted,general,756.0,0.5426058201058201,0.8957380952380951,1,31
271,H1087,flat,13.38,18.79,152.02528571428573,251.4102,autumn,47,platform 1,No.0 platform,270,MZ,flat,general,420.0,0.4014042857142857,0.5630566137566139,0,15
272,H1087,flat,13.38,18.79,152.02528571428573,251.4102,autumn,47,platform 1,No.0 platform,270,MZ,unrestricted,general,420.0,0.4014042857142857,0.5630566137566139,0,15
273,H1087,flat,13.38,18.79,152.02528571428573,251.4102,autumn,47,platform 1,No.0 platform,270,QS,flat,general,378.0,0.3348936507936508,0.5630566137566139,0,15
274,H1087,flat,13.38,18.79,152.02528571428573,251.4102,autumn,47,platform 1,No.0 platform,270,MZ,unrestricted,general,420.0,0.4014042857142857,0.5630566137566139,0,15
288,H1087,flat,23.0,15.6,220.67428571428573,358.8,autumn,61,curved surface,45m,240,ZH,flat,general,693.0,0.4822510822510822,0.9194761904761906,1,30
287,H1087,flat,21.1,15.6,196.73428571428573,329.16,autumn,61,block assembly group,No.8 platform,350,XZY,unrestricted,general,440.0,0.25190909090909086,0.5620979591836736,0,30
241,H1087,curved,13.5,10.4,82.97428571428573,140.4,autumn,60,platform 1,No.10 platform,280,yard ZH,curved,fixed,400.0,0.649,0.2963367346938776,0,32
297,H1088,flat,18.0,7.3,107.79714285714286,131.4,autumn,42,platform 1,No.10 platform,280,yard HN,flat,general,360.0,0.635,0.38498979591836735,0,18
298,H1088,flat,19.0,7.3,118.36857142857144,138.7,autumn,42,platform 1,No.0 platform,270,MZ,unrestricted,general,420.0,0.6697619047619048,0.43840211640211646,0,18
299,H1087,flat,13.889,7.3,70.34123457142856,101.38969999999999,autumn,42,platform 1,No.10 platform,280,yard HN,flat,general,360.0,0.7183619444444445,0.2512186948979591,0,18
300,H1087,flat,13.889,7.3,70.34123457142856,101.38969999999999,autumn,42,block assembly group,No.8 platform,350,HL,unrestricted,general,440.0,0.7695688636363637,0.2009749559183673,0,18
289,H1087,flat,18.075,12.65,139.06517857142856,228.64875,autumn,52,block assembly group,No.8 platform,350,HY,unrestricted,general,440.0,0.48034374999999996,0.397329081632653,0,32
233,H1088,flat,15.531,12.2,111.44341742857144,189.4782,autumn,55,platform 1,No.0 platform,270,QS,flat,general,420.0,0.5488614285714286,0.41275339788359794,0,17
234,H1088,flat,15.531,12.2,111.44341742857144,189.4782,autumn,55,block assembly group,No.8 platform,350,HY,flat,general,440.0,0.5693677272727273,0.3184097640816327,0,17
235,H1087,flat,18.94,12.2,145.01817142857143,231.068,autumn,55,block assembly group,No.8 platform,350,flexible,unrestricted,general,440.0,0.4748454545454545,0.4143376326530612,0,17
236,H1087,flat,18.94,12.2,145.01817142857143,231.068,autumn,55,block assembly group,No.8 platform,350,HL,flat,general,440.0,0.4748454545454545,0.4143376326530612,0,17
205,H1087,curved,13.38,17.28,136.46365714285716,231.20640000000003,autumn,64,platform 1,No.0 platform,270,MZ,curved,fixed,420.0,0.44950857142857137,0.5054209523809524,0,14
206,H1087,flat,13.38,17.28,136.46365714285716,231.20640000000003,autumn,64,platform 1,No.10 platform,280,yard HN,unrestricted,general,400.0,0.4219839999999999,0.48737020408163273,0,14
301,H1087,flat,16.106,12.2,116.64092457142858,196.4932,autumn,32,block assembly group,No.8 platform,350,HY,flat,general,440.0,0.5534245454545454,0.33325978448979593,0,23
302,H1087,flat,16.106,12.2,116.64092457142858,196.4932,autumn,32,platform 1,No.0 platform,270,QS,flat,general,420.0,0.5321590476190476,0.4320034243386244,0,23
303,H1087,flat,24.07,12.2,208.05854285714284,293.654,autumn,32,curved surface,45m,240,ZH,flat,general,693.0,0.5762568542568542,0.8669105952380952,1,23
304,H1087,curved,24.07,12.2,208.05854285714284,293.654,autumn,32,curved surface,48m,240,HN,curved,general,756.0,0.611568783068783,0.8669105952380952,1,23
285,H1087,flat,13.0,12.6,93.64571428571428,163.79999999999998,autumn,52,platform 1,No.0 platform,270,MZ,flat,general,420.0,0.6100000000000001,0.34683597883597883,0,31
237,H1087,flat,29.101,15.68,240.0,456.30368,autumn,53,curved surface,45m,240,ZH,flat,general,693.0,0.3415531313131313,1.0,1,16
238,H1087,flat,29.101,15.68,240.0,456.30368,autumn,53,curved surface,45m,240,ZH,flat,general,693.0,0.3415531313131313,1.0,1,16
215,H1088,flat,13.38,17.28,136.46365714285716,231.20640000000003,autumn,61,platform 1,No.10 platform,280,yard ZH,unrestricted,general,400.0,0.4219839999999999,0.48737020408163273,0,12
216,H1088,flat,13.38,17.28,136.46365714285716,231.20640000000003,autumn,61,platform 1,No.10 platform,280,RH,unrestricted,general,400.0,0.4219839999999999,0.48737020408163273,0,12
296,H1088,flat,21.0,15.4,193.76,323.40000000000003,autumn,55,block assembly group,No.8 platform,350,XZY,flat,general,440.0,0.2649999999999999,0.5536,0,24
295,H1088,curved,19.175,15.4,172.81160714285716,295.295,autumn,55,platform 1,No.10 platform,280,RH,curved,fixed,400.0,0.26176249999999995,0.6171843112244898,0,24
180,H1088,flat,22.2,13.8,195.22285714285712,306.36,autumn,64,curved surface,48m,240,MZ,unrestricted,general,756.0,0.5947619047619047,0.8134285714285714,1,24
181,H1088,flat,22.2,13.8,195.22285714285712,306.36,autumn,64,curved surface,45m,240,ZH,flat,general,693.0,0.5579220779220779,0.8134285714285714,1,24
275,H1088,flat,13.412,19.5,160.03764114285715,261.534,autumn,45,block assembly group,No.8 platform,350,XZY,unrestricted,general,440.0,0.4056045454545455,0.45725040326530614,0,16
276,H1088,flat,13.412,19.5,160.03764114285715,261.534,autumn,45,platform 1,No.10 platform,280,yard ZH,unrestricted,general,400.0,0.346165,0.5715630040816327,0,16
277,H1088,curved,13.412,19.5,160.03764114285715,261.534,autumn,45,block assembly group,No.8 platform,350,HL,curved,fixed,440.0,0.4056045454545455,0.45725040326530614,0,16
278,H1088,flat,13.412,19.5,160.03764114285715,261.534,autumn,45,block assembly group,No.8 platform,350,HY,flat,general,440.0,0.4056045454545455,0.45725040326530614,0,16
260,H1088,flat,8.0,21.0,144.28571428571428,168.0,autumn,36,block assembly group,No.8 platform,350,HY,flat,general,440.0,0.6181818181818182,0.4122448979591837,0,29
259,H1088,curved,20.5,21.0,240.0,430.5,autumn,36,curved surface,48m,240,MZ,unrestricted,general,756.0,0.4305555555555556,1.0,1,29
152,H1088,flat,17.566,15.678,158.3897257142857,275.399748,autumn,77,platform 1,No.0 platform,270,MZ,unrestricted,general,420.0,0.3442863142857143,0.5866286137566137,0,24
153,H1088,flat,17.566,15.678,158.3897257142857,275.399748,autumn,77,block assembly group,No.8 platform,350,XZY,unrestricted,general,440.0,0.37409148181818186,0.45254207346938774,0,24
154,H1088,flat,19.932,15.976,186.43348571428567,318.433632,autumn,77,platform 1,No.10 platform,280,yard ZH,flat,general,400.0,0.20391592000000003,0.6658338775510202,0,24
155,H1087,flat,19.932,15.976,186.43348571428567,318.433632,autumn,77,platform 1,No.10 platform,280,yard HN,flat,general,360.0,0.11546213333333337,0.6658338775510202,0,24
219,H1087,flat,17.8,16.0,163.66857142857145,284.8,autumn,52,platform 1,No.10 platform,280,yard ZH,flat,general,400.0,0.288,0.584530612244898,0,32
220,H1087,flat,17.8,16.0,163.66857142857145,284.8,autumn,52,platform 1,No.0 platform,270,QS,flat,general,378.0,0.24656084656084654,0.6061798941798943,0,32
217,H1088,flat,20.1,16.0,188.5742857142857,321.6,autumn,52,block assembly group,No.8 platform,350,HY,flat,general,440.0,0.26909090909090905,0.5387836734693877,0,32
218,H1088,flat,20.1,16.0,188.5742857142857,321.6,autumn,52,block assembly group,No.8 platform,350,HL,unrestricted,general,440.0,0.26909090909090905,0.5387836734693877,0,32
184,H1088,flat,8.82,15.798,93.5340582857143,139.33836,autumn,63,platform 1,No.10 platform,280,yard HN,flat,general,360.0,0.612949,0.33405020816326536,0,21
185,H1088,flat,8.82,15.798,93.5340582857143,139.33836,autumn,63,platform 1,No.0 platform,270,QS,flat,general,378.0,0.63138,0.34642243809523815,0,21
186,H1088,flat,15.59,15.978,142.38416685714284,249.09702,autumn,63,curved surface,42m,240,YT,unrestricted,general,324.0,0.23118203703703707,0.5932673619047618,1,21
187,H1087,curved,15.59,15.978,142.38416685714284,249.09702,autumn,63,curved surface,48m,240,HN,curved,general,756.0,0.6705065873015873,0.5932673619047618,1,21
250,H1088,curved,8.0,21.0,144.28571428571428,168.0,autumn,36,platform 1,No.0 platform,270,MZ,unrestricted,general,420.0,0.6,0.5343915343915343,0,29
249,H1088,flat,20.5,21.0,240.0,430.5,autumn,36,curved surface,48m,240,MZ,unrestricted,general,462.0,0.06818181818181818,1.0,1,29
198,H1088,flat,28.614,19.075,240.0,545.81205,autumn,58,curved surface,45m,240,ZH,flat,general,693.0,0.21239242424242424,1.0,1,34
199,H1088,flat,28.614,19.075,240.0,545.81205,autumn,58,curved surface,48m,240,MZ,unrestricted,general,756.0,0.27802638888888886,1.0,1,34
162,H1087,flat,18.618,14.354,157.90492571428572,267.24277199999995,autumn,72,platform 1,No.10 platform,280,yard HN,flat,general,360.0,0.2576589666666668,0.5639461632653061,0,23
163,H1088,flat,18.618,14.354,157.90492571428572,267.24277199999995,autumn,72,platform 1,No.0 platform,270,MZ,unrestricted,general,420.0,0.36370768571428586,0.5848330582010582,0,23
164,H1088,flat,22.828,14.354,207.75854285714288,327.67311199999995,autumn,72,curved surface,48m,240,MZ,unrestricted,general,756.0,0.5665699576719577,0.8656605952380954,1,23
165,H1088,flat,22.828,14.354,207.75854285714288,327.67311199999995,autumn,72,curved surface,48m,240,MZ,unrestricted,general,756.0,0.5665699576719577,0.8656605952380954,1,23
246,H1088,flat,17.8,14.8,153.10857142857145,263.44,winter,55,platform 1,No.10 platform,280,yard ZH,flat,general,400.0,0.3414,0.5468163265306123,0,34
247,H1088,flat,17.8,14.8,153.10857142857145,263.44,winter,55,block assembly group,No.8 platform,350,HY,flat,general,440.0,0.4012727272727273,0.43745306122448985,0,34
207,H1087,flat,13.809,15.686,124.78259342857142,216.60797399999998,winter,52,platform 1,No.10 platform,280,yard ZH,unrestricted,general,400.0,0.45848006500000005,0.44565211938775506,0,21
208,H1087,flat,13.809,15.686,124.78259342857142,216.60797399999998,winter,52,platform 1,No.10 platform,280,yard ZH,flat,general,400.0,0.45848006500000005,0.44565211938775506,0,21
209,H1087,flat,18.919,15.5,170.90816028571427,293.2445,winter,52,platform 1,No.0 platform,270,QS,flat,general,378.0,0.22422089947089943,0.6329931862433862,0,21
210,H1087,flat,18.919,15.5,170.90816028571427,293.2445,winter,52,block assembly group,No.8 platform,350,HY,flat,general,440.0,0.3335352272727272,0.48830902938775506,0,21
203,H1087,flat,8.95,15.97,95.75525714285716,142.9315,winter,51,platform 1,No.10 platform,280,yard HN,flat,general,360.0,0.6029680555555555,0.34198306122448985,0,14
204,H1087,flat,8.95,15.97,95.75525714285716,142.9315,winter,51,platform 1,No.10 platform,280,yard HN,unrestricted,general,360.0,0.6029680555555555,0.34198306122448985,0,14
201,H1088,flat,10.53,15.97,104.54908571428572,168.1641,winter,52,platform 1,No.10 platform,280,yard HN,unrestricted,general,400.0,0.57958975,0.3733895918367347,0,13
202,H1088,flat,10.53,15.97,104.54908571428572,168.1641,winter,52,platform 1,No.10 platform,280,yard ZH,flat,general,400.0,0.57958975,0.3733895918367347,0,13
290,H1087,flat,21.0,8.6,147.1314285714286,180.6,winter,29,platform 1,No.0 platform,270,MZ,flat,general,420.0,0.5700000000000001,0.5449312169312169,0,17
291,H1088,flat,21.0,8.6,147.1314285714286,180.6,winter,29,platform 1,No.0 platform,270,MZ,unrestricted,general,420.0,0.5700000000000001,0.5449312169312169,0,17
176,H1087,flat,16.6,18.79,179.6068857142857,311.914,winter,58,platform 1,No.10 platform,280,RH,unrestricted,general,400.0,0.22021500000000002,0.6414531632653061,0,24
177,H1087,flat,16.6,18.79,179.6068857142857,311.914,winter,58,platform 1,No.0 platform,270,MZ,flat,general,420.0,0.2573476190476191,0.6652106878306878,0,24
286,H1087,curved,19.9,14.2,170.7571428571428,282.58,winter,53,platform 1,No.10 platform,280,RH,curved,fixed,400.0,0.29355000000000003,0.60984693877551,0,26
172,H1087,flat,14.5,18.79,160.94688571428574,272.455,winter,59,platform 1,No.10 platform,280,yard HN,unrestricted,general,400.0,0.31886250000000005,0.5748103061224491,0,25
173,H1087,flat,14.5,18.79,160.94688571428574,272.455,winter,59,platform 1,No.10 platform,280,yard ZH,unrestricted,general,400.0,0.31886250000000005,0.5748103061224491,0,25
188,H1087,flat,30.66,9.4,240.0,288.204,winter,46,curved surface,48m,240,MZ,unrestricted,general,756.0,0.6187777777777778,1.0,1,32
269,H1087,flat,17.9,14.2,149.15714285714284,254.17999999999998,winter,53,platform 1,No.0 platform,270,MZ,unrestricted,general,420.0,0.3948095238095239,0.5524338624338624,0,26
322,H1087,curved,9.215,10.9,58.20749285714286,100.4435,winter,25,platform 1,No.10 platform,280,yard ZH,curved,fixed,400.0,0.7488912500000001,0.2078839030612245,0,19
321,H1087,flat,15.665,11.094,105.27687457142856,173.78750999999997,winter,25,block assembly group,No.8 platform,350,flexible,unrestricted,general,440.0,0.6050283863636363,0.30079107020408163,0,19
331,H1087,curved,8.709,14.287,79.9900142857143,124.425483,winter,20,platform 1,No.0 platform,270,MZ,curved,fixed,420.0,0.70374885,0.29625931216931223,0,15
294,H1088,flat,16.231,14.307,133.75303142857143,232.21691700000002,winter,26,platform 1,No.10 platform,280,yard ZH,flat,general,400.0,0.41945770749999994,0.4776893979591837,0,18
239,H1087,flat,16.6,19.5,187.3742857142857,323.70000000000005,winter,40,platform 1,No.0 platform,270,QS,flat,general,378.0,0.14365079365079353,0.6939788359788359,0,32
240,H1087,flat,16.6,19.5,187.3742857142857,323.70000000000005,winter,40,block assembly group,No.8 platform,350,HL,flat,general,440.0,0.26431818181818173,0.5353551020408163,0,32
316,H1087,flat,9.215,10.9,58.20749285714286,100.4435,winter,25,platform 1,No.10 platform,280,yard ZH,unrestricted,general,400.0,0.7488912500000001,0.2078839030612245,0,19
315,H1087,flat,15.665,11.094,105.27687457142856,173.78750999999997,winter,25,platform 1,No.10 platform,280,yard ZH,unrestricted,general,400.0,0.5655312250000001,0.375988837755102,0,19
323,H1088,flat,8.709,14.287,79.9900142857143,124.425483,winter,21,platform 1,No.0 platform,270,MZ,flat,general,420.0,0.70374885,0.29625931216931223,0,16
293,H1088,flat,16.231,14.307,133.75303142857143,232.21691700000002,winter,26,platform 1,No.10 platform,280,yard ZH,flat,general,400.0,0.41945770749999994,0.4776893979591837,0,18
170,H1088,flat,14.7,20.0,176.02571428571426,294.0,winter,64,block assembly group,No.8 platform,350,HY,flat,general,440.0,0.33181818181818185,0.5029306122448979,0,37
171,H1087,flat,14.7,20.0,176.02571428571426,294.0,winter,63,platform 1,No.0 platform,270,MZ,flat,general,420.0,0.3,0.6519470899470898,0,37
245,H1088,flat,14.7,19.5,170.38285714285712,286.65,winter,37,curved surface,45m,240,ZH,flat,general,693.0,0.5863636363636364,0.7099285714285714,1,30
263,H1088,flat,11.2,17.72,125.55382857142855,198.46399999999997,winter,33,platform 1,No.10 platform,280,yard ZH,unrestricted,general,400.0,0.5038400000000001,0.44840653061224484,0,15
264,H1088,flat,11.2,17.72,125.55382857142855,198.46399999999997,winter,33,curved surface,42m,240,YT,unrestricted,general,324.0,0.3874567901234569,0.5231409523809523,1,15
261,H1088,flat,13.412,17.72,141.10861257142855,237.66064,winter,33,platform 1,No.10 platform,280,yard ZH,unrestricted,general,400.0,0.4058484,0.5039593306122448,0,15
262,H1088,flat,13.412,17.72,141.10861257142855,237.66064,winter,33,platform 1,No.10 platform,280,yard ZH,flat,general,400.0,0.4058484,0.5039593306122448,0,15
211,H1088,flat,19.76,18.47,209.02814285714288,364.9672,winter,36,curved surface,48m,240,MZ,unrestricted,general,756.0,0.5172391534391535,0.8709505952380954,1,19
212,H1088,flat,19.76,18.47,209.02814285714288,364.9672,winter,36,platform 1,No.10 platform,280,yard ZH,unrestricted,general,400.0,0.08758200000000002,0.7465290816326532,0,19
242,H1087,flat,14.7,19.5,170.38285714285712,286.65,winter,37,platform 1,No.10 platform,280,yard ZH,flat,general,400.0,0.28337500000000004,0.6085102040816326,0,30
139,H1087,flat,13.7,18.32,149.51782857142857,250.98399999999998,winter,70,platform 1,No.0 platform,270,MZ,flat,general,420.0,0.4024190476190477,0.5537697354497354,0,34
140,H1087,flat,22.5,18.32,240.0,412.2,winter,70,curved surface,45m,240,ZH,flat,general,693.0,0.4051948051948052,1.0,1,34
150,H1088,flat,14.4,17.28,144.55954285714287,248.83200000000002,winter,63,platform 1,No.10 platform,280,yard HN,unrestricted,general,400.0,0.3779199999999999,0.5162840816326532,0,34
151,H1088,curved,14.4,17.28,144.55954285714287,248.83200000000002,winter,63,platform 1,No.10 platform,280,yard ZH,curved,fixed,400.0,0.3779199999999999,0.5162840816326532,0,34
148,H1088,flat,14.6,17.28,146.21668571428572,252.288,winter,63,platform 1,No.10 platform,280,yard HN,flat,general,360.0,0.29919999999999997,0.5222024489795919,0,34
149,H1088,flat,14.6,17.28,146.21668571428572,252.288,winter,63,platform 1,No.0 platform,270,MZ,unrestricted,general,420.0,0.3993142857142857,0.5415432804232805,0,34
146,H1087,flat,14.7,19.5,170.38285714285712,286.65,winter,69,platform 1,No.0 platform,270,QS,flat,general,378.0,0.24166666666666672,0.631047619047619,0,33
147,H1088,flat,16.6,19.5,187.3742857142857,323.70000000000005,winter,69,platform 1,No.10 platform,280,yard ZH,unrestricted,general,400.0,0.1907499999999999,0.6691938775510203,0,33
182,H1088,flat,13.38,18.79,152.02528571428573,251.4102,winter,48,block assembly group,No.8 platform,350,HL,unrestricted,general,440.0,0.4286131818181818,0.43435795918367354,0,16
183,H1088,flat,13.38,18.79,152.02528571428573,251.4102,winter,48,platform 1,No.10 platform,280,yard HN,unrestricted,general,360.0,0.30163833333333334,0.5429474489795919,0,16
178,H1087,curved,13.38,18.79,152.02528571428573,251.4102,winter,47,block assembly group,No.8 platform,350,HL,curved,fixed,440.0,0.4286131818181818,0.43435795918367354,0,15
179,H1088,flat,13.38,18.79,152.02528571428573,251.4102,winter,47,platform 1,No.10 platform,280,yard HN,flat,general,360.0,0.30163833333333334,0.5429474489795919,0,15
156,H1087,flat,19.76,18.47,209.02814285714288,364.9672,winter,49,platform 1,No.10 platform,280,RH,unrestricted,general,400.0,0.08758200000000002,0.7465290816326532,0,43
145,H1087,flat,16.106,12.2,116.64092457142858,196.4932,winter,57,platform 1,No.10 platform,280,yard HN,flat,general,360.0,0.45418555555555556,0.4165747306122449,0,30
157,H1087,flat,24.07,12.2,208.05854285714284,293.654,winter,53,curved surface,48m,240,MZ,unrestricted,general,756.0,0.611568783068783,0.8669105952380952,1,30
189,H1087,flat,14.308,15.97,131.35993257142857,228.49876,winter,58,platform 1,No.0 platform,270,MZ,flat,general,420.0,0.4559553333333333,0.4865182687830688,0,22
190,H1087,flat,16.0,7.3,88.36857142857143,116.8,winter,43,block assembly group,No.8 platform,350,flexible,unrestricted,general,440.0,0.7345454545454545,0.2524816326530612,0,19
191,H1087,flat,17.0,7.3,97.79714285714286,124.1,winter,43,platform 1,No.10 platform,280,yard ZH,unrestricted,general,400.0,0.68975,0.34927551020408165,0,19
192,H1087,flat,13.889,7.3,70.34123457142856,101.38969999999999,winter,43,platform 1,No.10 platform,280,yard HN,flat,general,360.0,0.7183619444444445,0.2512186948979591,0,19
193,H1087,flat,13.889,7.3,70.34123457142856,101.38969999999999,winter,43,platform 1,No.10 platform,280,yard HN,flat,general,360.0,0.7183619444444445,0.2512186948979591,0,19
194,H1087,flat,16.106,12.2,116.64092457142858,196.4932,winter,34,platform 1,No.10 platform,280,RH,unrestricted,general,400.0,0.508767,0.4165747306122449,0,25
195,H1088,flat,16.106,12.2,116.64092457142858,196.4932,winter,34,block assembly group,No.8 platform,350,XZY,unrestricted,general,440.0,0.5534245454545454,0.33325978448979593,0,25
196,H1088,curved,24.07,12.2,208.05854285714284,293.654,winter,34,curved surface,48m,240,HN,curved,general,756.0,0.611568783068783,0.8669105952380952,1,25
197,H1088,flat,24.07,12.2,208.05854285714284,293.654,winter,34,curved surface,45m,240,ZH,flat,general,693.0,0.5762568542568542,0.8669105952380952,1,25
166,H1088,flat,15.531,12.2,111.44341742857144,189.4782,winter,47,platform 1,No.0 platform,270,MZ,unrestricted,general,420.0,0.5488614285714286,0.41275339788359794,0,31
167,H1088,flat,18.94,12.2,145.01817142857143,231.068,winter,47,block assembly group,No.8 platform,350,flexible,unrestricted,general,440.0,0.4748454545454545,0.4143376326530612,0,31
135,H1088,flat,17.8,16.0,163.66857142857145,284.8,winter,56,platform 1,No.10 platform,280,yard ZH,unrestricted,general,400.0,0.288,0.584530612244898,0,36
136,H1088,flat,17.8,16.0,163.66857142857145,284.8,winter,56,curved surface,45m,240,ZH,flat,general,420.0,0.32190476190476186,0.6819523809523811,1,36
133,H1088,curved,20.1,16.0,188.5742857142857,321.6,winter,56,block assembly group,No.8 platform,350,flexible,unrestricted,general,440.0,0.26909090909090905,0.5387836734693877,0,36
134,H1088,flat,20.1,16.0,188.5742857142857,321.6,winter,56,block assembly group,No.8 platform,350,flexible,unrestricted,general,440.0,0.26909090909090905,0.5387836734693877,0,36
161,H1087,flat,22.2,13.8,195.22285714285712,306.36,winter,52,curved surface,45m,240,ZH,flat,general,693.0,0.5579220779220779,0.8134285714285714,1,28
169,H1088,curved,17.0,15.97,155.44025714285712,271.49,winter,68,platform 1,No.10 platform,280,RH,curved,fixed,400.0,0.321275,0.555143775510204,0,24
132,H1088,flat,14.5,18.79,160.94688571428574,272.455,winter,56,platform 1,No.0 platform,270,QS,flat,general,420.0,0.3512976190476191,0.5960995767195768,0,31
131,H1088,flat,16.6,18.79,179.6068857142857,311.914,winter,57,platform 1,No.10 platform,280,RH,flat,general,360.0,0.13357222222222226,0.6414531632653061,0,31
168,H1088,flat,21.0,8.6,147.1314285714286,180.6,winter,38,block assembly group,No.8 platform,350,HL,flat,general,440.0,0.5895454545454545,0.42037551020408165,0,21
129,H1087,flat,13.809,15.686,124.78259342857142,216.60797399999998,winter,56,platform 1,No.0 platform,270,QS,flat,general,378.0,0.4269630317460318,0.4621577534391534,0,37
130,H1087,flat,18.919,15.5,170.90816028571427,293.2445,winter,56,platform 1,No.10 platform,280,yard HN,flat,general,360.0,0.18543194444444439,0.6103862867346939,0,37
174,H1087,flat,21.0,8.6,147.1314285714286,180.6,winter,33,block assembly group,No.8 platform,350,HY,flat,general,440.0,0.5895454545454545,0.42037551020408165,0,21
175,H1087,flat,21.0,8.6,147.1314285714286,180.6,winter,33,platform 1,No.0 platform,270,MZ,unrestricted,general,420.0,0.5700000000000001,0.5449312169312169,0,21
120,H1088,flat,19.2,15.1,170.47142857142856,289.91999999999996,winter,76,block assembly group,No.8 platform,350,XZY,flat,general,440.0,0.34109090909090917,0.4870612244897959,0,37
119,H1088,flat,22.9,15.1,214.97714285714284,345.78999999999996,winter,76,curved surface,45m,240,ZH,flat,general,693.0,0.501024531024531,0.8957380952380951,1,37
107,H1087,flat,17.8,16.0,163.66857142857145,284.8,winter,66,platform 1,No.10 platform,280,yard HN,flat,general,360.0,0.20888888888888885,0.584530612244898,0,37
106,H1088,curved,20.1,16.0,188.5742857142857,321.6,winter,66,block assembly group,No.8 platform,350,HL,curved,fixed,440.0,0.26909090909090905,0.5387836734693877,0,37
117,H1088,flat,18.618,14.354,157.90492571428572,267.24277199999995,winter,62,block assembly group,No.8 platform,350,HL,unrestricted,general,440.0,0.39263006363636377,0.45115693061224493,0,39
118,H1088,flat,22.828,14.354,207.75854285714288,327.67311199999995,winter,62,curved surface,45m,240,ZH,flat,general,693.0,0.5271672265512266,0.8656605952380954,1,39
143,H1087,flat,15.0,7.3,79.51142857142858,109.5,winter,51,platform 1,No.0 platform,270,QS,flat,general,420.0,0.7392857142857143,0.2944867724867725,0,21
144,H1087,flat,13.889,7.3,70.34123457142856,101.38969999999999,winter,51,platform 1,No.10 platform,280,RH,unrestricted,general,400.0,0.74652575,0.2512186948979591,0,21
158,H1087,flat,13.38,17.28,136.46365714285716,231.20640000000003,winter,51,block assembly group,No.8 platform,350,flexible,unrestricted,general,440.0,0.474530909090909,0.3898961632653062,0,19
159,H1087,flat,13.38,17.28,136.46365714285716,231.20640000000003,winter,48,platform 1,No.10 platform,280,RH,unrestricted,general,400.0,0.4219839999999999,0.48737020408163273,0,17
114,H1087,flat,17.566,15.678,158.3897257142857,275.399748,winter,58,block assembly group,No.8 platform,350,HL,unrestricted,general,440.0,0.37409148181818186,0.45254207346938774,0,36
99,H1088,flat,19.932,15.976,186.43348571428567,318.433632,winter,67,platform 1,No.10 platform,280,yard HN,unrestricted,general,360.0,0.11546213333333337,0.6658338775510202,0,45
123,H1087,flat,7.416,16.884,97.16186057142856,125.21174400000001,winter,50,block assembly group,No.8 platform,350,HY,flat,general,440.0,0.7154278545454545,0.27760531591836735,0,23
124,H1087,curved,7.416,16.884,97.16186057142856,125.21174400000001,winter,50,platform 1,No.10 platform,280,RH,curved,fixed,400.0,0.68697064,0.3470066448979591,0,23
121,H1088,flat,19.167,16.931,186.86647142857143,324.51647700000007,winter,50,platform 1,No.0 platform,270,QS,flat,general,378.0,0.1414908015873014,0.6920980423280423,0,23
122,H1088,flat,19.167,16.931,186.86647142857143,324.51647700000007,winter,50,platform 1,No.10 platform,280,yard HN,flat,general,360.0,0.09856534166666649,0.6673802551020408,0,23
160,H1087,curved,29.101,15.68,240.0,456.30368,winter,39,curved surface,48m,240,HN,curved,general,756.0,0.3964237037037037,1.0,1,30
35,H1088,flat,28.614,19.075,240.0,545.81205,winter,83,curved surface,45m,240,ZH,flat,general,693.0,0.21239242424242424,1.0,1,65
141,H1087,flat,10.53,15.97,104.54908571428572,168.1641,winter,70,platform 1,No.10 platform,280,RH,unrestricted,general,400.0,0.57958975,0.3733895918367347,0,11
127,H1087,flat,6.767,14.288,71.41120942857144,96.686896,winter,51,platform 1,No.10 platform,280,yard ZH,unrestricted,general,400.0,0.7582827600000001,0.25504003367346945,0,20
128,H1087,flat,6.767,14.288,71.41120942857144,96.686896,winter,51,block assembly group,No.8 platform,350,HY,flat,general,440.0,0.7802570545454546,0.20403202693877553,0,20
125,H1087,flat,16.086,14.292,132.29161714285712,229.90111199999998,winter,51,block assembly group,No.8 platform,350,flexible,unrestricted,general,440.0,0.4774974727272728,0.37797604897959175,0,20
126,H1087,flat,16.086,14.292,132.29161714285712,229.90111199999998,winter,51,platform 1,No.0 platform,270,QS,flat,general,420.0,0.45261640000000003,0.4899689523809523,0,20
137,H1088,flat,13.38,18.79,152.02528571428573,251.4102,winter,41,platform 1,No.10 platform,280,yard HN,flat,general,360.0,0.30163833333333334,0.5429474489795919,0,19
138,H1088,flat,13.38,18.79,152.02528571428573,251.4102,winter,41,platform 1,No.10 platform,280,yard HN,flat,general,360.0,0.30163833333333334,0.5429474489795919,0,19
90,H1087,curved,15.5,14.0,124.64285714285714,217.0,winter,53,platform 1,No.10 platform,280,RH,curved,fixed,400.0,0.4575,0.4451530612244898,0,35
91,H1087,curved,15.5,15.0,132.92857142857142,232.5,winter,53,platform 1,No.0 platform,270,MZ,unrestricted,general,420.0,0.44642857142857145,0.4923280423280423,0,35
142,H1087,curved,8.95,15.97,95.75525714285716,142.9315,winter,67,platform 1,No.0 platform,270,MZ,curved,fixed,420.0,0.6596869047619047,0.3546491005291006,0,10
82,H1088,flat,22.5,18.32,240.0,412.2,winter,64,curved surface,45m,240,ZH,flat,general,693.0,0.4051948051948052,1.0,1,36
83,H1088,flat,22.5,18.32,240.0,412.2,winter,64,curved surface,45m,240,ZH,flat,general,693.0,0.4051948051948052,1.0,1,36
84,H1088,curved,13.7,18.32,149.51782857142857,250.98399999999998,winter,63,platform 1,No.10 platform,280,RH,curved,fixed,400.0,0.37254000000000004,0.5339922448979592,0,36
85,H1087,curved,13.7,18.32,149.51782857142857,250.98399999999998,winter,63,platform 1,No.10 platform,280,RH,curved,fixed,400.0,0.37254000000000004,0.5339922448979592,0,36
115,H1088,curved,8.82,15.798,93.5340582857143,139.33836,winter,47,block assembly group,No.8 platform,350,HL,curved,fixed,440.0,0.6833219090909092,0.2672401665306123,0,27
94,H1087,curved,14.4,17.28,144.55954285714287,248.83200000000002,winter,60,block assembly group,No.8 platform,350,HL,curved,fixed,440.0,0.43447272727272723,0.4130272653061225,0,39
116,H1088,flat,15.59,15.978,142.38416685714284,249.09702,winter,47,platform 1,No.10 platform,280,yard HN,flat,general,360.0,0.30806383333333337,0.508514881632653,0,27
93,H1087,flat,14.6,17.28,146.21668571428572,252.288,winter,60,curved surface,42m,240,YT,unrestricted,general,324.0,0.2213333333333333,0.6092361904761905,1,39
80,H1088,curved,30.66,9.4,240.0,288.204,winter,52,curved surface,48m,240,HN,curved,general,756.0,0.6187777777777778,1.0,1,38
102,H1088,flat,13.412,19.5,160.03764114285715,261.534,winter,49,platform 1,No.10 platform,280,yard HN,unrestricted,general,360.0,0.2735166666666667,0.5715630040816327,0,20
103,H1088,flat,13.412,19.5,160.03764114285715,261.534,winter,49,block assembly group,No.8 platform,350,HL,unrestricted,general,440.0,0.4056045454545455,0.45725040326530614,0,20
104,H1088,flat,13.412,19.5,160.03764114285715,261.534,winter,49,platform 1,No.0 platform,270,QS,flat,general,378.0,0.3081111111111111,0.5927320042328043,0,20
105,H1088,flat,13.412,19.5,160.03764114285715,261.534,winter,49,block assembly group,No.8 platform,350,HL,unrestricted,general,440.0,0.4056045454545455,0.45725040326530614,0,20
7,H1087,flat,28.614,19.075,240.0,545.81205,winter,85,curved surface,48m,240,MZ,unrestricted,general,756.0,0.27802638888888886,1.0,1,67
33,H1087,flat,13.7,18.32,149.51782857142857,250.98399999999998,winter,75,platform 1,No.10 platform,280,yard HN,unrestricted,general,400.0,0.37254000000000004,0.5339922448979592,0,39
34,H1087,flat,22.5,18.32,240.0,412.2,winter,75,curved surface,48m,240,MZ,unrestricted,general,756.0,0.45476190476190476,1.0,1,39
40,H1088,flat,14.7,19.5,170.38285714285712,286.65,winter,72,platform 1,No.10 platform,280,yard HN,unrestricted,general,400.0,0.28337500000000004,0.6085102040816326,0,36
41,H1088,flat,16.6,19.5,187.3742857142857,323.70000000000005,winter,72,platform 1,No.10 platform,280,yard ZH,unrestricted,general,400.0,0.1907499999999999,0.6691938775510203,0,36
88,H1087,curved,8.0,21.0,144.28571428571428,168.0,winter,42,curved surface,48m,240,HN,curved,general,756.0,0.7777777777777778,0.6011904761904762,1,35
89,H1087,curved,8.0,21.0,144.28571428571428,168.0,winter,42,curved surface,48m,240,MZ,unrestricted,general,462.0,0.6363636363636364,0.6011904761904762,1,35
86,H1087,curved,20.5,21.0,240.0,430.5,winter,42,curved surface,48m,240,MZ,unrestricted,general,462.0,0.06818181818181818,1.0,1,35
87,H1087,curved,20.5,21.0,240.0,430.5,winter,42,curved surface,48m,240,HN,curved,general,756.0,0.4305555555555556,1.0,1,35
49,H1088,flat,16.106,12.2,116.64092457142858,196.4932,winter,61,platform 1,No.0 platform,270,QS,flat,general,420.0,0.5321590476190476,0.4320034243386244,0,34
54,H1087,curved,24.07,12.2,208.05854285714284,293.654,winter,57,curved surface,48m,240,HN,curved,general,756.0,0.611568783068783,0.8669105952380952,1,34
79,H1088,curved,15.5,13.0,116.92857142857144,201.5,winter,40,platform 1,No.10 platform,280,yard HN,unrestricted,general,360.0,0.44027777777777777,0.41760204081632657,0,35
50,H1088,flat,19.76,18.47,209.02814285714288,364.9672,winter,53,curved surface,45m,240,ZH,flat,general,420.0,0.13103047619047622,0.8709505952380954,1,47
36,H1088,flat,28.614,19.075,240.0,545.81205,winter,63,curved surface,48m,240,MZ,unrestricted,general,756.0,0.27802638888888886,1.0,1,39
37,H1088,flat,28.614,19.075,240.0,545.81205,winter,63,curved surface,45m,240,ZH,flat,general,693.0,0.21239242424242424,1.0,1,39
81,H1088,flat,14.308,15.97,131.35993257142857,228.49876,winter,60,platform 1,No.10 platform,280,yard HN,unrestricted,general,400.0,0.4287531,0.4691426163265306,0,24
67,H1087,curved,9.215,10.9,58.20749285714286,100.4435,winter,55,block assembly group,No.8 platform,350,HL,curved,fixed,440.0,0.7717193181818183,0.1663071224489796,0,22
66,H1087,flat,15.665,11.094,105.27687457142856,173.78750999999997,winter,55,curved surface,42m,240,YT,unrestricted,general,324.0,0.4636187962962964,0.43865364404761903,1,22
59,H1087,curved,15.531,12.2,111.44341742857144,189.4782,winter,47,platform 1,No.0 platform,270,MZ,curved,fixed,420.0,0.5488614285714286,0.41275339788359794,0,31
60,H1087,curved,18.94,12.2,145.01817142857143,231.068,winter,47,platform 1,No.10 platform,280,yard ZH,curved,fixed,400.0,0.42233,0.5179220408163265,0,31
64,H1087,curved,8.0,21.0,144.28571428571428,168.0,winter,48,platform 1,No.0 platform,270,MZ,curved,fixed,420.0,0.6,0.5343915343915343,0,34
63,H1087,curved,20.0,21.0,240.0,420.0,winter,48,platform 1,No.0 platform,270,MZ,curved,fixed,420.0,0.0,0.8888888888888888,0,34
70,H1087,flat,6.767,14.288,71.41120942857144,96.686896,winter,54,platform 1,No.10 platform,280,yard HN,unrestricted,general,400.0,0.7582827600000001,0.25504003367346945,0,21
71,H1087,flat,8.709,14.287,79.9900142857143,124.425483,winter,54,block assembly group,No.8 platform,350,HY,flat,general,440.0,0.7172148113636364,0.2285428979591837,0,21
68,H1087,curved,16.086,14.292,132.29161714285712,229.90111199999998,winter,54,platform 1,No.10 platform,280,yard ZH,curved,fixed,400.0,0.42524722000000004,0.4724700612244897,0,21
69,H1087,flat,16.231,14.307,133.75303142857143,232.21691700000002,winter,54,block assembly group,No.8 platform,350,HL,unrestricted,general,440.0,0.4722342795454545,0.38215151836734695,0,21
97,H1087,flat,11.2,17.72,125.55382857142855,198.46399999999997,winter,37,platform 1,No.10 platform,280,yard ZH,unrestricted,general,400.0,0.5038400000000001,0.44840653061224484,0,19
98,H1087,flat,11.2,17.72,125.55382857142855,198.46399999999997,winter,37,platform 1,No.10 platform,280,yard HN,flat,general,360.0,0.44871111111111117,0.44840653061224484,0,19
95,H1087,curved,13.412,17.72,141.10861257142855,237.66064,winter,37,platform 1,No.10 platform,280,yard HN,unrestricted,general,400.0,0.4058484,0.5039593306122448,0,19
96,H1087,flat,13.412,17.72,141.10861257142855,237.66064,winter,37,platform 1,No.0 platform,270,MZ,unrestricted,general,420.0,0.4341413333333333,0.522624491005291,0,19
57,H1087,curved,22.2,13.8,195.22285714285712,306.36,winter,53,curved surface,48m,240,HN,curved,general,756.0,0.5947619047619047,0.8134285714285714,1,29
73,H1088,flat,16.6,19.5,187.3742857142857,323.70000000000005,winter,44,platform 1,No.0 platform,270,QS,flat,general,378.0,0.14365079365079353,0.6939788359788359,0,36
74,H1088,flat,16.6,19.5,187.3742857142857,323.70000000000005,winter,44,platform 1,No.10 platform,280,RH,flat,general,360.0,0.1008333333333332,0.6691938775510203,0,36
110,H1087,flat,9.215,10.9,58.20749285714286,100.4435,winter,28,platform 1,No.10 platform,280,yard HN,flat,general,360.0,0.7209902777777779,0.2078839030612245,0,22
111,H1087,flat,9.215,10.9,58.20749285714286,100.4435,winter,28,platform 1,No.0 platform,270,QS,flat,general,420.0,0.7608488095238096,0.2155833068783069,0,22
108,H1087,flat,15.665,11.094,105.27687457142856,173.78750999999997,winter,28,platform 1,No.10 platform,280,yard HN,flat,general,360.0,0.5172569166666667,0.375988837755102,0,22
109,H1087,flat,15.665,11.094,105.27687457142856,173.78750999999997,winter,28,block assembly group,No.8 platform,350,XZY,flat,general,440.0,0.6050283863636363,0.30079107020408163,0,22
112,H1087,flat,8.709,14.287,79.9900142857143,124.425483,winter,22,platform 1,No.10 platform,280,RH,flat,general,360.0,0.6543736583333334,0.2856786224489796,0,17
113,H1087,flat,8.709,14.287,79.9900142857143,124.425483,winter,22,platform 1,No.10 platform,280,yard HN,flat,general,360.0,0.6543736583333334,0.2856786224489796,0,17
100,H1088,flat,16.231,14.307,133.75303142857143,232.21691700000002,winter,29,platform 1,No.10 platform,280,yard HN,unrestricted,general,400.0,0.41945770749999994,0.4776893979591837,0,21
101,H1088,flat,16.231,14.307,133.75303142857143,232.21691700000002,winter,29,platform 1,No.10 platform,280,yard ZH,flat,general,400.0,0.41945770749999994,0.4776893979591837,0,21
45,H1088,flat,14.5,18.79,160.94688571428574,272.455,winter,55,platform 1,No.10 platform,280,yard HN,flat,general,360.0,0.2431805555555556,0.5748103061224491,0,30
42,H1088,curved,16.6,18.79,179.6068857142857,311.914,winter,56,block assembly group,No.8 platform,350,HL,unrestricted,general,440.0,0.2911045454545455,0.5131625306122449,0,30
77,H1088,flat,14.7,19.5,170.38285714285712,286.65,winter,42,platform 1,No.10 platform,280,RH,unrestricted,general,400.0,0.28337500000000004,0.6085102040816326,0,35
78,H1088,flat,14.7,19.5,170.38285714285712,286.65,winter,42,block assembly group,No.8 platform,350,HL,unrestricted,general,440.0,0.3485227272727273,0.48680816326530607,0,35
72,H1088,flat,21.0,8.6,147.1314285714286,180.6,winter,38,platform 1,No.0 platform,270,QS,flat,general,420.0,0.5700000000000001,0.5449312169312169,0,21
58,H1087,curved,16.0,15.97,146.01168571428573,255.52,winter,69,platform 1,No.0 platform,270,MZ,curved,fixed,420.0,0.3916190476190476,0.5407840211640212,0,25
22,H1087,curved,13.809,15.686,124.78259342857142,216.60797399999998,winter,58,platform 1,No.0 platform,270,MZ,curved,fixed,420.0,0.4842667285714286,0.4621577534391534,0,39
23,H1087,curved,18.919,15.5,170.90816028571427,293.2445,winter,58,platform 1,No.0 platform,270,MZ,curved,fixed,420.0,0.3017988095238095,0.6329931862433862,0,39
62,H1087,curved,11.2,17.72,125.55382857142855,198.46399999999997,winter,46,platform 1,No.10 platform,280,RH,curved,fixed,400.0,0.5038400000000001,0.44840653061224484,0,19
76,H1088,flat,13.412,17.72,141.10861257142855,237.66064,winter,43,platform 1,No.0 platform,270,QS,flat,general,420.0,0.4341413333333333,0.522624491005291,0,19
61,H1087,curved,13.412,19.5,160.03764114285715,261.534,winter,46,platform 1,No.0 platform,270,MZ,curved,fixed,420.0,0.3773,0.5927320042328043,0,19
75,H1088,flat,13.412,19.5,160.03764114285715,261.534,winter,43,block assembly group,No.8 platform,350,flexible,unrestricted,general,440.0,0.4056045454545455,0.45725040326530614,0,19
48,H1088,curved,15.5,12.0,109.78571428571428,186.0,winter,40,block assembly group,No.8 platform,350,flexible,unrestricted,general,440.0,0.5772727272727273,0.3136734693877551,0,35
13,H1087,flat,18.618,14.354,157.90492571428572,267.24277199999995,winter,60,platform 1,No.10 platform,280,yard HN,unrestricted,general,400.0,0.3318930700000001,0.5639461632653061,0,37
14,H1087,curved,22.828,14.354,207.75854285714288,327.67311199999995,winter,60,curved surface,48m,240,HN,curved,general,756.0,0.5665699576719577,0.8656605952380954,1,37
46,H1088,flat,25.0,7.3,193.7971428571429,182.5,winter,51,curved surface,48m,240,MZ,unrestricted,general,756.0,0.7585978835978836,0.8074880952380954,1,21
47,H1088,curved,13.889,7.3,70.34123457142856,101.38969999999999,winter,51,platform 1,No.10 platform,280,RH,curved,fixed,400.0,0.74652575,0.2512186948979591,0,21
25,H1087,curved,9.215,10.9,58.20749285714286,100.4435,winter,55,platform 1,No.10 platform,280,yard ZH,curved,fixed,400.0,0.7488912500000001,0.2078839030612245,0,22
24,H1087,curved,15.665,11.094,105.27687457142856,173.78750999999997,winter,55,platform 1,No.10 platform,280,yard ZH,curved,fixed,400.0,0.5655312250000001,0.375988837755102,0,22
6,H1087,curved,17.8,16.0,163.66857142857145,284.8,winter,66,block assembly group,No.8 platform,350,HL,curved,fixed,440.0,0.3527272727272727,0.4676244897959184,0,37
5,H1087,curved,20.1,16.0,188.5742857142857,321.6,winter,66,block assembly group,No.8 platform,350,HL,curved,fixed,440.0,0.26909090909090905,0.5387836734693877,0,37
56,H1087,curved,7.416,16.884,97.16186057142856,125.21174400000001,winter,34,platform 1,No.10 platform,280,yard HN,curved,fixed,400.0,0.68697064,0.3470066448979591,0,27
55,H1087,curved,19.167,16.931,186.86647142857143,324.51647700000007,winter,34,platform 1,No.0 platform,270,MZ,curved,fixed,420.0,0.22734172142857126,0.6920980423280423,0,27
12,H1087,flat,17.566,15.678,158.3897257142857,275.399748,winter,58,platform 1,No.0 platform,270,QS,flat,general,378.0,0.2714292380952381,0.5866286137566137,0,36
4,H1087,flat,19.932,15.976,186.43348571428567,318.433632,winter,69,platform 1,No.10 platform,280,yard ZH,unrestricted,general,400.0,0.20391592000000003,0.6658338775510202,0,47
29,H1087,flat,6.767,14.288,71.41120942857144,96.686896,winter,54,platform 1,No.10 platform,280,RH,unrestricted,general,400.0,0.7582827600000001,0.25504003367346945,0,21
30,H1087,curved,8.709,14.287,79.9900142857143,124.425483,winter,54,platform 1,No.10 platform,280,yard HN,curved,fixed,400.0,0.6889362925,0.2856786224489796,0,21
26,H1087,curved,16.086,14.292,132.29161714285712,229.90111199999998,winter,54,platform 1,No.0 platform,270,MZ,unrestricted,general,420.0,0.45261640000000003,0.4899689523809523,0,21
27,H1087,curved,16.231,14.307,133.75303142857143,232.21691700000002,winter,54,block assembly group,No.8 platform,350,HL,curved,fixed,440.0,0.4722342795454545,0.38215151836734695,0,21
51,H1088,flat,13.38,17.28,136.46365714285716,231.20640000000003,winter,51,platform 1,No.10 platform,280,yard ZH,unrestricted,general,400.0,0.4219839999999999,0.48737020408163273,0,19
53,H1088,flat,29.101,15.68,240.0,456.30368,winter,41,curved surface,45m,240,ZH,flat,general,693.0,0.3415531313131313,1.0,1,32
52,H1088,curved,13.38,17.28,136.46365714285716,231.20640000000003,winter,48,block assembly group,No.8 platform,350,HL,unrestricted,general,440.0,0.474530909090909,0.3898961632653062,0,17
19,H1087,curved,8.0,21.0,144.28571428571428,168.0,winter,48,platform 1,No.0 platform,270,MZ,unrestricted,general,420.0,0.6,0.5343915343915343,0,34
18,H1087,curved,20.0,21.0,240.0,420.0,winter,48,platform 1,No.0 platform,270,MZ,curved,fixed,420.0,0.0,0.8888888888888888,0,34
43,H1088,curved,13.38,18.79,152.02528571428573,251.4102,winter,41,platform 1,No.0 platform,270,MZ,curved,fixed,420.0,0.4014042857142857,0.5630566137566139,0,19
44,H1088,flat,13.38,18.79,152.02528571428573,251.4102,winter,41,platform 1,No.10 platform,280,RH,unrestricted,general,400.0,0.3714745,0.5429474489795919,0,19
38,H1088,flat,10.53,15.97,104.54908571428572,168.1641,winter,70,platform 1,No.0 platform,270,QS,flat,general,420.0,0.5996092857142857,0.387218835978836,0,11
39,H1088,flat,8.95,15.97,95.75525714285716,142.9315,spring,67,block assembly group,No.8 platform,350,HL,flat,general,440.0,0.6751556818181818,0.2735864489795919,0,10
10,H1087,flat,8.82,15.798,93.5340582857143,139.33836,spring,47,platform 1,No.10 platform,280,yard ZH,unrestricted,general,400.0,0.6516541000000001,0.33405020816326536,0,27
21,H1087,curved,11.2,17.72,125.55382857142855,198.46399999999997,spring,44,platform 1,No.10 platform,280,yard HN,curved,fixed,400.0,0.5038400000000001,0.44840653061224484,0,17
32,H1087,flat,13.412,17.72,141.10861257142855,237.66064,spring,41,block assembly group,No.8 platform,350,HY,flat,general,440.0,0.45986218181818184,0.40316746448979585,0,17
11,H1087,flat,15.59,15.978,142.38416685714284,249.09702,spring,47,platform 1,No.10 platform,280,yard ZH,flat,general,400.0,0.37725745000000005,0.508514881632653,0,27
20,H1087,curved,13.412,19.5,160.03764114285715,261.534,spring,44,platform 1,No.10 platform,280,RH,curved,fixed,400.0,0.346165,0.5715630040816327,0,17
31,H1087,curved,13.412,19.5,160.03764114285715,261.534,spring,41,block assembly group,No.8 platform,350,XZY,unrestricted,general,440.0,0.4056045454545455,0.45725040326530614,0,17
2,H1087,curved,14.4,17.28,144.55954285714287,248.83200000000002,spring,60,platform 1,No.10 platform,280,yard HN,curved,fixed,400.0,0.3779199999999999,0.5162840816326532,0,39
1,H1087,flat,14.6,17.28,146.21668571428572,252.288,spring,60,platform 1,No.10 platform,280,yard ZH,unrestricted,general,400.0,0.36928,0.5222024489795919,0,39
9,H1087,flat,7.416,16.884,97.16186057142856,125.21174400000001,spring,34,platform 1,No.10 platform,280,yard HN,flat,general,360.0,0.6521895999999999,0.3470066448979591,0,27
8,H1087,flat,19.167,16.931,186.86647142857143,324.51647700000007,spring,34,platform 1,No.0 platform,270,QS,flat,general,420.0,0.22734172142857126,0.6920980423280423,0,27
