block_index,block_ship_no,block_no,result_block_sequence_no,position_id,position_index,position_description,block_type,block_length,block_width,block output,block_weight,block_is_combined,block_combined_block,block_on_position_date,block_earliest_start,block_latest_start,position_primary_area,position_secondary_area,position_size,position_lifting_capacity,position_height_limit,position_labor_team,position_designated_block,position_block_type,position_attribute,position_column1,initial_ship_no,initial_vessel_type,initial_block_no,initial_earliest_start,initial_expected_completion,block_processing_cycle
757,H1088,284,757,PPT0811A,94,No.8 South-21,flat,20.0,18.4,368.0,211.01714285714283,,,2018-03-03,2018-02-24,2018-06-30,block assembly group,No.8 platform,20*22,350,,HL,,flat,general,,,,,,,72
758,H1088,294,758,PPT1057A,78,No.10 North-14,flat,20.0,18.4,368.0,211.01714285714283,,,2018-03-03,2018-02-24,2018-06-29,platform 1,No.10 platform,20*20,280,,RH,,,general,,,,,,,71
823,H1088,836,823,PPT0809A,92,No.8 South-17,flat,6.45,21.691,139.90695,146.31485171428568,,,2018-03-18,2018-03-17,2018-06-04,block assembly group,No.8 platform,20*22,350,,HL,,,general,,,,,,,53
822,H1088,826,822,BQM4810A,10,48 South-10,flat,20.852,21.691,452.300732,240.0,,,2018-03-18,2018-03-17,2018-06-04,curved surface,48m,22*21,240,9,MZ,,,general,,H1098,17.7,153.0,2017-10-20,2017-11-08,53
819,H1088,101,819,BQM4503A,22,45 South-3,flat,30.66,9.4,288.204,240.0,,,2018-03-25,2018-03-18,2018-06-11,curved surface,45m,33*21,240,9,ZH,,flat,general,,H1103,31.6,183.0,2017-10-26,2017-11-16,61
881,H1087,102,881,PPT1009A,67,No.10 South-17,flat,16.588,12.377,205.30967600000002,122.38624942857145,,,2018-03-25,2018-03-24,2018-05-09,platform 1,No.10 platform,18*20,280,,yard HN,,flat,general,,,,,,,39
856,H1088,110,856,PPT0808A,91,No.8 South-15,flat,13.0,5.487,71.331,56.887762571428574,,,2018-03-25,2018-03-25,2018-05-22,block assembly group,No.8 platform,20*22,350,,HL,,,general,,,,,,,42
810,H1088,835,810,PPT1060A,81,No.10 North-20,flat,18.0,17.3,311.40000000000003,178.08285714285714,,,2018-03-26,2018-03-17,2018-06-17,platform 1,No.10 platform,20*20,280,,yard HN,,,general,,,,,,,40
809,H1088,825,809,PPT0052A,50,No.0 East-4,flat,18.455,17.3,319.2715,182.82200714285713,,,2018-03-26,2018-03-17,2018-06-17,platform 1,No.0 platform,20*21,270,,MZ,,flat,general,,,,,,,40
847,H1087,272,847,PPT0804A,87,No.8 South-7,flat,15.89,20.773,330.08297,195.43132257142858,,,2018-03-27,2018-03-25,2018-06-09,block assembly group,No.8 platform,20*22,350,,XZY,,,general,,,,,,,35
803,H1088,694,803,PPT1056A,77,No.10 North-12,flat,16.7,18.4,307.28,176.41428571428568,,,2018-03-31,2018-03-17,2018-06-17,platform 1,No.10 platform,20*20,280,,RH,,,general,,,,,,,39
802,H1087,684,802,PPT0060A,58,No.0 East-20,flat,17.5,18.4,322.0,184.23142857142855,,,2018-03-31,2018-03-17,2018-06-17,platform 1,No.0 platform,18*21,270,,QS,,flat,general,,,,,,,39
880,H1087,101,880,PPT1054A,75,No.10 North-8,curved,13.007,16.37,212.92459,124.90255685714286,,,2018-04-01,2018-03-31,2018-05-09,platform 1,No.10 platform,20*20,280,,yard ZH,,,general,,,,,,,36
869,H1088,161,869,PPT1060A,81,No.10 North-20,flat,14.057,15.486,217.68670200000003,124.97584142857144,,,2018-04-03,2018-04-02,2018-06-03,platform 1,No.10 platform,20*20,280,,yard HN,,,general,,,,,,,32
874,H1088,103,874,BQM4503A,22,45 South-3,flat,24.0,11.0,264.0,199.14285714285714,,,2018-04-03,2018-04-02,2018-05-22,curved surface,45m,33*21,240,9,ZH,,flat,general,,H1103,31.6,183.0,2017-10-26,2017-11-16,39
793,H1088,182,793,PPT1060A,81,No.10 North-20,flat,7.9,19.9,157.21,130.97714285714284,,,2018-04-06,2018-03-27,2018-06-20,platform 1,No.10 platform,20*20,280,,yard HN,,,general,,,,,,,42
794,H1088,192,794,BQM4503A,22,45 South-3,flat,23.8,19.9,473.62,240.0,,,2018-04-06,2018-03-27,2018-06-20,curved surface,45m,33*21,240,9,ZH,,flat,general,,H1103,31.6,183.0,2017-10-26,2017-11-16,42
867,H1088,163,867,PPT1003A,61,No.10 South-5,flat,16.387,11.151,182.731437,112.25102,,,2018-04-08,2018-04-01,2018-06-04,platform 1,No.10 platform,20*20,280,,yard ZH,,,general,,,,,,,29
870,H1088,173,870,PPT1054A,75,No.10 North-8,flat,16.387,11.151,182.731437,112.25102,,,2018-04-08,2018-04-01,2018-06-03,platform 1,No.10 platform,20*20,280,,yard ZH,,,general,,,,,,,29
830,H1087,143,830,PPT1001A,59,No.10 South-1,flat,14.606,16.186,236.412716,135.80623771428571,,,2018-04-11,2018-04-03,2018-06-11,platform 1,No.10 platform,20*20,280,,yard ZH,,flat,general,,,,,,,45
831,H1087,153,831,PPT1004A,62,No.10 South-7,flat,19.167,16.07,308.01369000000005,178.74822542857146,,,2018-04-11,2018-04-03,2018-06-11,platform 1,No.10 platform,20*20,280,,yard ZH,,,general,,,,,,,45
857,H1088,112,857,PPT0807A,90,No.8 South-13,flat,21.0,5.15,108.15,133.57785714285714,,,2018-04-11,2018-04-11,2018-05-20,block assembly group,No.8 platform,20*22,350,,XZY,,flat,general,,,,,,,26
828,H1087,683,828,PPT0861A,108,No.8 North-22,flat,16.6,18.9,313.74,180.79142857142855,,,2018-04-13,2018-03-27,2018-06-12,block assembly group,No.8 platform,20*22,350,,HY,,,general,,,,,,,25
829,H1087,693,829,PPT1060A,81,No.10 North-20,flat,16.6,18.9,313.74,180.79142857142855,,,2018-04-13,2018-03-27,2018-06-12,platform 1,No.10 platform,20*20,280,,yard HN,,,general,,,,,,,25
804,H1088,134,804,PPT0810A,93,No.8 South-19,flat,19.318,18.5,357.38300000000004,204.41003542857146,,,2018-04-13,2018-04-01,2018-06-15,block assembly group,No.8 platform,20*22,350,,HL,,flat,general,,,,,,,45
864,H1087,144,864,BQM4202A,37,42 South-2,flat,15.117,16.07,242.93019,139.0767397142857,,,2018-04-13,2018-04-11,2018-06-04,curved surface,42m,18*18,240,9M,YT,,,general,,H1094,17.7,631.0,2017-10-24,2017-11-05,24
865,H1087,154,865,PPT0057A,55,No.0 East-14,flat,19.39,16.07,311.5973,181.20485714285718,,,2018-04-13,2018-04-11,2018-06-04,platform 1,No.0 platform,20*21,270,,QS,,flat,general,,,,,,,24
805,H1088,124,805,PPT0059A,57,No.0 East-18,flat,16.142,18.85,304.2767,175.9676182857143,,,2018-04-14,2018-04-01,2018-06-15,platform 1,No.0 platform,18*21,270,,QS,,flat,general,,,,,,,45
861,H1087,122,861,PPT1057A,78,No.10 North-14,flat,15.531,12.2,189.4782,111.44341742857144,,,2018-04-14,2018-04-07,2018-06-08,platform 1,No.10 platform,20*20,280,,RH,,,general,,,,,,,24
848,H1087,132,848,PPT1057A,78,No.10 North-14,flat,18.94,12.2,231.068,145.01817142857143,,,2018-04-14,2018-04-07,2018-06-11,platform 1,No.10 platform,20*20,280,,RH,,,general,,,,,,,27
879,H1087,101,879,PPT1007A,65,No.10 South-13,flat,11.523,8.65,99.67395,59.31486542857143,,,2018-04-14,2018-04-13,2018-05-21,platform 1,No.10 platform,18*20,280,,RH,,flat,general,,,,,,,29
862,H1087,103,862,BQM4853A,13,48 North-3,curved,29.101,15.68,456.30368,240.0,,,2018-04-15,2018-04-08,2018-06-08,curved surface,48m,36*21,240,9,HN,,curved,general,,H1094,17.7,825.0,2017-10-25,2017-11-15,51
871,H1088,102,871,BQM4803A,3,48 South-3,curved,26.372,14.65,386.3498,240.0,,,2018-04-15,2018-04-14,2018-05-29,curved surface,48m,36*21,240,9,MZ,,,general,,H1094,17.7,154.0,2017-10-25,2017-11-12,37
797,H1087,801,797,PPT0056A,54,No.0 East-12,flat,20.814,15.31,318.66234000000003,190.74819885714285,,,2018-04-16,2018-04-11,2018-06-17,platform 1,No.0 platform,20*21,270,,QS,,flat,general,,,,,,,50
866,H1087,632,866,PPT1056A,77,No.10 North-12,flat,13.38,17.28,231.20640000000003,136.46365714285716,,,2018-04-16,2018-04-12,2018-06-09,platform 1,No.10 platform,20*20,280,,RH,,,general,,,,,,,15
787,H1088,111,787,BQM4503A,22,45 South-3,flat,22.2,13.8,306.36,195.22285714285712,,,2018-04-17,2018-04-10,2018-06-19,curved surface,45m,33*21,240,9,ZH,,flat,general,,H1103,31.6,183.0,2017-10-26,2017-11-16,40
863,H1087,622,863,BQM4803A,3,48 South-3,flat,13.38,17.28,231.20640000000003,136.46365714285716,,,2018-04-17,2018-04-12,2018-06-10,curved surface,48m,36*21,240,9,MZ,,,general,,H1094,17.7,154.0,2017-10-25,2017-11-12,15
792,H1088,154,792,BQM4503A,22,45 South-3,flat,24.839,16.385,406.98701500000004,240.0,,,2018-04-20,2018-03-27,2018-06-19,curved surface,45m,33*21,240,9,ZH,,flat,general,,H1103,31.6,183.0,2017-10-26,2017-11-16,40
843,H1087,834,843,BQM4803A,3,48 South-3,flat,26.0,13.72,356.72,240.0,,,2018-04-20,2018-04-15,2018-06-09,curved surface,48m,36*21,240,9,MZ,,,general,,H1094,17.7,154.0,2017-10-25,2017-11-12,25
842,H1088,824,842,PPT1055A,76,No.10 North-10,flat,14.342,13.72,196.77224,112.55181828571429,,,2018-04-20,2018-04-15,2018-06-09,platform 1,No.10 platform,20*20,280,,RH,,,general,,,,,,,25
859,H1087,835,859,BQM4810A,10,48 South-10,flat,5.59,17.008,95.07472,91.57718971428571,,,2018-04-21,2018-04-17,2018-06-05,curved surface,48m,22*21,240,9,MZ,,,general,,H1098,17.7,153.0,2017-10-20,2017-11-08,28
858,H1088,825,858,PPT0811A,94,No.8 South-21,flat,17.18,16.97,291.5446,166.60951428571428,,,2018-04-21,2018-04-17,2018-06-05,block assembly group,No.8 platform,20*22,350,,HL,,flat,general,,,,,,,28
878,H1087,832,878,PPT0810A,93,No.8 South-19,flat,15.0,10.3,154.5,94.59714285714287,,,2018-04-21,2018-04-18,2018-05-29,block assembly group,No.8 platform,20*22,350,,HL,,flat,general,,,,,,,23
877,H1087,822,877,PPT0056A,54,No.0 East-12,flat,12.6,10.3,129.78,75.67142857142858,,,2018-04-21,2018-04-18,2018-05-29,platform 1,No.0 platform,20*21,270,,QS,,flat,general,,,,,,,23
760,H1088,144,760,BQM4504A,23,45 South-4,flat,17.566,15.678,275.399748,158.3897257142857,,,2018-04-22,2018-04-15,2018-07-06,curved surface,45m,20*21,240,9,ZH,,flat,general,,H1103,31.6,193.0,2017-10-26,2017-11-16,49
759,H1088,154,759,PPT0052A,50,No.0 East-4,flat,19.932,15.976,318.433632,186.43348571428572,,,2018-04-22,2018-04-15,2018-07-07,platform 1,No.0 platform,20*21,270,,MZ,,flat,general,,,,,,,51
849,H1087,143,849,PPT1007A,65,No.10 South-13,flat,13.809,15.686,216.60797399999998,124.78259342857142,,,2018-04-23,2018-04-18,2018-06-09,platform 1,No.10 platform,18*20,280,,RH,,flat,general,,,,,,,22
850,H1087,153,850,PPT0861A,108,No.8 North-22,flat,18.919,15.5,293.2445,170.90816028571427,,,2018-04-23,2018-04-18,2018-06-09,block assembly group,No.8 platform,20*22,350,,HY,,,general,,,,,,,22
795,H1087,183,795,PPT1055A,76,No.10 North-10,flat,8.82,15.798,139.33836,93.5340582857143,,,2018-04-23,2018-04-19,2018-06-22,platform 1,No.10 platform,20*20,280,,RH,,,general,,,,,,,22
796,H1087,193,796,PPT0060A,58,No.0 East-20,flat,15.59,15.978,249.09702,142.38416685714284,,,2018-04-23,2018-04-19,2018-06-22,platform 1,No.0 platform,18*21,270,,QS,,flat,general,,,,,,,22
765,H1087,124,765,PPT0801A,84,No.8 South-1,flat,18.618,14.354,267.24277199999995,157.90492571428572,,,2018-04-24,2018-04-18,2018-07-05,block assembly group,No.8 platform,20*22,350,,HY,,flat,general,block assembly group,,,,,,47
761,H1088,134,761,BQM4803A,3,48 South-3,flat,22.828,14.354,327.67311199999995,207.75854285714286,,,2018-04-24,2018-04-18,2018-07-06,curved surface,48m,36*21,240,9,MZ,,,general,,H1094,17.7,154.0,2017-10-25,2017-11-12,48
853,H1088,835,853,PPT0861A,108,No.8 North-22,curved,7.416,16.884,125.21174400000001,97.16186057142856,,,2018-04-25,2018-04-19,2018-06-07,block assembly group,No.8 platform,20*22,350,,HY,,,general,,,,,,,22
852,H1088,825,852,PPT0804A,87,No.8 South-7,flat,19.167,16.931,324.51647700000007,186.86647142857146,,,2018-04-25,2018-04-19,2018-06-07,block assembly group,No.8 platform,20*22,350,,XZY,,,general,,,,,,,22
873,H1088,832,873,PPT0801A,84,No.8 South-1,flat,6.767,14.288,96.686896,71.41120942857144,,,2018-04-25,2018-04-20,2018-06-05,block assembly group,No.8 platform,20*22,350,,HY,,flat,general,block assembly group,,,,,,18
872,H1088,822,872,PPT0052A,50,No.0 East-4,flat,16.086,14.292,229.90111199999998,132.29161714285712,,,2018-04-25,2018-04-20,2018-06-05,platform 1,No.0 platform,20*21,270,,MZ,,flat,general,,,,,,,18
824,H1088,631,824,PPT0811A,94,No.8 South-21,flat,10.53,15.97,168.1641,104.54908571428572,,,2018-04-25,2018-04-25,2018-06-18,block assembly group,No.8 platform,20*22,350,,HL,,flat,general,,,,,,,15
812,H1087,803,812,PPT0058A,56,No.0 East-16,flat,15.5,21.0,325.5,194.64285714285714,,,2018-04-26,2018-04-25,2018-06-12,platform 1,No.0 platform,18*21,270,,QS,,flat,general,,,,,,,30
815,H1087,283,815,PPT0059A,57,No.0 East-18,flat,13.7,18.32,250.98399999999998,149.51782857142857,,,2018-04-27,2018-04-20,2018-06-17,platform 1,No.0 platform,18*21,270,,QS,,flat,general,,,,,,,31
811,H1087,293,811,BQM4803A,3,48 South-3,flat,22.5,18.32,412.2,240.0,,,2018-04-27,2018-04-20,2018-06-18,curved surface,48m,36*21,240,9,MZ,,,general,,H1094,17.7,154.0,2017-10-25,2017-11-12,31
825,H1088,621,825,PPT1053A,74,No.10 North-6,flat,8.95,15.97,142.9315,95.75525714285716,,,2018-04-27,2018-04-27,2018-06-18,platform 1,No.10 platform,20*20,280,,yard ZH,,,general,,,,,,,15
789,H1088,273,789,PPT1007A,65,No.10 South-13,flat,14.5,18.79,272.455,160.94688571428574,,,2018-04-28,2018-04-27,2018-06-25,platform 1,No.10 platform,18*20,280,,RH,,flat,general,,,,,,,25
788,H1088,263,788,PPT1009A,67,No.10 South-17,flat,16.6,18.79,311.914,179.6068857142857,,,2018-04-28,2018-04-27,2018-06-25,platform 1,No.10 platform,18*20,280,,yard HN,,flat,general,,,,,,,25
838,H1088,623,838,PPT1007A,65,No.10 South-13,flat,13.38,18.79,251.4102,152.02528571428573,,,2018-04-29,2018-04-28,2018-06-15,platform 1,No.10 platform,18*20,280,,RH,,flat,general,,,,,,,15
839,H1088,633,839,PPT0051A,49,No.0 East-2,flat,13.38,18.79,251.4102,152.02528571428573,,,2018-04-29,2018-04-28,2018-06-15,platform 1,No.0 platform,20*21,270,,MZ,,flat,general,,,,,,,15
844,H1087,102,844,PPT1058A,79,No.10 North-16,curved,19.76,18.47,364.9672,209.02814285714288,,,2018-04-29,2018-04-29,2018-06-06,platform 1,No.10 platform,20*20,280,,yard HN,,curved,fixed,,,,,,,21
777,H1088,261,777,PPT0057A,55,No.0 East-14,flat,20.5,18.8,385.40000000000003,221.05428571428573,,,2018-04-30,2018-04-30,2018-06-28,platform 1,No.0 platform,20*21,270,,QS,,flat,general,,,,,,,34
771,H1088,628,771,PPT0058A,56,No.0 East-16,flat,15.6,20.0,312.0,183.81714285714287,,,2018-05-01,2018-04-24,2018-07-02,platform 1,No.0 platform,18*21,270,,QS,,flat,general,,,,,,,23
772,H1088,638,772,PPT1058A,79,No.10 North-16,curved,15.6,20.0,312.0,183.81714285714287,,,2018-05-01,2018-04-24,2018-07-02,platform 1,No.10 platform,20*20,280,,yard HN,,curved,fixed,,,,,,,23
820,H1088,133,820,PPT0802A,85,No.8 South-3,flat,21.1,18.1,381.9100000000001,220.80571428571434,,,2018-05-01,2018-04-30,2018-06-11,block assembly group,No.8 platform,20*22,350,,HY,,flat,general,,,,,,,29
821,H1088,123,821,BQM4810A,10,48 South-10,flat,20.9,18.1,378.29,218.4057142857143,,,2018-05-02,2018-05-01,2018-06-11,curved surface,48m,22*21,240,9,MZ,,,general,,H1098,17.7,153.0,2017-10-20,2017-11-08,29
766,H1087,268,766,PPT0060A,58,No.0 East-20,flat,10.8,20.0,216.0,147.61142857142858,,,2018-05-02,2018-05-02,2018-07-04,platform 1,No.0 platform,18*21,270,,QS,,flat,general,,,,,,,29
776,H1088,271,776,BQM4803A,3,48 South-3,flat,15.2,18.8,285.76,166.99428571428572,,,2018-05-02,2018-05-02,2018-06-29,curved surface,48m,36*21,240,9,MZ,,,general,,H1094,17.7,154.0,2017-10-25,2017-11-12,34
875,H1087,161,875,BQM4803A,3,48 South-3,flat,13.792,9.4,129.6448,79.59407542857141,,,2018-05-03,2018-05-03,2018-05-31,curved surface,48m,36*21,240,9,MZ,,,general,,H1094,17.7,154.0,2017-10-25,2017-11-12,18
876,H1087,171,876,PPT1054A,75,No.10 North-8,flat,16.655,9.4,156.55700000000002,104.49972142857145,,,2018-05-03,2018-05-03,2018-05-31,platform 1,No.10 platform,20*20,280,,yard ZH,,,general,,,,,,,18
767,H1087,278,767,PPT1004A,62,No.10 South-7,flat,10.8,20.0,216.0,147.61142857142858,,,2018-05-03,2018-05-03,2018-07-04,platform 1,No.10 platform,20*20,280,,yard ZH,,,general,,,,,,,28
779,H1087,272,779,PPT0861A,108,No.8 North-22,flat,14.4,17.28,248.83200000000002,144.55954285714287,,,2018-05-03,2018-05-03,2018-07-02,block assembly group,No.8 platform,20*22,350,,HY,,,general,,,,,,,31
778,H1088,262,778,PPT0053A,51,No.0 East-6,flat,14.6,17.28,252.288,146.21668571428572,,,2018-05-03,2018-05-03,2018-07-02,platform 1,No.0 platform,20*21,270,,MZ,,,general,,,,,,,31
840,H1088,103,840,BQM4503A,22,45 South-3,flat,23.857,9.5,226.6415,188.40184257142855,,,2018-05-04,2018-05-02,2018-06-07,curved surface,45m,33*21,240,9,ZH,,flat,general,,H1103,31.6,183.0,2017-10-26,2017-11-16,30
836,H1088,194,836,PPT0863A,110,No.8 North-26,flat,18.0,8.3,149.4,112.25428571428571,,,2018-05-04,2018-05-03,2018-06-08,block assembly group,No.8 platform,20*22,350,,flexible,,,general,,,,,,,30
841,H1088,184,841,PPT0802A,85,No.8 South-3,flat,13.9,8.3,115.37000000000002,74.88571428571429,,,2018-05-05,2018-05-03,2018-06-07,block assembly group,No.8 platform,20*22,350,,HY,,flat,general,,,,,,,30
845,H1087,182,845,PPT1008A,66,No.10 South-15,flat,19.0,14.248,270.712,161.1444297142857,,,2018-05-10,2018-05-09,2018-06-13,platform 1,No.10 platform,18*20,280,,yard HN,,flat,general,,,,,,,18
791,H1088,832,791,PPT1012A,70,No.10 South-23,flat,6.662,14.583,97.151946,73.44175228571429,,,2018-05-10,2018-05-10,2018-06-22,platform 1,No.10 platform,18*20,280,,yard HN,,flat,general,,,,,,,36
790,H1088,822,790,PPT1006A,64,No.10 South-11,curved,16.055,14.575,234.001625,134.34104285714284,,,2018-05-10,2018-05-10,2018-06-22,platform 1,No.10 platform,20*20,280,,RH,,curved,fixed,,,,,,,36
832,H1087,182,832,BQM4503A,22,45 South-3,flat,23.0,7.3,167.9,166.3685714285714,,,2018-05-11,2018-05-07,2018-06-17,curved surface,45m,33*21,240,9,ZH,,flat,general,,H1103,31.6,183.0,2017-10-26,2017-11-16,17
833,H1087,192,833,PPT0807A,90,No.8 South-13,flat,13.889,7.3,101.38969999999999,70.34123457142856,,,2018-05-11,2018-05-07,2018-06-17,block assembly group,No.8 platform,20*22,350,,XZY,,flat,general,,,,,,,17
846,H1087,192,846,PPT0804A,87,No.8 South-7,flat,10.441,14.248,148.763368,89.14856714285715,,,2018-05-11,2018-05-09,2018-06-13,block assembly group,No.8 platform,20*22,350,,XZY,,,general,,,,,,,18
783,H1087,183,783,PPT0053A,51,No.0 East-6,flat,7.507,14.276,107.16993199999999,74.33120714285714,,,2018-05-12,2018-05-06,2018-06-27,platform 1,No.0 platform,20*21,270,,MZ,,,general,,,,,,,20
784,H1087,193,784,PPT1056A,77,No.10 North-12,flat,14.445,14.246,205.78347000000002,117.60186885714286,,,2018-05-12,2018-05-06,2018-06-27,platform 1,No.10 platform,20*20,280,,RH,,,general,,,,,,,20
816,H1087,642,816,PPT0863A,110,No.8 North-26,flat,13.412,19.5,261.534,160.03764114285715,,,2018-05-12,2018-05-07,2018-06-21,block assembly group,No.8 platform,20*22,350,,flexible,,,general,,,,,,,16
817,H1087,652,817,PPT0004A,41,No.0 West-7,curved,13.412,19.5,261.534,160.03764114285715,,,2018-05-12,2018-05-07,2018-06-21,platform 1,No.0 platform,20*21,270,,MZ,,curved,fixed,,,,,,,16
798,H1087,125,798,PPT0811A,94,No.8 South-21,flat,9.8,18.5,181.3,125.22571428571429,,,2018-05-12,2018-05-11,2018-06-17,block assembly group,No.8 platform,20*22,350,,HL,,flat,general,,,,,,,34
834,H1087,123,834,PPT0864A,111,No.8 North-28,flat,16.106,12.2,196.4932,116.64092457142858,,,2018-05-12,2018-05-11,2018-06-11,block assembly group,No.8 platform,20*22,350,,flexible,,,general,,,,,,,22
780,H1087,135,780,PPT1009A,67,No.10 South-17,flat,13.1,18.5,242.35,146.81714285714287,,,2018-05-12,2018-05-11,2018-06-27,platform 1,No.10 platform,18*20,280,,yard HN,,flat,general,,,,,,,43
835,H1088,133,835,BQM4853A,13,48 North-3,curved,24.07,12.2,293.654,208.05854285714284,,,2018-05-12,2018-05-11,2018-06-11,curved surface,48m,36*21,240,9,HN,,curved,general,,H1094,17.7,825.0,2017-10-25,2017-11-15,22
818,H1087,834,818,PPT0803A,86,No.8 South-5,flat,7.062,14.636,103.359432,75.45266857142857,,,2018-05-12,2018-05-12,2018-06-16,block assembly group,No.8 platform,20*22,350,,HY,,flat,general,,,,,,,25
813,H1087,824,813,PPT1002A,60,No.10 South-3,flat,17.596,14.575,256.4617,149.15709742857143,,,2018-05-13,2018-05-12,2018-06-17,platform 1,No.10 platform,20*20,280,,yard ZH,,flat,general,,,,,,,27
800,H1087,836,800,PPT0056A,54,No.0 East-12,flat,8.0,21.0,168.0,144.28571428571428,,,2018-05-14,2018-05-11,2018-06-16,platform 1,No.0 platform,20*21,270,,QS,,flat,general,,,,,,,29
799,H1087,826,799,BQM4853A,13,48 North-3,curved,20.5,21.0,430.5,240.0,,,2018-05-14,2018-05-11,2018-06-16,curved surface,48m,36*21,240,9,HN,,curved,general,,H1094,17.7,825.0,2017-10-25,2017-11-15,29
762,H1088,801,762,BQM4503A,22,45 South-3,flat,28.614,19.075,545.81205,240.0,,,2018-05-15,2018-05-06,2018-07-03,curved surface,45m,33*21,240,9,ZH,,flat,general,,H1103,31.6,183.0,2017-10-26,2017-11-16,34
851,H1088,144,851,BQM4803A,3,48 South-3,flat,24.366,16.385,399.23691,240.0,,,2018-05-15,2018-05-13,2018-06-06,curved surface,48m,36*21,240,9,MZ,,,general,,H1094,17.7,154.0,2017-10-25,2017-11-12,15
774,H1088,271,774,BQM4504A,23,45 South-4,flat,17.8,16.0,284.8,163.66857142857143,,,2018-05-16,2018-05-10,2018-07-01,curved surface,45m,20*21,240,9,ZH,,flat,general,,H1103,31.6,193.0,2017-10-26,2017-11-16,32
773,H1088,261,773,PPT0052A,50,No.0 East-4,flat,20.1,16.0,321.6,188.5742857142857,,,2018-05-16,2018-05-10,2018-07-01,platform 1,No.0 platform,20*21,270,,MZ,,flat,general,,,,,,,32
769,H1087,124,769,PPT0052A,50,No.0 East-4,flat,21.0,18.1,380.1,219.60285714285718,,,2018-05-17,2018-05-08,2018-07-02,platform 1,No.0 platform,20*21,270,,MZ,,flat,general,,,,,,,25
770,H1087,134,770,PPT0864A,111,No.8 North-28,flat,21.0,18.1,380.1,219.60285714285718,,,2018-05-17,2018-05-08,2018-07-02,block assembly group,No.8 platform,20*22,350,,flexible,,,general,,,,,,,25
827,H1087,833,827,PPT0053A,51,No.0 East-6,flat,7.281,14.575,106.12057499999999,75.84102457142856,,,2018-05-17,2018-05-17,2018-06-15,platform 1,No.0 platform,20*21,270,,MZ,,,general,,,,,,,24
826,H1088,823,826,PPT1006A,64,No.10 South-11,curved,17.548,14.578,255.81474399999996,148.70011085714285,,,2018-05-17,2018-05-17,2018-06-15,platform 1,No.10 platform,20*20,280,,RH,,curved,fixed,,,,,,,27
801,H1087,292,801,PPT0859A,106,No.8 North-18,flat,16.6,19.5,323.70000000000005,187.37428571428572,,,2018-05-21,2018-05-15,2018-06-22,block assembly group,No.8 platform,20*22,350,,HL,,,general,,,,,,,30
755,H1088,269,755,PPT0052A,50,No.0 East-4,flat,10.5,18.9,198.45,133.55999999999997,,,2018-05-21,2018-05-18,2018-07-13,platform 1,No.0 platform,20*21,270,,MZ,,flat,general,,,,,,,29
756,H1088,279,756,PPT1003A,61,No.10 South-5,flat,10.5,18.9,198.45,133.55999999999997,,,2018-05-21,2018-05-18,2018-07-13,platform 1,No.10 platform,20*20,280,,yard ZH,,,general,,,,,,,29
806,H1088,282,806,PPT1003A,61,No.10 South-5,flat,14.7,19.5,286.65,170.38285714285712,,,2018-05-22,2018-05-15,2018-06-21,platform 1,No.10 platform,20*20,280,,yard ZH,,,general,,,,,,,30
814,H1087,112,814,PPT0053A,51,No.0 East-6,flat,21.0,8.6,180.6,147.1314285714286,,,2018-05-22,2018-05-17,2018-06-16,platform 1,No.0 platform,20*21,270,,MZ,,,general,,,,,,,18
855,H1088,834,855,PPT0861A,108,No.8 North-22,flat,9.215,10.9,100.4435,58.20749285714286,,,2018-05-22,2018-05-18,2018-06-12,block assembly group,No.8 platform,20*22,350,,HY,,,general,,,,,,,19
854,H1088,824,854,PPT0810A,93,No.8 South-19,flat,15.665,11.094,173.78750999999997,105.27687457142856,,,2018-05-22,2018-05-18,2018-06-12,block assembly group,No.8 platform,20*22,350,,HL,,flat,general,,,,,,,19
775,H1088,102,775,PPT0861A,108,No.8 North-22,flat,16.588,12.377,205.30967600000002,122.38624942857145,,,2018-05-22,2018-05-21,2018-06-26,block assembly group,No.8 platform,20*22,350,,HY,,,general,,,,,,,35
860,H1087,833,860,PPT1013A,71,No.10 South-25,flat,8.709,14.287,124.425483,79.9900142857143,,,2018-05-22,2018-05-22,2018-06-12,platform 1,No.10 platform,18*20,280,,yard HN,,flat,general,,,,,,,16
837,H1088,823,837,PPT1056A,77,No.10 North-12,flat,16.231,14.307,232.21691700000002,133.75303142857143,,,2018-05-22,2018-05-22,2018-06-17,platform 1,No.10 platform,20*20,280,,RH,,,general,,,,,,,18
763,H1087,629,763,PPT1059A,80,No.10 North-18,curved,15.6,18.9,294.84,171.59142857142857,,,2018-05-23,2018-05-12,2018-07-06,platform 1,No.10 platform,20*20,280,,yard HN,,curved,fixed,,,,,,,32
764,H1087,639,764,PPT1011A,69,No.10 South-21,flat,15.6,18.9,294.84,171.59142857142857,,,2018-05-23,2018-05-12,2018-07-06,platform 1,No.10 platform,18*20,280,,yard HN,,flat,general,,,,,,,32
785,H1087,122,785,PPT1001A,59,No.10 South-1,flat,12.0,12.3,147.60000000000002,84.36857142857143,,,2018-05-23,2018-05-16,2018-07-01,platform 1,No.10 platform,20*20,280,,yard ZH,,flat,general,,,,,,,28
786,H1087,132,786,PPT1054A,75,No.10 North-8,flat,10.219,12.3,125.6937,73.06227457142857,,,2018-05-23,2018-05-16,2018-07-01,platform 1,No.10 platform,20*20,280,,yard ZH,,,general,,,,,,,28
736,H1087,101,736,PPT1005A,63,No.10 South-9,curved,11.523,8.65,99.67395,59.31486542857143,,,2018-05-23,2018-05-18,2018-07-22,platform 1,No.10 platform,20*20,280,,RH,,curved,fixed,,,,,,,28
808,H1088,653,808,PPT1005A,63,No.10 South-9,curved,11.2,17.72,198.46399999999997,125.55382857142855,,,2018-05-23,2018-05-20,2018-06-23,platform 1,No.10 platform,20*20,280,,RH,,curved,fixed,,,,,,,16
807,H1088,643,807,PPT1010A,68,No.10 South-19,flat,13.412,17.72,237.66064,141.10861257142855,,,2018-05-23,2018-05-20,2018-06-23,platform 1,No.10 platform,18*20,280,,yard HN,,,general,,,,,,,16
685,H1087,110,685,BQM4202A,37,42 South-2,flat,12.0,5.487,65.844,49.74490542857143,,,2018-05-24,2018-05-19,2018-07-24,curved surface,42m,18*18,240,9M,YT,,,general,,H1094,17.7,631.0,2017-10-24,2017-11-05,41
725,H1088,123,725,PPT0057A,55,No.0 East-14,flat,16.13,18.505,298.48564999999996,172.1748357142857,,,2018-05-27,2018-05-22,2018-07-26,platform 1,No.0 platform,20*21,270,,QS,,flat,general,,,,,,,42
726,H1088,133,726,BQM4803A,3,48 South-3,flat,23.777,18.85,448.19645,240.0,,,2018-05-27,2018-05-22,2018-07-26,curved surface,48m,36*21,240,9,MZ,,,general,,H1094,17.7,154.0,2017-10-25,2017-11-12,42
741,H1088,143,741,PPT0059A,57,No.0 East-18,flat,5.23,16.375,85.64125000000001,84.42672142857143,,,2018-05-28,2018-05-24,2018-07-23,platform 1,No.0 platform,18*21,270,,QS,,flat,general,,,,,,,35
742,H1088,153,742,PPT0802A,85,No.8 South-3,flat,15.0,16.375,245.625,140.89732142857142,,,2018-05-28,2018-05-24,2018-07-23,block assembly group,No.8 platform,20*22,350,,HY,,flat,general,,,,,,,35
656,H1087,124,656,PPT0810A,93,No.8 South-19,flat,21.0,18.1,380.1,219.60285714285718,,,2018-05-30,2018-05-23,2018-08-17,block assembly group,No.8 platform,20*22,350,,HL,,flat,general,,,,,,,26
657,H1087,134,657,PPT0863A,110,No.8 North-26,flat,21.0,18.1,380.1,219.60285714285718,,,2018-05-30,2018-05-23,2018-08-17,block assembly group,No.8 platform,20*22,350,,flexible,,,general,,,,,,,26
781,H1087,142,781,PPT0003A,40,No.0 West-5,curved,16.252,5.15,83.6978,83.04285828571427,,,2018-05-31,2018-05-26,2018-07-05,platform 1,No.0 platform,20*21,270,,MZ,,curved,fixed,,,,,,,30
782,H1087,152,782,PPT1001A,59,No.10 South-1,flat,16.252,5.15,83.6978,83.04285828571427,,,2018-05-31,2018-05-26,2018-07-05,platform 1,No.10 platform,20*20,280,,yard ZH,,flat,general,,,,,,,30
697,H1088,683,697,PPT1013A,71,No.10 South-25,flat,16.6,18.9,313.74,180.79142857142855,,,2018-06-01,2018-05-16,2018-08-04,platform 1,No.10 platform,18*20,280,,yard HN,,flat,general,,,,,,,24
698,H1088,693,698,PPT0811A,94,No.8 South-21,flat,16.6,18.9,313.74,180.79142857142855,,,2018-06-01,2018-05-16,2018-08-04,block assembly group,No.8 platform,20*22,350,,HL,,flat,general,,,,,,,24
768,H1087,101,768,PPT1062A,83,No.10 North-24,flat,13.007,16.37,212.92459,124.90255685714286,,,2018-06-01,2018-05-30,2018-06-27,platform 1,No.10 platform,20*20,280,,yard HN,,,general,,,,,,,22
671,H1087,183,671,PPT0864A,111,No.8 North-28,flat,11.2,20.0,224.0,150.12571428571428,,,2018-06-02,2018-05-26,2018-08-10,block assembly group,No.8 platform,20*22,350,,flexible,,,general,,,,,,,35
746,H1088,103,746,BQM4503A,22,45 South-3,flat,24.0,11.0,264.0,199.14285714285714,,,2018-06-02,2018-05-27,2018-07-13,curved surface,45m,33*21,240,9,ZH,,flat,general,,H1103,31.6,183.0,2017-10-26,2017-11-16,38
678,H1088,193,678,BQM4810A,10,48 South-10,flat,19.9,20.0,398.0,227.43142857142857,,,2018-06-03,2018-05-26,2018-08-09,curved surface,48m,22*21,240,9,MZ,,,general,,H1098,17.7,153.0,2017-10-20,2017-11-08,35
666,H1088,261,666,PPT0803A,86,No.8 South-5,flat,19.155,12.423,237.962565,148.9271297142857,,,2018-06-03,2018-05-28,2018-08-12,block assembly group,No.8 platform,20*22,350,,HY,,flat,general,,,,,,,39
667,H1087,271,667,PPT0863A,110,No.8 North-26,flat,21.56,12.423,267.83988,176.9041511428571,,,2018-06-03,2018-05-28,2018-08-12,block assembly group,No.8 platform,20*22,350,,flexible,,,general,,,,,,,39
636,H1087,144,636,PPT0863A,110,No.8 North-26,flat,15.117,16.07,242.93019,139.0767397142857,,,2018-06-03,2018-05-29,2018-08-24,block assembly group,No.8 platform,20*22,350,,flexible,,,general,,,,,,,25
643,H1088,154,643,PPT0052A,50,No.0 East-4,flat,19.39,16.07,311.5973,181.20485714285718,,,2018-06-03,2018-05-29,2018-08-23,platform 1,No.0 platform,20*21,270,,MZ,,flat,general,,,,,,,24
595,H1088,283,595,PPT1001A,59,No.10 South-1,flat,18.4,18.9,347.75999999999993,198.79142857142853,,,2018-06-03,2018-05-29,2018-08-23,platform 1,No.10 platform,20*20,280,,yard ZH,,flat,general,,,,,,,43
600,H1088,293,600,PPT0002A,39,No.0 West-3,flat,19.5,18.9,368.54999999999995,210.7028571428571,,,2018-06-03,2018-05-29,2018-08-20,platform 1,No.0 platform,20*21,270,,MZ,,,general,,,,,,,43
683,H1087,182,683,PPT0059A,57,No.0 East-18,flat,7.9,19.9,157.21,130.97714285714284,,,2018-06-04,2018-05-27,2018-08-09,platform 1,No.0 platform,18*21,270,,QS,,flat,general,,,,,,,40
684,H1087,192,684,BQM4503A,22,45 South-3,flat,23.8,19.9,473.62,240.0,,,2018-06-04,2018-05-27,2018-08-09,curved surface,45m,33*21,240,9,ZH,,flat,general,,H1103,31.6,183.0,2017-10-26,2017-11-16,40
747,H1087,184,747,PPT0861A,108,No.8 North-22,flat,13.9,8.3,115.37000000000002,74.88571428571429,,,2018-06-04,2018-05-28,2018-07-15,block assembly group,No.8 platform,20*22,350,,HY,,,general,,,,,,,28
748,H1087,194,748,PPT1055A,76,No.10 North-10,flat,18.0,8.3,149.4,112.25428571428571,,,2018-06-04,2018-05-28,2018-07-15,platform 1,No.10 platform,20*20,280,,RH,,,general,,,,,,,28
596,H1088,294,596,BQM4803A,3,48 South-3,flat,20.0,18.4,368.0,211.01714285714283,,,2018-06-04,2018-05-29,2018-08-22,curved surface,48m,36*21,240,9,MZ,,,general,,H1094,17.7,154.0,2017-10-25,2017-11-12,45
711,H1088,103,711,BQM4503A,22,45 South-3,flat,23.857,9.5,226.6415,188.40184257142855,,,2018-06-04,2018-06-02,2018-07-28,curved surface,45m,33*21,240,9,ZH,,flat,general,,H1103,31.6,183.0,2017-10-26,2017-11-16,34
753,H1087,161,753,PPT0053A,51,No.0 East-6,flat,14.057,15.486,217.68670200000003,124.97584142857144,,,2018-06-05,2018-05-28,2018-07-13,platform 1,No.0 platform,20*21,270,,MZ,,,general,,,,,,,37
754,H1087,171,754,PPT0054A,52,No.0 East-8,curved,20.177,15.486,312.461022,184.83643571428573,,,2018-06-05,2018-05-28,2018-07-13,platform 1,No.0 platform,20*21,270,,MZ,,curved,fixed,,,,,,,37
658,H1087,101,658,BQM4503A,22,45 South-3,flat,30.66,9.4,288.204,240.0,,,2018-06-05,2018-05-29,2018-08-15,curved surface,45m,33*21,240,9,ZH,,flat,general,,H1103,31.6,183.0,2017-10-26,2017-11-16,31
659,H1088,101,659,BQM4503A,22,45 South-3,flat,30.66,9.4,288.204,240.0,,,2018-06-05,2018-05-29,2018-08-15,curved surface,45m,33*21,240,9,ZH,,flat,general,,H1103,31.6,183.0,2017-10-26,2017-11-16,31
589,H1087,284,589,BQM4504A,23,45 South-4,flat,20.0,18.4,368.0,211.01714285714283,,,2018-06-05,2018-05-29,2018-08-23,curved surface,45m,20*21,240,9,ZH,,flat,general,,H1103,31.6,193.0,2017-10-26,2017-11-16,45
668,H1087,112,668,PPT1011A,69,No.10 South-21,flat,20.0,5.15,103.0,121.86357142857142,,,2018-06-06,2018-05-30,2018-07-27,platform 1,No.10 platform,18*20,280,,yard HN,,flat,general,,,,,,,41
613,H1088,144,613,PPT0810A,93,No.8 South-19,flat,15.117,16.07,242.93019,139.0767397142857,,,2018-06-06,2018-06-01,2018-08-26,block assembly group,No.8 platform,20*22,350,,HL,,flat,general,,,,,,,25
614,H1088,154,614,PPT1055A,76,No.10 North-10,flat,19.39,16.07,311.5973,181.20485714285718,,,2018-06-06,2018-06-01,2018-08-26,platform 1,No.10 platform,20*20,280,,RH,,,general,,,,,,,25
687,H1087,801,687,PPT0801A,84,No.8 South-1,flat,20.814,15.31,318.66234000000003,190.74819885714285,,,2018-06-06,2018-06-04,2018-08-06,block assembly group,No.8 platform,20*22,350,,HY,,flat,general,block assembly group,,,,,,33
679,H1088,272,679,BQM4803A,3,48 South-3,flat,15.89,20.773,330.08297,195.43132257142858,,,2018-06-07,2018-05-29,2018-08-11,curved surface,48m,36*21,240,9,MZ,,,general,,H1094,17.7,154.0,2017-10-25,2017-11-12,33
699,H1087,144,699,BQM4803A,3,48 South-3,flat,24.366,16.385,399.23691,240.0,,,2018-06-07,2018-05-29,2018-08-01,curved surface,48m,36*21,240,9,MZ,,,general,,H1094,17.7,154.0,2017-10-25,2017-11-12,38
680,H1088,262,680,PPT0864A,111,No.8 North-28,flat,11.65,20.773,242.00545,162.0685797142857,,,2018-06-08,2018-05-29,2018-08-11,block assembly group,No.8 platform,20*22,350,,flexible,,,general,,,,,,,33
692,H1088,154,692,BQM4503A,22,45 South-3,flat,24.839,16.385,406.98701500000004,240.0,,,2018-06-08,2018-05-29,2018-08-03,curved surface,45m,33*21,240,9,ZH,,flat,general,,H1103,31.6,183.0,2017-10-26,2017-11-16,39
700,H1087,143,700,PPT1051A,72,No.10 North-2,curved,14.606,16.186,236.412716,135.80623771428571,,,2018-06-08,2018-06-03,2018-08-02,platform 1,No.10 platform,20*20,280,,yard ZH,,curved,fixed,,,,,,,26
701,H1087,153,701,PPT0001A,38,No.0 West-1,flat,19.167,16.07,308.01369000000005,178.74822542857146,,,2018-06-08,2018-06-03,2018-08-02,platform 1,No.0 platform,20*21,270,,MZ,,,general,platform 1,,,,,,26
686,H1087,162,686,PPT0060A,58,No.0 East-20,flat,18.5,15.5,286.75,166.42857142857142,,,2018-06-09,2018-06-01,2018-08-05,platform 1,No.0 platform,18*21,270,,QS,,flat,general,,,,,,,32
615,H1088,172,615,PPT1007A,65,No.10 South-13,flat,18.5,15.698,290.413,168.1934868571429,,,2018-06-09,2018-06-01,2018-08-23,platform 1,No.10 platform,18*20,280,,RH,,flat,general,,,,,,,32
727,H1088,102,727,BQM4853A,13,48 North-3,curved,26.372,14.65,386.3498,240.0,,,2018-06-09,2018-06-04,2018-07-24,curved surface,48m,36*21,240,9,HN,,curved,general,,H1094,17.7,825.0,2017-10-25,2017-11-15,35
728,H1088,102,728,BQM4803A,3,48 South-3,flat,26.372,14.65,386.3498,240.0,,,2018-06-09,2018-06-04,2018-07-24,curved surface,48m,36*21,240,9,MZ,,,general,,H1094,17.7,154.0,2017-10-25,2017-11-12,35
745,H1088,104,745,PPT1052A,73,No.10 North-4,curved,18.3,18.2,333.06,190.32285714285715,,,2018-06-09,2018-06-07,2018-07-25,platform 1,No.10 platform,20*20,280,,yard ZH,,curved,fixed,,,,,,,21
693,H1088,322,693,PPT1008A,66,No.10 South-15,flat,12.4,19.6,243.04000000000002,153.6914285714286,,,2018-06-09,2018-06-08,2018-08-02,platform 1,No.10 platform,18*20,280,,yard HN,,flat,general,,,,,,,39
694,H1088,332,694,PPT0863A,110,No.8 North-26,flat,12.4,19.6,243.04000000000002,153.6914285714286,,,2018-06-09,2018-06-08,2018-08-02,block assembly group,No.8 platform,20*22,350,,flexible,,,general,,,,,,,39
661,H1088,836,661,PPT0804A,87,No.8 South-7,flat,6.45,21.691,139.90695,146.31485171428568,,,2018-06-10,2018-06-03,2018-08-09,block assembly group,No.8 platform,20*22,350,,XZY,,,general,,,,,,,55
628,H1088,125,628,PPT1051A,72,No.10 North-2,curved,9.8,18.5,181.3,125.22571428571429,,,2018-06-10,2018-06-03,2018-08-23,platform 1,No.10 platform,20*20,280,,yard ZH,,curved,fixed,,,,,,,42
629,H1088,135,629,PPT1003A,61,No.10 South-5,flat,13.1,18.5,242.35,146.81714285714287,,,2018-06-10,2018-06-03,2018-08-23,platform 1,No.10 platform,20*20,280,,yard ZH,,,general,,,,,,,42
719,H1087,801,719,PPT0001A,38,No.0 West-1,flat,20.814,15.31,318.66234000000003,190.74819885714285,,,2018-06-10,2018-06-03,2018-07-27,platform 1,No.0 platform,20*21,270,,MZ,,,general,platform 1,,,,,,33
660,H1088,826,660,BQM4810A,10,48 South-10,flat,20.852,21.691,452.300732,240.0,,,2018-06-10,2018-06-03,2018-08-09,curved surface,48m,22*21,240,9,MZ,,,general,,H1098,17.7,153.0,2017-10-20,2017-11-08,55
720,H1087,103,720,BQM4803A,3,48 South-3,flat,23.857,9.5,226.6415,188.40184257142855,,,2018-06-10,2018-06-05,2018-07-26,curved surface,48m,36*21,240,9,MZ,,,general,,H1094,17.7,154.0,2017-10-25,2017-11-12,34
650,H1088,628,650,PPT0864A,111,No.8 North-28,flat,15.6,20.0,312.0,183.81714285714287,,,2018-06-11,2018-06-04,2018-08-20,block assembly group,No.8 platform,20*22,350,,flexible,,,general,,,,,,,23
651,H1087,638,651,PPT1062A,83,No.10 North-24,flat,15.6,20.0,312.0,183.81714285714287,,,2018-06-11,2018-06-04,2018-08-20,platform 1,No.10 platform,20*20,280,,yard HN,,,general,,,,,,,23
712,H1088,134,712,PPT0001A,38,No.0 West-1,flat,19.318,18.5,357.38300000000004,204.41003542857146,,,2018-06-11,2018-06-04,2018-07-28,platform 1,No.0 platform,20*21,270,,MZ,,,general,platform 1,,,,,,44
730,H1088,331,730,PPT0803A,86,No.8 South-5,flat,8.6,20.5,176.29999999999998,141.20285714285714,,,2018-06-12,2018-06-02,2018-07-28,block assembly group,No.8 platform,20*22,350,,HY,,flat,general,,,,,,,32
729,H1088,321,729,PPT0803A,86,No.8 South-5,flat,14.8,20.5,303.40000000000003,182.6542857142857,,,2018-06-12,2018-06-02,2018-07-28,block assembly group,No.8 platform,20*22,350,,HY,,flat,general,,,,,,,32
713,H1088,124,713,PPT1011A,69,No.10 South-21,flat,16.142,18.85,304.2767,175.9676182857143,,,2018-06-12,2018-06-05,2018-07-28,platform 1,No.10 platform,18*20,280,,yard HN,,flat,general,,,,,,,44
731,H1087,101,731,PPT0051A,49,No.0 East-2,flat,11.523,8.65,99.67395,59.31486542857143,,,2018-06-12,2018-06-07,2018-07-24,platform 1,No.0 platform,20*21,270,,MZ,,flat,general,,,,,,,28
705,H1087,123,705,PPT0809A,92,No.8 South-17,flat,20.9,18.1,378.29,218.4057142857143,,,2018-06-13,2018-06-06,2018-07-29,block assembly group,No.8 platform,20*22,350,,HL,,,general,,,,,,,28
706,H1087,123,706,PPT0807A,90,No.8 South-13,flat,20.9,18.1,378.29,218.4057142857143,,,2018-06-13,2018-06-06,2018-07-29,block assembly group,No.8 platform,20*22,350,,XZY,,flat,general,,,,,,,28
707,H1088,133,707,PPT0859A,106,No.8 North-18,flat,21.1,18.1,381.9100000000001,220.80571428571434,,,2018-06-13,2018-06-06,2018-07-29,block assembly group,No.8 platform,20*22,350,,HL,,,general,,,,,,,28
708,H1088,133,708,PPT0864A,111,No.8 North-28,flat,21.1,18.1,381.9100000000001,220.80571428571434,,,2018-06-13,2018-06-06,2018-07-29,block assembly group,No.8 platform,20*22,350,,flexible,,,general,,,,,,,28
695,H1088,221,695,PPT1057A,78,No.10 North-14,flat,15.0,15.97,239.55,137.15454285714287,,,2018-06-13,2018-06-12,2018-08-16,platform 1,No.10 platform,20*20,280,,RH,,,general,,,,,,,12
696,H1088,221,696,BQM4810A,10,48 South-10,flat,16.0,15.97,255.52,146.01168571428573,,,2018-06-13,2018-06-12,2018-08-16,curved surface,48m,22*21,240,9,MZ,,,general,,H1098,17.7,153.0,2017-10-20,2017-11-08,12
703,H1087,834,703,PPT1057A,78,No.10 North-14,flat,7.062,14.636,103.359432,75.45266857142857,,,2018-06-15,2018-06-08,2018-08-02,platform 1,No.10 platform,20*20,280,,RH,,,general,,,,,,,33
749,H1087,161,749,PPT1056A,77,No.10 North-12,flat,13.792,9.4,129.6448,79.59407542857141,,,2018-06-15,2018-06-08,2018-07-20,platform 1,No.10 platform,20*20,280,,RH,,,general,,,,,,,17
750,H1087,161,750,PPT0058A,56,No.0 East-16,flat,13.792,9.4,129.6448,79.59407542857141,,,2018-06-15,2018-06-08,2018-07-20,platform 1,No.0 platform,18*21,270,,QS,,flat,general,,,,,,,17
743,H1088,142,743,PPT1011A,69,No.10 South-21,flat,8.276,16.07,132.99532,93.35345028571429,,,2018-06-15,2018-06-08,2018-07-25,platform 1,No.10 platform,18*20,280,,yard HN,,flat,general,,,,,,,22
751,H1087,171,751,PPT0811A,94,No.8 South-21,flat,16.655,9.4,156.55700000000002,104.49972142857145,,,2018-06-15,2018-06-08,2018-07-20,block assembly group,No.8 platform,20*22,350,,HL,,flat,general,,,,,,,17
752,H1087,171,752,PPT0863A,110,No.8 North-26,flat,16.655,9.4,156.55700000000002,104.49972142857145,,,2018-06-15,2018-06-08,2018-07-20,block assembly group,No.8 platform,20*22,350,,flexible,,,general,,,,,,,17
744,H1088,152,744,BQM4803A,3,48 South-3,flat,15.186,16.07,244.03902,139.67414171428572,,,2018-06-15,2018-06-08,2018-07-25,curved surface,48m,36*21,240,9,MZ,,,general,,H1094,17.7,154.0,2017-10-25,2017-11-12,22
702,H1087,824,702,PPT1009A,67,No.10 South-17,flat,17.596,14.575,256.4617,149.15709742857143,,,2018-06-15,2018-06-08,2018-08-02,platform 1,No.10 platform,18*20,280,,yard HN,,flat,general,,,,,,,33
733,H1087,835,733,PPT1012A,70,No.10 South-23,flat,5.59,17.008,95.07472,91.57718971428571,,,2018-06-15,2018-06-10,2018-07-25,platform 1,No.10 platform,18*20,280,,yard HN,,flat,general,,,,,,,26
732,H1087,825,732,PPT0811A,94,No.8 South-21,flat,17.18,16.97,291.5446,166.60951428571428,,,2018-06-15,2018-06-10,2018-07-25,block assembly group,No.8 platform,20*22,350,,HL,,flat,general,,,,,,,26
709,H1088,173,709,BQM4202A,37,42 South-2,curved,16.387,11.151,182.731437,112.25102,,,2018-06-16,2018-06-08,2018-08-02,curved surface,42m,18*18,240,9M,YT,,,general,,H1094,17.7,631.0,2017-10-24,2017-11-05,22
704,H1087,163,704,PPT1001A,59,No.10 South-1,flat,16.387,11.151,182.731437,112.25102,,,2018-06-17,2018-06-09,2018-08-03,platform 1,No.10 platform,20*20,280,,yard ZH,,flat,general,,,,,,,22
740,H1088,832,740,PPT1056A,77,No.10 North-12,flat,14.0,10.3,144.20000000000002,86.31142857142858,,,2018-06-17,2018-06-10,2018-07-27,platform 1,No.10 platform,20*20,280,,RH,,,general,,,,,,,22
715,H1087,833,715,BQM4504A,23,45 South-4,flat,7.281,14.575,106.12057499999999,75.84102457142856,,,2018-06-17,2018-06-10,2018-08-02,curved surface,45m,20*21,240,9,ZH,,flat,general,,H1103,31.6,193.0,2017-10-26,2017-11-16,31
739,H1088,822,739,PPT0059A,57,No.0 East-18,flat,12.6,10.3,129.78,75.67142857142858,,,2018-06-17,2018-06-10,2018-07-27,platform 1,No.0 platform,18*21,270,,QS,,flat,general,,,,,,,22
737,H1087,142,737,PPT0060A,58,No.0 East-20,flat,8.276,16.07,132.99532,93.35345028571429,,,2018-06-17,2018-06-10,2018-07-27,platform 1,No.0 platform,18*21,270,,QS,,flat,general,,,,,,,22
738,H1087,152,738,PPT0056A,54,No.0 East-12,flat,15.186,16.07,244.03902,139.67414171428572,,,2018-06-17,2018-06-10,2018-07-27,platform 1,No.0 platform,20*21,270,,QS,,flat,general,,,,,,,22
714,H1088,823,714,PPT0052A,50,No.0 East-4,flat,17.548,14.578,255.81474399999996,148.70011085714285,,,2018-06-17,2018-06-10,2018-08-02,platform 1,No.0 platform,20*21,270,,MZ,,flat,general,,,,,,,31
682,H1088,694,682,PPT1052A,73,No.10 North-4,curved,16.7,18.4,307.28,176.41428571428568,,,2018-06-17,2018-06-10,2018-08-09,platform 1,No.10 platform,20*20,280,,yard ZH,,curved,fixed,,,,,,,38
681,H1088,684,681,PPT0808A,91,No.8 South-15,flat,17.5,18.4,322.0,184.23142857142855,,,2018-06-17,2018-06-10,2018-08-09,block assembly group,No.8 platform,20*22,350,,HL,,,general,,,,,,,38
722,H1087,835,722,PPT0056A,54,No.0 East-12,flat,5.59,17.008,95.07472,91.57718971428571,,,2018-06-17,2018-06-12,2018-07-28,platform 1,No.0 platform,20*21,270,,QS,,flat,general,,,,,,,27
721,H1087,825,721,PPT1013A,71,No.10 South-25,flat,17.18,16.97,291.5446,166.60951428571428,,,2018-06-17,2018-06-12,2018-07-28,platform 1,No.10 platform,18*20,280,,yard HN,,flat,general,,,,,,,27
688,H1087,231,688,PPT0804A,87,No.8 South-7,flat,14.308,15.97,228.49876,131.35993257142857,,,2018-06-17,2018-06-13,2018-08-16,block assembly group,No.8 platform,20*22,350,,XZY,,,general,,,,,,,14
689,H1087,231,689,PPT1009A,67,No.10 South-17,flat,14.308,15.97,228.49876,131.35993257142857,,,2018-06-17,2018-06-13,2018-08-16,platform 1,No.10 platform,18*20,280,,yard HN,,flat,general,,,,,,,14
670,H1087,835,670,BQM4503A,22,45 South-3,flat,17.0,17.3,294.1,168.08285714285714,,,2018-06-19,2018-06-12,2018-08-13,curved surface,45m,33*21,240,9,ZH,,flat,general,,H1103,31.6,183.0,2017-10-26,2017-11-16,40
735,H1087,832,735,PPT0810A,93,No.8 South-19,flat,13.0,10.3,133.9,78.59714285714287,,,2018-06-19,2018-06-12,2018-07-29,block assembly group,No.8 platform,20*22,350,,HL,,flat,general,,,,,,,22
734,H1087,822,734,PPT0059A,57,No.0 East-18,flat,12.6,10.3,129.78,75.67142857142858,,,2018-06-19,2018-06-12,2018-07-29,platform 1,No.0 platform,18*21,270,,QS,,flat,general,,,,,,,22
669,H1087,825,669,PPT1010A,68,No.10 South-19,flat,18.455,17.3,319.2715,182.82200714285713,,,2018-06-19,2018-06-12,2018-08-13,platform 1,No.10 platform,18*20,280,,yard HN,,,general,,,,,,,40
716,H1087,834,716,BQM4503A,22,45 South-3,flat,25.0,13.72,343.0,232.35382857142855,,,2018-06-20,2018-06-15,2018-07-30,curved surface,45m,33*21,240,9,ZH,,flat,general,,H1103,31.6,183.0,2017-10-26,2017-11-16,26
710,H1088,834,710,BQM4503A,22,45 South-3,flat,24.0,13.72,329.28000000000003,218.35382857142855,,,2018-06-23,2018-06-18,2018-08-01,curved surface,45m,33*21,240,9,ZH,,flat,general,,H1103,31.6,183.0,2017-10-26,2017-11-16,25
665,H1088,832,665,PPT0053A,51,No.0 East-6,flat,6.662,14.583,97.151946,73.44175228571429,,,2018-06-25,2018-06-18,2018-08-16,platform 1,No.0 platform,20*21,270,,MZ,,,general,,,,,,,35
664,H1088,822,664,PPT1059A,80,No.10 North-18,curved,16.055,14.575,234.001625,134.34104285714284,,,2018-06-25,2018-06-18,2018-08-16,platform 1,No.10 platform,20*20,280,,yard HN,,curved,fixed,,,,,,,35
723,H1088,182,723,PPT1061A,82,No.10 North-22,flat,18.0,14.248,256.464,150.57300114285712,,,2018-06-26,2018-06-19,2018-08-02,platform 1,No.10 platform,20*20,280,,yard HN,,,general,,,,,,,19
724,H1088,192,724,PPT0057A,55,No.0 East-14,flat,10.441,14.248,148.763368,89.14856714285715,,,2018-06-26,2018-06-19,2018-08-02,platform 1,No.0 platform,20*21,270,,QS,,flat,general,,,,,,,19
690,H1087,143,690,PPT1013A,71,No.10 South-25,flat,14.606,16.186,236.412716,135.80623771428571,,,2018-06-26,2018-06-21,2018-08-05,platform 1,No.10 platform,18*20,280,,yard HN,,flat,general,,,,,,,26
691,H1088,153,691,PPT0003A,40,No.0 West-5,curved,19.167,16.07,308.01369000000005,178.74822542857146,,,2018-06-26,2018-06-21,2018-08-05,platform 1,No.0 platform,20*21,270,,MZ,,curved,fixed,,,,,,,26
717,H1087,182,717,PPT1002A,60,No.10 South-3,flat,17.0,14.248,242.21599999999998,140.57300114285712,,,2018-06-27,2018-06-20,2018-08-03,platform 1,No.10 platform,20*20,280,,yard ZH,,flat,general,,,,,,,19
718,H1087,192,718,PPT0055A,53,No.0 East-10,curved,10.441,14.248,148.763368,89.14856714285715,,,2018-06-27,2018-06-20,2018-08-03,platform 1,No.0 platform,20*21,270,,MZ,,curved,fixed,,,,,,,19
672,H1087,122,672,PPT1061A,82,No.10 North-22,flat,15.531,12.2,189.4782,111.44341742857144,,,2018-06-27,2018-06-20,2018-08-14,platform 1,No.10 platform,20*20,280,,yard HN,,,general,,,,,,,17
673,H1087,122,673,PPT0857A,104,No.8 North-14,curved,15.531,12.2,189.4782,111.44341742857144,,,2018-06-27,2018-06-20,2018-08-14,block assembly group,No.8 platform,20*22,350,,HL,,curved,fixed,,,,,,,17
674,H1087,132,674,PPT0859A,106,No.8 North-18,flat,18.94,12.2,231.068,145.01817142857143,,,2018-06-27,2018-06-20,2018-08-14,block assembly group,No.8 platform,20*22,350,,HL,,,general,,,,,,,17
675,H1088,132,675,PPT1053A,74,No.10 North-6,flat,18.94,12.2,231.068,145.01817142857143,,,2018-06-27,2018-06-20,2018-08-14,platform 1,No.10 platform,20*20,280,,yard ZH,,,general,,,,,,,17
481,H1087,836,481,PPT0807A,90,No.8 South-13,flat,6.45,21.691,139.90695,146.31485171428568,,,2018-06-29,2018-06-22,2018-09-26,block assembly group,No.8 platform,20*22,350,,XZY,,flat,general,,,,,,,54
480,H1087,826,480,BQM4810A,10,48 South-10,flat,20.852,21.691,452.300732,240.0,,,2018-06-29,2018-06-22,2018-09-26,curved surface,48m,22*21,240,9,MZ,,,general,,H1098,17.7,153.0,2017-10-20,2017-11-08,54
676,H1088,103,676,BQM4803A,3,48 South-3,flat,29.101,15.68,456.30368,240.0,,,2018-06-29,2018-06-22,2018-08-14,curved surface,48m,36*21,240,9,MZ,,,general,,H1094,17.7,154.0,2017-10-25,2017-11-12,16
677,H1088,103,677,BQM4803A,3,48 South-3,flat,29.101,15.68,456.30368,240.0,,,2018-06-29,2018-06-22,2018-08-14,curved surface,48m,36*21,240,9,MZ,,,general,,H1094,17.7,154.0,2017-10-25,2017-11-12,16
639,H1087,271,639,PPT0060A,58,No.0 East-20,flat,15.2,18.8,285.76,166.99428571428572,,,2018-07-02,2018-06-25,2018-08-23,platform 1,No.0 platform,18*21,270,,QS,,flat,general,,,,,,,34
640,H1087,271,640,PPT1062A,83,No.10 North-24,flat,15.2,18.8,285.76,166.99428571428572,,,2018-07-02,2018-06-25,2018-08-23,platform 1,No.10 platform,20*20,280,,yard HN,,,general,,,,,,,34
637,H1087,261,637,BQM4853A,13,48 North-3,curved,20.5,18.8,385.40000000000003,221.05428571428573,,,2018-07-02,2018-06-25,2018-08-23,curved surface,48m,36*21,240,9,HN,,curved,general,,H1094,17.7,825.0,2017-10-25,2017-11-15,34
638,H1087,261,638,PPT0809A,92,No.8 South-17,flat,20.5,18.8,385.40000000000003,221.05428571428573,,,2018-07-02,2018-06-25,2018-08-23,block assembly group,No.8 platform,20*22,350,,HL,,,general,,,,,,,34
616,H1088,632,616,PPT0059A,57,No.0 East-18,flat,13.38,17.28,231.20640000000003,136.46365714285716,,,2018-07-02,2018-06-28,2018-08-31,platform 1,No.0 platform,18*21,270,,QS,,flat,general,,,,,,,14
617,H1088,632,617,PPT0809A,92,No.8 South-17,flat,13.38,17.28,231.20640000000003,136.46365714285716,,,2018-07-02,2018-06-28,2018-08-31,block assembly group,No.8 platform,20*22,350,,HL,,,general,,,,,,,14
585,H1088,111,585,BQM4803A,3,48 South-3,flat,22.2,13.8,306.36,195.22285714285712,,,2018-07-03,2018-06-26,2018-08-30,curved surface,48m,36*21,240,9,MZ,,,general,,H1094,17.7,154.0,2017-10-25,2017-11-12,25
586,H1088,111,586,BQM4503A,22,45 South-3,flat,22.2,13.8,306.36,195.22285714285712,,,2018-07-03,2018-06-26,2018-08-30,curved surface,45m,33*21,240,9,ZH,,flat,general,,H1103,31.6,183.0,2017-10-26,2017-11-16,25
641,H1087,622,641,BQM4202A,37,42 South-2,flat,13.38,17.28,231.20640000000003,136.46365714285716,,,2018-07-03,2018-06-28,2018-08-29,curved surface,42m,18*18,240,9M,YT,,,general,,H1094,17.7,631.0,2017-10-24,2017-11-05,13
642,H1087,622,642,PPT0001A,38,No.0 West-1,flat,13.38,17.28,231.20640000000003,136.46365714285716,,,2018-07-03,2018-06-28,2018-08-29,platform 1,No.0 platform,20*21,270,,MZ,,,general,platform 1,,,,,,13
630,H1088,629,630,PPT0804A,87,No.8 South-7,flat,15.6,18.9,294.84,171.59142857142857,,,2018-07-06,2018-06-29,2018-08-25,block assembly group,No.8 platform,20*22,350,,XZY,,,general,,,,,,,32
631,H1088,629,631,PPT1007A,65,No.10 South-13,flat,15.6,18.9,294.84,171.59142857142857,,,2018-07-06,2018-06-29,2018-08-25,platform 1,No.10 platform,18*20,280,,RH,,flat,general,,,,,,,32
632,H1088,639,632,BQM4810A,10,48 South-10,flat,15.6,18.9,294.84,171.59142857142857,,,2018-07-06,2018-06-29,2018-08-25,curved surface,48m,22*21,240,9,MZ,,,general,,H1098,17.7,153.0,2017-10-20,2017-11-08,32
633,H1088,639,633,BQM4810A,10,48 South-10,flat,15.6,18.9,294.84,171.59142857142857,,,2018-07-06,2018-06-29,2018-08-25,curved surface,48m,22*21,240,9,MZ,,,general,,H1098,17.7,153.0,2017-10-20,2017-11-08,32
529,H1087,102,529,BQM4853A,13,48 North-3,curved,22.89,15.65,358.2285,219.67845714285713,,,2018-07-06,2018-06-30,2018-09-05,curved surface,48m,36*21,240,9,HN,,curved,general,,H1094,17.7,825.0,2017-10-25,2017-11-15,47
590,H1087,183,590,PPT1060A,81,No.10 North-20,flat,8.82,15.798,139.33836,93.5340582857143,,,2018-07-06,2018-07-02,2018-09-03,platform 1,No.10 platform,20*20,280,,yard HN,,,general,,,,,,,21
591,H1087,193,591,PPT1060A,81,No.10 North-20,flat,15.59,15.978,249.09702,142.38416685714284,,,2018-07-06,2018-07-02,2018-09-03,platform 1,No.10 platform,20*20,280,,yard HN,,,general,,,,,,,21
557,H1087,144,557,PPT1011A,69,No.10 South-21,flat,17.566,15.678,275.399748,158.3897257142857,,,2018-07-07,2018-06-30,2018-09-14,platform 1,No.10 platform,18*20,280,,yard HN,,flat,general,,,,,,,23
558,H1087,144,558,PPT1010A,68,No.10 South-19,flat,17.566,15.678,275.399748,158.3897257142857,,,2018-07-07,2018-06-30,2018-09-14,platform 1,No.10 platform,18*20,280,,yard HN,,,general,,,,,,,23
559,H1087,154,559,PPT0058A,56,No.0 East-16,flat,19.932,15.976,318.433632,186.43348571428572,,,2018-07-07,2018-06-30,2018-09-14,platform 1,No.0 platform,18*21,270,,QS,,flat,general,,,,,,,23
560,H1087,154,560,PPT0001A,38,No.0 West-1,flat,19.932,15.976,318.433632,186.43348571428572,,,2018-07-07,2018-06-30,2018-09-14,platform 1,No.0 platform,20*21,270,,MZ,,,general,platform 1,,,,,,23
574,H1087,101,574,PPT0004A,41,No.0 West-7,curved,11.577,13.021,150.74411700000002,86.73524857142857,,,2018-07-07,2018-07-01,2018-09-04,platform 1,No.0 platform,20*21,270,,MZ,,curved,fixed,,,,,,,45
587,H1087,183,587,PPT1062A,83,No.10 North-24,flat,8.82,15.798,139.33836,93.5340582857143,,,2018-07-07,2018-07-03,2018-09-04,platform 1,No.10 platform,20*20,280,,yard HN,,,general,,,,,,,21
588,H1087,193,588,PPT1062A,83,No.10 North-24,flat,15.59,15.978,249.09702,142.38416685714284,,,2018-07-07,2018-07-03,2018-09-04,platform 1,No.10 platform,20*20,280,,yard HN,,,general,,,,,,,21
618,H1088,268,618,PPT1054A,75,No.10 North-8,flat,10.8,20.0,216.0,147.61142857142858,,,2018-07-08,2018-07-01,2018-08-25,platform 1,No.10 platform,20*20,280,,yard ZH,,,general,,,,,,,30
619,H1087,278,619,PPT1052A,73,No.10 North-4,curved,10.8,20.0,216.0,147.61142857142858,,,2018-07-08,2018-07-01,2018-08-25,platform 1,No.10 platform,20*20,280,,yard ZH,,curved,fixed,,,,,,,30
605,H1087,268,605,PPT0059A,57,No.0 East-18,flat,10.8,20.0,216.0,147.61142857142858,,,2018-07-09,2018-07-02,2018-08-26,platform 1,No.0 platform,18*21,270,,QS,,flat,general,,,,,,,30
606,H1087,278,606,PPT1053A,74,No.10 North-6,flat,10.8,20.0,216.0,147.61142857142858,,,2018-07-09,2018-07-02,2018-08-26,platform 1,No.10 platform,20*20,280,,yard ZH,,,general,,,,,,,30
644,H1088,143,644,PPT0802A,85,No.8 South-3,flat,13.809,15.686,216.60797399999998,124.78259342857142,,,2018-07-09,2018-07-03,2018-08-24,block assembly group,No.8 platform,20*22,350,,HY,,flat,general,,,,,,,21
645,H1088,143,645,PPT0861A,108,No.8 North-22,flat,13.809,15.686,216.60797399999998,124.78259342857142,,,2018-07-09,2018-07-03,2018-08-24,block assembly group,No.8 platform,20*22,350,,HY,,,general,,,,,,,21
562,H1087,124,562,PPT0861A,108,No.8 North-22,flat,18.618,14.354,267.24277199999995,157.90492571428572,,,2018-07-09,2018-07-03,2018-09-12,block assembly group,No.8 platform,20*22,350,,HY,,,general,,,,,,,22
563,H1088,124,563,PPT1060A,81,No.10 North-20,flat,18.618,14.354,267.24277199999995,157.90492571428572,,,2018-07-09,2018-07-03,2018-09-12,platform 1,No.10 platform,20*20,280,,yard HN,,,general,,,,,,,22
646,H1088,153,646,PPT0004A,41,No.0 West-7,curved,18.919,15.5,293.2445,170.90816028571427,,,2018-07-09,2018-07-03,2018-08-24,platform 1,No.0 platform,20*21,270,,MZ,,curved,fixed,,,,,,,21
647,H1088,153,647,PPT0057A,55,No.0 East-14,flat,18.919,15.5,293.2445,170.90816028571427,,,2018-07-09,2018-07-03,2018-08-24,platform 1,No.0 platform,20*21,270,,QS,,flat,general,,,,,,,21
564,H1088,134,564,BQM4803A,3,48 South-3,flat,22.828,14.354,327.67311199999995,207.75854285714286,,,2018-07-09,2018-07-03,2018-09-12,curved surface,48m,36*21,240,9,MZ,,,general,,H1094,17.7,154.0,2017-10-25,2017-11-12,22
565,H1088,134,565,BQM4853A,13,48 North-3,curved,22.828,14.354,327.67311199999995,207.75854285714286,,,2018-07-09,2018-07-03,2018-09-12,curved surface,48m,36*21,240,9,HN,,curved,general,,H1094,17.7,825.0,2017-10-25,2017-11-15,22
652,H1087,102,652,BQM4503A,22,45 South-3,flat,19.76,18.47,364.9672,209.02814285714288,,,2018-07-10,2018-07-10,2018-08-16,curved surface,45m,33*21,240,9,ZH,,flat,general,,H1103,31.6,183.0,2017-10-26,2017-11-16,20
653,H1087,102,653,PPT0804A,87,No.8 South-7,flat,19.76,18.47,364.9672,209.02814285714288,,,2018-07-10,2018-07-10,2018-08-16,block assembly group,No.8 platform,20*22,350,,XZY,,,general,,,,,,,20
634,H1088,124,634,PPT0811A,94,No.8 South-21,flat,21.0,18.1,380.1,219.60285714285718,,,2018-07-11,2018-07-04,2018-08-24,block assembly group,No.8 platform,20*22,350,,HL,,flat,general,,,,,,,26
635,H1087,134,635,PPT0051A,49,No.0 East-2,flat,21.0,18.1,380.1,219.60285714285718,,,2018-07-11,2018-07-04,2018-08-24,platform 1,No.0 platform,20*21,270,,MZ,,flat,general,,,,,,,26
620,H1087,621,620,PPT1060A,81,No.10 North-20,flat,8.95,15.97,142.9315,95.75525714285716,,,2018-07-11,2018-07-11,2018-08-31,platform 1,No.10 platform,20*20,280,,yard HN,,,general,,,,,,,14
621,H1087,621,621,BQM4803A,3,48 South-3,flat,8.95,15.97,142.9315,95.75525714285716,,,2018-07-11,2018-07-11,2018-08-31,curved surface,48m,36*21,240,9,MZ,,,general,,H1094,17.7,154.0,2017-10-25,2017-11-12,14
607,H1087,631,607,PPT0001A,38,No.0 West-1,flat,10.53,15.97,168.1641,104.54908571428572,,,2018-07-11,2018-07-11,2018-09-01,platform 1,No.0 platform,20*21,270,,MZ,,,general,platform 1,,,,,,13
608,H1087,631,608,PPT0863A,110,No.8 North-26,flat,10.53,15.97,168.1641,104.54908571428572,,,2018-07-11,2018-07-11,2018-09-01,block assembly group,No.8 platform,20*22,350,,flexible,,,general,,,,,,,13
601,H1088,269,601,BQM4853A,13,48 North-3,curved,10.5,18.9,198.45,133.55999999999997,,,2018-07-13,2018-07-06,2018-08-29,curved surface,48m,36*21,240,9,HN,,curved,general,,H1094,17.7,825.0,2017-10-25,2017-11-15,29
602,H1088,269,602,PPT0060A,58,No.0 East-20,flat,10.5,18.9,198.45,133.55999999999997,,,2018-07-13,2018-07-06,2018-08-29,platform 1,No.0 platform,18*21,270,,QS,,flat,general,,,,,,,29
603,H1087,279,603,PPT1054A,75,No.10 North-8,flat,10.5,18.9,198.45,133.55999999999997,,,2018-07-13,2018-07-06,2018-08-29,platform 1,No.10 platform,20*20,280,,yard ZH,,,general,,,,,,,29
604,H1087,279,604,PPT1011A,69,No.10 South-21,flat,10.5,18.9,198.45,133.55999999999997,,,2018-07-13,2018-07-06,2018-08-29,platform 1,No.10 platform,18*20,280,,yard HN,,flat,general,,,,,,,29
581,H1088,272,581,PPT0058A,56,No.0 East-16,flat,14.4,17.28,248.83200000000002,144.55954285714287,,,2018-07-13,2018-07-13,2018-09-11,platform 1,No.0 platform,18*21,270,,QS,,flat,general,,,,,,,31
582,H1088,272,582,PPT0808A,91,No.8 South-15,flat,14.4,17.28,248.83200000000002,144.55954285714287,,,2018-07-13,2018-07-13,2018-09-11,block assembly group,No.8 platform,20*22,350,,HL,,,general,,,,,,,31
579,H1088,262,579,PPT1011A,69,No.10 South-21,flat,14.6,17.28,252.288,146.21668571428572,,,2018-07-13,2018-07-13,2018-09-11,platform 1,No.10 platform,18*20,280,,yard HN,,flat,general,,,,,,,31
580,H1088,262,580,PPT1056A,77,No.10 North-12,flat,14.6,17.28,252.288,146.21668571428572,,,2018-07-13,2018-07-13,2018-09-11,platform 1,No.10 platform,20*20,280,,RH,,,general,,,,,,,31
535,H1088,834,535,PPT0052A,50,No.0 East-4,flat,7.062,14.636,103.359432,75.45266857142857,,,2018-07-14,2018-07-07,2018-09-21,platform 1,No.0 platform,20*21,270,,MZ,,flat,general,,,,,,,34
534,H1088,824,534,PPT0811A,94,No.8 South-21,flat,17.596,14.575,256.4617,149.15709742857143,,,2018-07-14,2018-07-07,2018-09-21,block assembly group,No.8 platform,20*22,350,,HL,,flat,general,,,,,,,34
648,H1088,628,648,PPT1001A,59,No.10 South-1,flat,15.6,20.0,312.0,183.81714285714287,,,2018-07-14,2018-07-07,2018-08-24,platform 1,No.10 platform,20*20,280,,yard ZH,,flat,general,,,,,,,23
649,H1088,638,649,PPT0056A,54,No.0 East-12,flat,15.6,20.0,312.0,183.81714285714287,,,2018-07-14,2018-07-07,2018-08-24,platform 1,No.0 platform,20*21,270,,QS,,flat,general,,,,,,,23
597,H1088,101,597,BQM4503A,22,45 South-3,flat,30.66,9.4,288.204,240.0,,,2018-07-15,2018-07-15,2018-08-28,curved surface,45m,33*21,240,9,ZH,,flat,general,,H1103,31.6,183.0,2017-10-26,2017-11-16,30
543,H1087,833,543,PPT1061A,82,No.10 North-22,flat,7.281,14.575,106.12057499999999,75.84102457142856,,,2018-07-16,2018-07-09,2018-09-21,platform 1,No.10 platform,20*20,280,,yard HN,,,general,,,,,,,32
599,H1088,824,599,PPT0863A,110,No.8 North-26,flat,14.342,13.72,196.77224,112.55181828571429,,,2018-07-16,2018-07-09,2018-08-29,block assembly group,No.8 platform,20*22,350,,flexible,,,general,,,,,,,26
542,H1087,823,542,PPT0861A,108,No.8 North-22,flat,17.548,14.578,255.81474399999996,148.70011085714285,,,2018-07-16,2018-07-09,2018-09-21,block assembly group,No.8 platform,20*22,350,,HY,,,general,,,,,,,32
598,H1088,824,598,PPT0801A,84,No.8 South-1,flat,14.342,13.72,196.77224,112.55181828571429,,,2018-07-17,2018-07-10,2018-08-30,block assembly group,No.8 platform,20*22,350,,HY,,flat,general,block assembly group,,,,,,26
662,H1088,183,662,PPT1002A,60,No.10 South-3,flat,7.507,14.276,107.16993199999999,74.33120714285714,,,2018-07-18,2018-07-13,2018-08-21,platform 1,No.10 platform,20*20,280,,yard ZH,,flat,general,,,,,,,20
663,H1088,193,663,PPT1053A,74,No.10 North-6,flat,14.445,14.246,205.78347000000002,117.60186885714286,,,2018-07-18,2018-07-13,2018-08-21,platform 1,No.10 platform,20*20,280,,yard ZH,,,general,,,,,,,20
494,H1087,835,494,PPT0058A,56,No.0 East-16,flat,16.0,17.3,276.8,158.6542857142857,,,2018-07-20,2018-07-13,2018-10-02,platform 1,No.0 platform,18*21,270,,QS,,flat,general,,,,,,,39
493,H1087,825,493,PPT1058A,79,No.10 North-16,curved,18.455,17.3,319.2715,182.82200714285713,,,2018-07-20,2018-07-13,2018-10-02,platform 1,No.10 platform,20*20,280,,yard HN,,curved,fixed,,,,,,,39
654,H1087,183,654,PPT0864A,111,No.8 North-28,flat,7.507,14.276,107.16993199999999,74.33120714285714,,,2018-07-20,2018-07-15,2018-08-22,block assembly group,No.8 platform,20*22,350,,flexible,,,general,,,,,,,19
655,H1087,193,655,PPT1006A,64,No.10 South-11,curved,14.445,14.246,205.78347000000002,117.60186885714286,,,2018-07-20,2018-07-15,2018-08-22,platform 1,No.10 platform,20*20,280,,RH,,curved,fixed,,,,,,,19
538,H1088,283,538,PPT0804A,87,No.8 South-7,curved,13.7,18.32,250.98399999999998,149.51782857142857,,,2018-07-22,2018-07-16,2018-09-21,block assembly group,No.8 platform,20*22,350,,XZY,,,general,,,,,,,31
539,H1087,293,539,BQM4503A,22,45 South-3,flat,22.5,18.32,412.2,240.0,,,2018-07-22,2018-07-16,2018-09-21,curved surface,45m,33*21,240,9,ZH,,flat,general,,H1103,31.6,183.0,2017-10-26,2017-11-16,31
497,H1087,832,497,PPT0002A,39,No.0 West-3,flat,6.662,14.583,97.151946,73.44175228571429,,,2018-07-23,2018-07-16,2018-10-01,platform 1,No.0 platform,20*21,270,,MZ,,,general,,,,,,,35
496,H1087,822,496,PPT1053A,74,No.10 North-6,flat,16.055,14.575,234.001625,134.34104285714284,,,2018-07-23,2018-07-16,2018-10-01,platform 1,No.10 platform,20*20,280,,yard ZH,,,general,,,,,,,35
548,H1088,282,548,PPT1001A,59,No.10 South-1,flat,14.7,19.5,286.65,170.38285714285712,,,2018-07-23,2018-07-17,2018-09-21,platform 1,No.10 platform,20*20,280,,yard ZH,,flat,general,,,,,,,30
549,H1088,292,549,PPT0803A,86,No.8 South-5,flat,16.6,19.5,323.70000000000005,187.37428571428572,,,2018-07-23,2018-07-17,2018-09-21,block assembly group,No.8 platform,20*22,350,,HY,,flat,general,,,,,,,30
609,H1087,182,609,PPT0803A,86,No.8 South-5,flat,21.0,7.3,153.29999999999998,141.2257142857143,,,2018-07-25,2018-07-21,2018-09-01,block assembly group,No.8 platform,20*22,350,,HY,,flat,general,,,,,,,18
610,H1087,182,610,PPT0857A,104,No.8 North-14,curved,22.0,7.3,160.6,153.51142857142855,,,2018-07-25,2018-07-21,2018-09-01,block assembly group,No.8 platform,20*22,350,,HL,,curved,fixed,,,,,,,18
611,H1088,192,611,PPT0859A,106,No.8 North-18,flat,13.889,7.3,101.38969999999999,70.34123457142856,,,2018-07-25,2018-07-21,2018-09-01,block assembly group,No.8 platform,20*22,350,,HL,,,general,,,,,,,18
612,H1088,192,612,PPT0060A,58,No.0 East-20,flat,13.889,7.3,101.38969999999999,70.34123457142856,,,2018-07-25,2018-07-21,2018-09-01,platform 1,No.0 platform,18*21,270,,QS,,flat,general,,,,,,,18
622,H1087,123,622,PPT0859A,106,No.8 North-18,flat,16.106,12.2,196.4932,116.64092457142858,,,2018-07-25,2018-07-24,2018-08-25,block assembly group,No.8 platform,20*22,350,,HL,,,general,,,,,,,23
623,H1087,123,623,PPT0861A,108,No.8 North-22,flat,16.106,12.2,196.4932,116.64092457142858,,,2018-07-25,2018-07-24,2018-08-25,block assembly group,No.8 platform,20*22,350,,HY,,,general,,,,,,,23
624,H1087,133,624,BQM4803A,3,48 South-3,flat,24.07,12.2,293.654,208.05854285714284,,,2018-07-25,2018-07-24,2018-08-25,curved surface,48m,36*21,240,9,MZ,,,general,,H1094,17.7,154.0,2017-10-25,2017-11-12,23
625,H1087,133,625,BQM4803A,3,48 South-3,flat,24.07,12.2,293.654,208.05854285714284,,,2018-07-25,2018-07-24,2018-08-25,curved surface,48m,36*21,240,9,MZ,,,general,,H1094,17.7,154.0,2017-10-25,2017-11-12,23
501,H1088,694,501,PPT1007A,65,No.10 South-13,flat,16.7,18.4,307.28,176.41428571428568,,,2018-07-27,2018-07-20,2018-09-28,platform 1,No.10 platform,18*20,280,,RH,,flat,general,,,,,,,38
500,H1088,684,500,PPT1012A,70,No.10 South-23,flat,17.5,18.4,322.0,184.23142857142855,,,2018-07-27,2018-07-20,2018-09-28,platform 1,No.10 platform,18*20,280,,yard HN,,flat,general,,,,,,,38
526,H1087,123,526,PPT0001A,38,No.0 West-1,flat,19.5,18.75,365.625,209.08928571428572,,,2018-07-27,2018-07-21,2018-09-18,platform 1,No.0 platform,20*21,270,,MZ,,,general,platform 1,,,,,,39
567,H1088,102,567,PPT1062A,83,No.10 North-24,flat,19.76,18.47,364.9672,209.02814285714288,,,2018-07-27,2018-07-27,2018-09-09,platform 1,No.10 platform,20*20,280,,yard HN,,,general,,,,,,,38
423,H1088,110,423,PPT1053A,74,No.10 North-6,flat,16.0,4.932,78.912,80.09274971428572,,,2018-07-28,2018-07-22,2018-10-01,platform 1,No.10 platform,20*20,280,,yard ZH,,,general,,,,,,,51
528,H1087,182,528,PPT0052A,50,No.0 East-4,flat,12.25,9.2,112.69999999999999,67.05785714285715,,,2018-07-28,2018-07-22,2018-09-17,platform 1,No.0 platform,20*21,270,,MZ,,flat,general,,,,,,,37
570,H1088,271,570,BQM4803A,3,48 South-3,flat,17.8,16.0,284.8,163.66857142857143,,,2018-07-28,2018-07-22,2018-09-11,curved surface,48m,36*21,240,9,MZ,,,general,,H1094,17.7,154.0,2017-10-25,2017-11-12,31
571,H1087,271,571,PPT1061A,82,No.10 North-22,flat,17.8,16.0,284.8,163.66857142857143,,,2018-07-28,2018-07-22,2018-09-11,platform 1,No.10 platform,20*20,280,,yard HN,,,general,,,,,,,31
568,H1088,261,568,PPT0060A,58,No.0 East-20,flat,20.1,16.0,321.6,188.5742857142857,,,2018-07-28,2018-07-22,2018-09-11,platform 1,No.0 platform,18*21,270,,QS,,flat,general,,,,,,,31
569,H1088,261,569,PPT0802A,85,No.8 South-3,flat,20.1,16.0,321.6,188.5742857142857,,,2018-07-28,2018-07-22,2018-09-11,block assembly group,No.8 platform,20*22,350,,HY,,flat,general,,,,,,,31
550,H1088,123,550,BQM4202A,37,42 South-2,flat,16.106,12.2,196.4932,116.64092457142858,,,2018-07-28,2018-07-24,2018-09-17,curved surface,42m,18*18,240,9M,YT,,,general,,H1094,17.7,631.0,2017-10-24,2017-11-05,28
561,H1087,133,561,BQM4803A,3,48 South-3,flat,24.07,12.2,293.654,208.05854285714284,,,2018-07-28,2018-07-24,2018-09-13,curved surface,48m,36*21,240,9,MZ,,,general,,H1094,17.7,154.0,2017-10-25,2017-11-12,28
592,H1087,231,592,PPT1051A,72,No.10 North-2,curved,14.308,15.97,228.49876,131.35993257142857,,,2018-07-29,2018-07-15,2018-09-10,platform 1,No.10 platform,20*20,280,,yard ZH,,curved,fixed,,,,,,,21
575,H1087,122,575,PPT1009A,67,No.10 South-17,flat,15.531,12.2,189.4782,111.44341742857144,,,2018-07-30,2018-07-31,2018-09-12,platform 1,No.10 platform,18*20,280,,yard HN,,flat,general,,,,,,,27
576,H1087,132,576,PPT1001A,59,No.10 South-1,flat,18.94,12.2,231.068,145.01817142857143,,,2018-07-30,2018-07-31,2018-09-12,platform 1,No.10 platform,20*20,280,,yard ZH,,flat,general,,,,,,,27
502,H1088,192,502,PPT1051A,72,No.10 North-2,curved,16.9,9.2,155.47999999999996,105.78571428571426,,,2018-08-03,2018-07-28,2018-09-23,platform 1,No.10 platform,20*20,280,,yard ZH,,curved,fixed,,,,,,,37
420,H1088,294,420,PPT0809A,92,No.8 South-17,flat,20.0,18.4,368.0,211.01714285714283,,,2018-08-04,2018-07-28,2018-10-13,block assembly group,No.8 platform,20*22,350,,HL,,,general,,,,,,,45
419,H1088,284,419,PPT0861A,108,No.8 North-22,flat,20.0,18.4,368.0,211.01714285714283,,,2018-08-05,2018-07-29,2018-10-14,block assembly group,No.8 platform,20*22,350,,HY,,,general,,,,,,,45
627,H1088,231,627,PPT0058A,56,No.0 East-16,flat,15.25,8.2,125.04999999999998,85.65785714285714,,,2018-08-05,2018-07-30,2018-09-02,platform 1,No.0 platform,18*21,270,,QS,,flat,general,,,,,,,14
626,H1087,221,626,PPT1054A,75,No.10 North-8,flat,18.25,8.2,149.64999999999998,114.37214285714286,,,2018-08-05,2018-07-30,2018-09-02,platform 1,No.10 platform,20*20,280,,yard ZH,,,general,,,,,,,14
523,H1087,633,523,PPT1057A,78,No.10 North-14,flat,12.7,19.8,251.46,158.09428571428572,,,2018-08-05,2018-07-30,2018-09-22,platform 1,No.10 platform,20*20,280,,RH,,,general,,,,,,,34
522,H1088,623,522,PPT1054A,75,No.10 North-8,flat,13.6,19.8,269.28000000000003,164.85714285714286,,,2018-08-05,2018-07-30,2018-09-22,platform 1,No.10 platform,20*20,280,,yard ZH,,,general,,,,,,,34
566,H1088,111,566,BQM4803A,3,48 South-3,flat,22.2,13.8,306.36,195.22285714285712,,,2018-08-06,2018-07-22,2018-09-09,curved surface,48m,36*21,240,9,MZ,,,general,,H1094,17.7,154.0,2017-10-25,2017-11-12,25
424,H1088,293,424,PPT1061A,82,No.10 North-22,flat,19.5,18.9,368.54999999999995,210.7028571428571,,,2018-08-06,2018-07-30,2018-10-13,platform 1,No.10 platform,20*20,280,,yard HN,,,general,,,,,,,43
438,H1088,111,438,BQM4803A,3,48 South-3,flat,11.85,25.0,296.25,218.69214285714287,,,2018-08-06,2018-07-31,2018-09-29,curved surface,48m,36*21,240,9,MZ,,,general,,H1094,17.7,154.0,2017-10-25,2017-11-12,40
467,H1088,103,467,BQM4803A,3,48 South-3,flat,34.122,13.75,469.1775,240.0,,,2018-08-06,2018-07-31,2018-09-29,curved surface,48m,36*21,240,9,MZ,,,general,,H1094,17.7,154.0,2017-10-25,2017-11-12,40
593,H1087,112,593,BQM4810A,10,48 South-10,flat,21.0,8.6,180.6,147.1314285714286,,,2018-08-06,2018-08-01,2018-08-31,curved surface,48m,22*21,240,9,MZ,,,general,,H1098,17.7,153.0,2017-10-20,2017-11-08,18
594,H1087,112,594,PPT0056A,54,No.0 East-12,flat,21.0,8.6,180.6,147.1314285714286,,,2018-08-06,2018-08-01,2018-08-31,platform 1,No.0 platform,20*21,270,,QS,,flat,general,,,,,,,18
584,H1088,221,584,PPT1013A,71,No.10 South-25,flat,14.0,15.97,223.58,128.86882857142857,,,2018-08-07,2018-07-16,2018-09-18,platform 1,No.10 platform,18*20,280,,yard HN,,flat,general,,,,,,,20
418,H1087,283,418,PPT1062A,83,No.10 North-24,flat,18.4,18.9,347.75999999999993,198.79142857142853,,,2018-08-08,2018-08-01,2018-10-16,platform 1,No.10 platform,20*20,280,,yard HN,,,general,,,,,,,44
545,H1087,273,545,PPT0803A,86,No.8 South-5,flat,14.5,18.79,272.455,160.94688571428574,,,2018-08-08,2018-08-02,2018-09-22,block assembly group,No.8 platform,20*22,350,,HY,,flat,general,,,,,,,26
541,H1087,263,541,PPT1055A,76,No.10 North-10,flat,16.6,18.79,311.914,179.6068857142857,,,2018-08-08,2018-08-02,2018-09-23,platform 1,No.10 platform,20*20,280,,RH,,,general,,,,,,,26
583,H1088,112,583,PPT0055A,53,No.0 East-10,curved,21.0,8.6,180.6,147.1314285714286,,,2018-08-08,2018-08-03,2018-09-07,platform 1,No.0 platform,20*21,270,,MZ,,curved,fixed,,,,,,,18
536,H1088,143,536,PPT1055A,76,No.10 North-10,flat,13.809,15.686,216.60797399999998,124.78259342857142,,,2018-08-10,2018-08-03,2018-09-22,platform 1,No.10 platform,20*20,280,,RH,,,general,,,,,,,31
537,H1088,153,537,PPT0051A,49,No.0 East-2,flat,18.919,15.5,293.2445,170.90816028571427,,,2018-08-10,2018-08-03,2018-09-22,platform 1,No.0 platform,20*21,270,,MZ,,flat,general,,,,,,,31
509,H1087,683,509,PPT0859A,106,No.8 North-18,flat,16.6,18.9,313.74,180.79142857142855,,,2018-08-10,2018-08-03,2018-09-28,block assembly group,No.8 platform,20*22,350,,HL,,,general,,,,,,,24
510,H1087,693,510,PPT1004A,62,No.10 South-7,flat,16.6,18.9,313.74,180.79142857142855,,,2018-08-10,2018-08-03,2018-09-28,platform 1,No.10 platform,20*20,280,,yard ZH,,,general,,,,,,,24
531,H1088,632,531,PPT1009A,67,No.10 South-17,flat,13.5,20.0,270.0,166.35714285714286,,,2018-08-11,2018-08-05,2018-09-23,platform 1,No.10 platform,18*20,280,,yard HN,,flat,general,,,,,,,29
530,H1087,622,530,PPT1053A,74,No.10 North-6,flat,16.9,20.0,338.0,195.8885714285714,,,2018-08-11,2018-08-05,2018-09-23,platform 1,No.10 platform,20*20,280,,yard ZH,,,general,,,,,,,29
553,H1088,182,553,PPT0808A,91,No.8 South-15,flat,20.0,7.3,146.0,129.51142857142858,,,2018-08-12,2018-08-06,2018-09-22,block assembly group,No.8 platform,20*22,350,,HL,,,general,,,,,,,17
554,H1088,192,554,PPT0059A,57,No.0 East-18,flat,13.889,7.3,101.38969999999999,70.34123457142856,,,2018-08-12,2018-08-06,2018-09-22,platform 1,No.0 platform,18*21,270,,QS,,flat,general,,,,,,,17
483,H1088,271,483,PPT1062A,83,No.10 North-24,flat,17.8,16.0,284.8,163.66857142857143,,,2018-08-12,2018-08-06,2018-10-05,platform 1,No.10 platform,20*20,280,,yard HN,,,general,,,,,,,31
482,H1087,261,482,BQM4504A,23,45 South-4,flat,20.1,16.0,321.6,188.5742857142857,,,2018-08-12,2018-08-06,2018-10-05,curved surface,45m,20*21,240,9,ZH,,flat,general,,H1103,31.6,193.0,2017-10-26,2017-11-16,31
516,H1088,124,516,PPT1061A,82,No.10 North-22,flat,18.618,14.354,267.24277199999995,157.90492571428572,,,2018-08-13,2018-08-03,2018-09-27,platform 1,No.10 platform,20*20,280,,yard HN,,,general,,,,,,,32
517,H1088,134,517,BQM4803A,3,48 South-3,flat,22.828,14.354,327.67311199999995,207.75854285714286,,,2018-08-13,2018-08-03,2018-09-27,curved surface,48m,36*21,240,9,MZ,,,general,,H1094,17.7,154.0,2017-10-25,2017-11-12,32
470,H1088,273,470,PPT0002A,39,No.0 West-3,flat,14.5,18.79,272.455,160.94688571428574,,,2018-08-13,2018-08-12,2018-10-10,platform 1,No.0 platform,20*21,270,,MZ,,,general,,,,,,,25
469,H1088,263,469,PPT1057A,78,No.10 North-14,flat,16.6,18.79,311.914,179.6068857142857,,,2018-08-13,2018-08-12,2018-10-10,platform 1,No.10 platform,20*20,280,,RH,,,general,,,,,,,25
572,H1087,103,572,BQM4503A,22,45 South-3,flat,29.101,15.68,456.30368,240.0,,,2018-08-14,2018-08-09,2018-09-13,curved surface,45m,33*21,240,9,ZH,,flat,general,,H1103,31.6,183.0,2017-10-26,2017-11-16,26
460,H1087,273,460,PPT0801A,84,No.8 South-1,flat,14.5,18.79,272.455,160.94688571428574,,,2018-08-14,2018-08-13,2018-10-11,block assembly group,No.8 platform,20*22,350,,HY,,flat,general,block assembly group,,,,,,25
459,H1087,263,459,PPT1007A,65,No.10 South-13,flat,16.6,18.79,311.914,179.6068857142857,,,2018-08-14,2018-08-13,2018-10-11,platform 1,No.10 platform,18*20,280,,RH,,flat,general,,,,,,,25
555,H1087,632,555,PPT0807A,90,No.8 South-13,flat,13.38,17.28,231.20640000000003,136.46365714285716,,,2018-08-15,2018-08-03,2018-09-20,block assembly group,No.8 platform,20*22,350,,XZY,,flat,general,,,,,,,16
503,H1088,144,503,PPT1062A,83,No.10 North-24,flat,17.566,15.678,275.399748,158.3897257142857,,,2018-08-15,2018-08-07,2018-09-29,platform 1,No.10 platform,20*20,280,,yard HN,,,general,,,,,,,31
468,H1088,154,468,PPT0059A,57,No.0 East-18,flat,19.932,15.976,318.433632,186.43348571428572,,,2018-08-15,2018-08-07,2018-10-07,platform 1,No.0 platform,18*21,270,,QS,,flat,general,,,,,,,39
556,H1087,622,556,PPT1059A,80,No.10 North-18,curved,13.38,17.28,231.20640000000003,136.46365714285716,,,2018-08-17,2018-08-05,2018-09-20,platform 1,No.10 platform,20*20,280,,yard HN,,curved,fixed,,,,,,,15
513,H1087,835,513,PPT1054A,75,No.10 North-8,flat,7.416,16.884,125.21174400000001,97.16186057142856,,,2018-08-18,2018-08-12,2018-09-28,platform 1,No.10 platform,20*20,280,,yard ZH,,,general,,,,,,,20
514,H1087,835,514,PPT0801A,84,No.8 South-1,flat,7.416,16.884,125.21174400000001,97.16186057142856,,,2018-08-18,2018-08-12,2018-09-28,block assembly group,No.8 platform,20*22,350,,HY,,flat,general,block assembly group,,,,,,20
511,H1087,825,511,PPT0054A,52,No.0 East-8,curved,19.167,16.931,324.51647700000007,186.86647142857146,,,2018-08-18,2018-08-12,2018-09-28,platform 1,No.0 platform,20*21,270,,MZ,,curved,fixed,,,,,,,20
512,H1087,825,512,PPT0053A,51,No.0 East-6,flat,19.167,16.931,324.51647700000007,186.86647142857146,,,2018-08-18,2018-08-12,2018-09-28,platform 1,No.0 platform,20*21,270,,MZ,,,general,,,,,,,20
573,H1087,104,573,PPT1057A,78,No.10 North-14,flat,13.35,13.05,174.2175,99.57857142857142,,,2018-08-19,2018-08-13,2018-09-17,platform 1,No.10 platform,20*20,280,,RH,,,general,,,,,,,15
461,H1087,124,461,PPT1012A,70,No.10 South-23,flat,15.49,19.15,296.63349999999997,173.33217142857143,,,2018-08-19,2018-08-13,2018-10-05,platform 1,No.10 platform,18*20,280,,yard HN,,flat,general,,,,,,,33
525,H1087,832,525,PPT0060A,58,No.0 East-20,flat,6.767,14.288,96.686896,71.41120942857144,,,2018-08-19,2018-08-14,2018-09-30,platform 1,No.0 platform,18*21,270,,QS,,flat,general,,,,,,,16
524,H1087,822,524,PPT0803A,86,No.8 South-5,flat,16.086,14.292,229.90111199999998,132.29161714285712,,,2018-08-19,2018-08-14,2018-09-30,block assembly group,No.8 platform,20*22,350,,HY,,flat,general,,,,,,,16
406,H1088,801,406,BQM4803A,3,48 South-3,flat,28.614,19.075,545.81205,240.0,,,2018-08-19,2018-08-17,2018-11-01,curved surface,48m,36*21,240,9,MZ,,,general,,H1094,17.7,154.0,2017-10-25,2017-11-12,58
452,H1088,803,452,PPT1057A,78,No.10 North-14,flat,15.5,20.0,310.0,182.92857142857142,,,2018-08-19,2018-08-18,2018-10-04,platform 1,No.10 platform,20*20,280,,RH,,,general,,,,,,,29
462,H1087,283,462,PPT0060A,58,No.0 East-20,flat,13.7,18.32,250.98399999999998,149.51782857142857,,,2018-08-20,2018-08-13,2018-10-09,platform 1,No.0 platform,18*21,270,,QS,,flat,general,,,,,,,30
450,H1087,293,450,BQM4503A,22,45 South-3,flat,22.5,18.32,412.2,240.0,,,2018-08-20,2018-08-13,2018-10-10,curved surface,45m,33*21,240,9,ZH,,flat,general,,H1103,31.6,183.0,2017-10-26,2017-11-16,30
578,H1087,132,578,PPT1009A,67,No.10 South-17,flat,11.0,9.55,105.05000000000001,60.62928571428572,,,2018-08-20,2018-08-14,2018-09-17,platform 1,No.10 platform,18*20,280,,yard HN,,flat,general,,,,,,,14
577,H1087,122,577,BQM4202A,37,42 South-2,flat,18.0,9.55,171.9,118.62928571428571,,,2018-08-20,2018-08-14,2018-09-17,curved surface,42m,18*18,240,9M,YT,,,general,,H1094,17.7,631.0,2017-10-24,2017-11-05,14
532,H1088,162,532,PPT0001A,38,No.0 West-1,flat,17.86,7.8,139.308,108.5198857142857,,,2018-08-20,2018-08-14,2018-09-24,platform 1,No.0 platform,20*21,270,,MZ,,,general,platform 1,,,,,,21
533,H1088,172,533,PPT0059A,57,No.0 East-18,flat,18.45,12.45,229.7025,141.5442857142857,,,2018-08-20,2018-08-14,2018-09-24,platform 1,No.0 platform,18*21,270,,QS,,flat,general,,,,,,,21
504,H1088,662,504,PPT1057A,78,No.10 North-14,flat,14.6,20.0,292.0,175.1885714285714,,,2018-08-20,2018-08-14,2018-09-30,platform 1,No.10 platform,20*20,280,,RH,,,general,,,,,,,27
505,H1088,672,505,PPT0001A,38,No.0 West-1,flat,14.6,20.0,292.0,175.1885714285714,,,2018-08-20,2018-08-14,2018-09-30,platform 1,No.0 platform,20*21,270,,MZ,,,general,platform 1,,,,,,27
451,H1088,134,451,PPT1002A,60,No.10 South-3,flat,18.74,19.44,364.30559999999997,208.31462857142856,,,2018-08-20,2018-08-14,2018-10-06,platform 1,No.10 platform,20*20,280,,yard ZH,,flat,general,,,,,,,33
446,H1087,193,446,BQM4810A,10,48 South-10,flat,20.1,20.9,420.09,240.0,,,2018-08-20,2018-08-14,2018-10-08,curved surface,48m,22*21,240,9,MZ,,,general,,H1098,17.7,153.0,2017-10-20,2017-11-08,35
520,H1088,832,520,PPT1005A,63,No.10 South-9,curved,6.767,14.288,96.686896,71.41120942857144,,,2018-08-20,2018-08-15,2018-10-01,platform 1,No.10 platform,20*20,280,,RH,,curved,fixed,,,,,,,16
519,H1088,822,519,PPT0057A,55,No.0 East-14,flat,16.086,14.292,229.90111199999998,132.29161714285712,,,2018-08-20,2018-08-15,2018-10-01,platform 1,No.0 platform,20*21,270,,QS,,flat,general,,,,,,,16
551,H1088,623,551,PPT0051A,49,No.0 East-2,flat,13.38,18.79,251.4102,152.02528571428573,,,2018-08-20,2018-08-17,2018-09-23,platform 1,No.0 platform,20*21,270,,MZ,,flat,general,,,,,,,15
552,H1088,633,552,PPT1062A,83,No.10 North-24,flat,13.38,18.79,251.4102,152.02528571428573,,,2018-08-20,2018-08-17,2018-09-23,platform 1,No.10 platform,20*20,280,,yard HN,,,general,,,,,,,15
449,H1087,803,449,PPT1012A,70,No.10 South-23,flat,15.5,19.0,294.5,171.78571428571428,,,2018-08-20,2018-08-19,2018-10-05,platform 1,No.10 platform,18*20,280,,yard HN,,flat,general,,,,,,,29
544,H1087,631,544,PPT1053A,74,No.10 North-6,flat,10.53,15.97,168.1641,104.54908571428572,,,2018-08-21,2018-07-19,2018-09-24,platform 1,No.10 platform,20*20,280,,yard ZH,,,general,,,,,,,8
447,H1087,283,447,PPT1057A,78,No.10 North-14,flat,13.7,18.32,250.98399999999998,149.51782857142857,,,2018-08-21,2018-08-14,2018-10-11,platform 1,No.10 platform,20*20,280,,RH,,,general,,,,,,,31
445,H1087,293,445,BQM4803A,3,48 South-3,flat,22.5,18.32,412.2,240.0,,,2018-08-21,2018-08-14,2018-10-12,curved surface,48m,36*21,240,9,MZ,,,general,,H1094,17.7,154.0,2017-10-25,2017-11-12,31
521,H1088,191,521,PPT0058A,56,No.0 East-16,flat,9.0,11.95,107.55,63.943571428571424,,,2018-08-21,2018-08-15,2018-09-28,platform 1,No.0 platform,18*21,270,,QS,,flat,general,,,,,,,24
506,H1088,143,506,PPT1011A,69,No.10 South-21,flat,10.97,13.152,144.27744,83.80457257142858,,,2018-08-21,2018-08-15,2018-09-29,platform 1,No.10 platform,18*20,280,,yard HN,,flat,general,,,,,,,25
507,H1087,153,507,PPT0002A,39,No.0 West-3,flat,18.861,13.05,246.13605,150.29709171428573,,,2018-08-21,2018-08-15,2018-09-29,platform 1,No.0 platform,20*21,270,,MZ,,,general,,,,,,,25
540,H1087,621,540,BQM4504A,23,45 South-4,flat,8.95,15.97,142.9315,95.75525714285716,,,2018-08-22,2018-07-20,2018-09-25,curved surface,45m,20*21,240,9,ZH,,flat,general,,H1103,31.6,193.0,2017-10-26,2017-11-16,10
518,H1088,181,518,PPT1003A,61,No.10 South-5,flat,15.0,11.95,179.25,105.08642857142857,,,2018-08-22,2018-08-16,2018-09-29,platform 1,No.10 platform,20*20,280,,yard ZH,,,general,,,,,,,24
546,H1087,161,546,PPT1011A,69,No.10 South-21,flat,11.58,12.405,143.6499,82.28012142857142,,,2018-08-22,2018-08-16,2018-09-24,platform 1,No.10 platform,18*20,280,,yard HN,,flat,general,,,,,,,19
547,H1088,171,547,PPT0858A,105,No.8 North-16,curved,21.526,7.65,164.6739,149.11176457142855,,,2018-08-22,2018-08-16,2018-09-24,block assembly group,No.8 platform,20*22,350,,HL,,curved,fixed,,,,,,,19
448,H1087,183,448,PPT0858A,105,No.8 North-16,curved,9.9,20.9,206.91,152.80571428571426,,,2018-08-22,2018-08-16,2018-10-08,block assembly group,No.8 platform,20*22,350,,HL,,curved,fixed,,,,,,,33
463,H1087,125,463,PPT1008A,66,No.10 South-15,flat,14.8,19.15,283.42,167.3607142857143,,,2018-08-22,2018-08-16,2018-10-06,platform 1,No.10 platform,18*20,280,,yard HN,,flat,general,,,,,,,31
433,H1087,631,433,PPT1013A,71,No.10 South-25,flat,16.117,19.25,310.25225,180.09148257142857,,,2018-08-24,2018-08-18,2018-10-14,platform 1,No.10 platform,18*20,280,,yard HN,,flat,general,,,,,,,37
432,H1087,621,432,PPT0803A,86,No.8 South-5,flat,18.334,19.25,352.9295,201.91373028571428,,,2018-08-24,2018-08-18,2018-10-14,block assembly group,No.8 platform,20*22,350,,HY,,flat,general,,,,,,,37
453,H1088,135,453,PPT0807A,90,No.8 South-13,flat,18.6,19.35,359.9100000000001,205.82357142857148,,,2018-08-24,2018-08-18,2018-10-07,block assembly group,No.8 platform,20*22,350,,XZY,,flat,general,,,,,,,30
484,H1088,623,484,PPT0055A,53,No.0 East-10,curved,13.38,18.79,251.4102,152.02528571428573,,,2018-08-24,2018-08-24,2018-10-10,platform 1,No.0 platform,20*21,270,,MZ,,curved,fixed,,,,,,,15
485,H1088,633,485,PPT1056A,77,No.10 North-12,flat,13.38,18.79,251.4102,152.02528571428573,,,2018-08-24,2018-08-24,2018-10-10,platform 1,No.10 platform,20*20,280,,RH,,,general,,,,,,,15
472,H1088,272,472,PPT0801A,84,No.8 South-1,flat,14.4,17.28,248.83200000000002,144.55954285714287,,,2018-08-25,2018-08-19,2018-10-10,block assembly group,No.8 platform,20*22,350,,HY,,flat,general,block assembly group,,,,,,31
471,H1088,262,471,PPT1002A,60,No.10 South-3,flat,14.6,17.28,252.288,146.21668571428572,,,2018-08-25,2018-08-19,2018-10-10,platform 1,No.10 platform,20*20,280,,yard ZH,,flat,general,,,,,,,31
476,H1087,623,476,PPT0864A,111,No.8 North-28,flat,13.38,18.79,251.4102,152.02528571428573,,,2018-08-25,2018-08-25,2018-10-11,block assembly group,No.8 platform,20*22,350,,flexible,,,general,,,,,,,15
477,H1087,633,477,PPT1060A,81,No.10 North-20,flat,13.38,18.79,251.4102,152.02528571428573,,,2018-08-25,2018-08-25,2018-10-11,platform 1,No.10 platform,20*20,280,,yard HN,,,general,,,,,,,15
454,H1088,194,454,BQM4810A,10,48 South-10,flat,20.1,21.05,423.105,240.0,,,2018-08-26,2018-08-20,2018-10-07,curved surface,48m,22*21,240,9,MZ,,,general,,H1098,17.7,153.0,2017-10-20,2017-11-08,28
498,H1087,183,498,PPT1054A,75,No.10 North-8,flat,8.82,15.798,139.33836,93.5340582857143,,,2018-08-27,2018-08-21,2018-10-02,platform 1,No.10 platform,20*20,280,,yard ZH,,,general,,,,,,,22
455,H1088,184,455,PPT0861A,108,No.8 North-22,flat,9.804,21.05,206.3742,154.06311885714285,,,2018-08-27,2018-08-21,2018-10-07,block assembly group,No.8 platform,20*22,350,,HY,,,general,,,,,,,27
499,H1088,193,499,PPT0810A,93,No.8 South-19,flat,15.59,15.978,249.09702,142.38416685714284,,,2018-08-27,2018-08-21,2018-10-02,block assembly group,No.8 platform,20*22,350,,HL,,flat,general,,,,,,,22
377,H1088,102,377,BQM4803A,3,48 South-3,flat,22.89,15.65,358.2285,219.67845714285713,,,2018-08-28,2018-08-22,2018-11-02,curved surface,48m,36*21,240,9,MZ,,,general,,H1094,17.7,154.0,2017-10-25,2017-11-12,52
436,H1088,112,436,BQM4803A,3,48 South-3,flat,14.612,23.0,336.076,212.1458697142857,,,2018-08-29,2018-08-23,2018-10-12,curved surface,48m,36*21,240,9,MZ,,,general,,H1094,17.7,154.0,2017-10-25,2017-11-12,30
402,H1087,101,402,PPT1003A,61,No.10 South-5,flat,11.577,13.021,150.74411700000002,86.73524857142857,,,2018-08-29,2018-08-23,2018-10-31,platform 1,No.10 platform,20*20,280,,yard ZH,,,general,,,,,,,49
489,H1088,155,489,PPT1009A,67,No.10 South-17,flat,14.7,13.05,191.835,110.39785714285713,,,2018-08-31,2018-08-25,2018-10-06,platform 1,No.10 platform,18*20,280,,yard HN,,flat,general,,,,,,,22
495,H1087,144,495,PPT0810A,93,No.8 South-19,flat,10.5,13.05,137.025,80.15785714285714,,,2018-09-01,2018-08-26,2018-10-05,block assembly group,No.8 platform,20*22,350,,HL,,flat,general,,,,,,,20
456,H1088,671,456,PPT0861A,108,No.8 North-22,flat,18.6,14.9,277.14000000000004,162.27714285714288,,,2018-09-01,2018-08-26,2018-10-10,block assembly group,No.8 platform,20*22,350,,HY,,,general,,,,,,,25
478,H1087,642,478,PPT1001A,59,No.10 South-1,flat,13.412,19.5,261.534,160.03764114285715,,,2018-09-01,2018-08-27,2018-10-11,platform 1,No.10 platform,20*20,280,,yard ZH,,flat,general,,,,,,,16
479,H1087,652,479,PPT0861A,108,No.8 North-22,flat,13.412,19.5,261.534,160.03764114285715,,,2018-09-01,2018-08-27,2018-10-11,block assembly group,No.8 platform,20*22,350,,HY,,,general,,,,,,,16
490,H1088,154,490,PPT0859A,106,No.8 North-18,flat,14.94,13.05,194.967,112.43031428571429,,,2018-09-02,2018-08-27,2018-10-06,block assembly group,No.8 platform,20*22,350,,HL,,,general,,,,,,,20
473,H1088,642,473,PPT0051A,49,No.0 East-2,flat,13.412,19.5,261.534,160.03764114285715,,,2018-09-02,2018-08-28,2018-10-12,platform 1,No.0 platform,20*21,270,,MZ,,flat,general,,,,,,,16
474,H1088,652,474,PPT1061A,82,No.10 North-22,flat,13.412,19.5,261.534,160.03764114285715,,,2018-09-02,2018-08-28,2018-10-12,platform 1,No.10 platform,20*20,280,,yard HN,,,general,,,,,,,16
486,H1088,145,486,PPT0804A,87,No.8 South-7,flat,10.1,13.065,131.95649999999998,77.91549285714284,,,2018-09-03,2018-08-28,2018-10-07,block assembly group,No.8 platform,20*22,350,,XZY,,,general,,,,,,,20
441,H1088,836,441,PPT0808A,91,No.8 South-15,flat,8.0,21.0,168.0,144.28571428571428,,,2018-09-04,2018-09-01,2018-10-11,block assembly group,No.8 platform,20*22,350,,HL,,,general,,,,,,,33
442,H1088,836,442,PPT0801A,84,No.8 South-1,flat,8.0,21.0,168.0,144.28571428571428,,,2018-09-04,2018-09-01,2018-10-11,block assembly group,No.8 platform,20*22,350,,HY,,flat,general,block assembly group,,,,,,33
439,H1088,826,439,BQM4810A,10,48 South-10,curved,20.5,21.0,430.5,240.0,,,2018-09-04,2018-09-01,2018-10-11,curved surface,48m,22*21,240,9,MZ,,,general,,H1098,17.7,153.0,2017-10-20,2017-11-08,33
440,H1088,826,440,BQM4810A,10,48 South-10,flat,20.5,21.0,430.5,240.0,,,2018-09-04,2018-09-01,2018-10-11,curved surface,48m,22*21,240,9,MZ,,,general,,H1098,17.7,153.0,2017-10-20,2017-11-08,33
408,H1088,801,408,BQM4803A,3,48 South-3,flat,28.614,19.075,545.81205,240.0,,,2018-09-07,2018-08-29,2018-10-29,curved surface,48m,36*21,240,9,MZ,,,general,,H1094,17.7,154.0,2017-10-25,2017-11-12,37
434,H1087,803,434,BQM4810A,10,48 South-10,flat,15.5,18.0,279.0,161.21428571428572,,,2018-09-07,2018-09-06,2018-10-13,curved surface,48m,22*21,240,9,MZ,,,general,,H1098,17.7,153.0,2017-10-20,2017-11-08,32
407,H1088,801,407,BQM4503A,22,45 South-3,flat,28.614,19.075,545.81205,240.0,,,2018-09-08,2018-08-30,2018-10-30,curved surface,45m,33*21,240,9,ZH,,flat,general,,H1103,31.6,183.0,2017-10-26,2017-11-16,37
427,H1087,661,427,PPT0052A,50,No.0 East-4,flat,18.6,14.9,277.14000000000004,162.27714285714288,,,2018-09-08,2018-09-02,2018-10-21,platform 1,No.0 platform,20*21,270,,MZ,,flat,general,,,,,,,29
426,H1088,834,426,PPT1004A,62,No.10 South-7,flat,9.215,10.9,100.4435,58.20749285714286,,,2018-09-10,2018-09-04,2018-10-26,platform 1,No.10 platform,20*20,280,,yard ZH,,,general,,,,,,,19
425,H1088,824,425,PPT1012A,70,No.10 South-23,flat,15.665,11.094,173.78750999999997,105.27687457142856,,,2018-09-10,2018-09-04,2018-10-26,platform 1,No.10 platform,18*20,280,,yard HN,,flat,general,,,,,,,19
430,H1087,832,430,PPT1006A,64,No.10 South-11,curved,6.767,14.288,96.686896,71.41120942857144,,,2018-09-11,2018-09-05,2018-10-26,platform 1,No.10 platform,20*20,280,,RH,,curved,fixed,,,,,,,18
431,H1087,833,431,PPT1054A,75,No.10 North-8,flat,8.709,14.287,124.425483,79.9900142857143,,,2018-09-11,2018-09-05,2018-10-26,platform 1,No.10 platform,20*20,280,,yard ZH,,,general,,,,,,,18
428,H1087,822,428,BQM4202A,37,42 South-2,flat,16.086,14.292,229.90111199999998,132.29161714285712,,,2018-09-11,2018-09-05,2018-10-26,curved surface,42m,18*18,240,9M,YT,,,general,,H1094,17.7,631.0,2017-10-24,2017-11-05,18
429,H1087,823,429,PPT0057A,55,No.0 East-14,flat,16.231,14.307,232.21691700000002,133.75303142857143,,,2018-09-11,2018-09-05,2018-10-26,platform 1,No.0 platform,20*21,270,,QS,,flat,general,,,,,,,18
437,H1088,292,437,PPT1055A,76,No.10 North-10,flat,16.6,19.5,323.70000000000005,187.37428571428572,,,2018-09-12,2018-09-06,2018-10-18,platform 1,No.10 platform,20*20,280,,RH,,,general,,,,,,,34
465,H1087,653,465,PPT0809A,92,No.8 South-17,flat,11.2,17.72,198.46399999999997,125.55382857142855,,,2018-09-12,2018-09-09,2018-10-13,block assembly group,No.8 platform,20*22,350,,HL,,,general,,,,,,,16
464,H1087,643,464,PPT1012A,70,No.10 South-23,flat,13.412,17.72,237.66064,141.10861257142855,,,2018-09-12,2018-09-09,2018-10-13,platform 1,No.10 platform,18*20,280,,yard HN,,flat,general,,,,,,,16
444,H1087,282,444,PPT0859A,106,No.8 North-18,flat,14.7,19.5,286.65,170.38285714285712,,,2018-09-14,2018-09-07,2018-10-16,block assembly group,No.8 platform,20*22,350,,HL,,,general,,,,,,,32
435,H1088,292,435,PPT1013A,71,No.10 South-25,flat,16.6,19.5,323.70000000000005,187.37428571428572,,,2018-09-14,2018-09-08,2018-10-19,platform 1,No.10 platform,18*20,280,,yard HN,,flat,general,,,,,,,33
492,H1087,834,492,PPT1004A,62,No.10 South-7,flat,9.215,10.9,100.4435,58.20749285714286,,,2018-09-14,2018-09-10,2018-10-08,platform 1,No.10 platform,20*20,280,,yard ZH,,,general,,,,,,,22
491,H1087,824,491,PPT0810A,93,No.8 South-19,flat,15.665,11.094,173.78750999999997,105.27687457142856,,,2018-09-14,2018-09-10,2018-10-08,block assembly group,No.8 platform,20*22,350,,HL,,flat,general,,,,,,,22
458,H1088,653,458,PPT1012A,70,No.10 South-23,flat,11.2,17.72,198.46399999999997,125.55382857142855,,,2018-09-14,2018-09-11,2018-10-14,platform 1,No.10 platform,18*20,280,,yard HN,,flat,general,,,,,,,15
457,H1088,643,457,BQM4202A,37,42 South-2,curved,13.412,17.72,237.66064,141.10861257142855,,,2018-09-14,2018-09-11,2018-10-14,curved surface,42m,18*18,240,9M,YT,,,general,,H1094,17.7,631.0,2017-10-24,2017-11-05,15
515,H1088,833,515,PPT1004A,62,No.10 South-7,flat,8.709,14.287,124.425483,79.9900142857143,,,2018-09-14,2018-09-14,2018-10-04,platform 1,No.10 platform,20*20,280,,yard ZH,,,general,,,,,,,15
475,H1087,823,475,PPT1052A,73,No.10 North-4,curved,16.231,14.307,232.21691700000002,133.75303142857143,,,2018-09-14,2018-09-14,2018-10-13,platform 1,No.10 platform,20*20,280,,yard ZH,,curved,fixed,,,,,,,21
443,H1087,282,443,PPT0803A,86,No.8 South-5,flat,14.7,19.5,286.65,170.38285714285712,,,2018-09-15,2018-09-08,2018-10-17,block assembly group,No.8 platform,20*22,350,,HY,,flat,general,,,,,,,32
488,H1088,834,488,BQM4810A,10,48 South-10,flat,9.215,10.9,100.4435,58.20749285714286,,,2018-09-15,2018-09-11,2018-10-09,curved surface,48m,22*21,240,9,MZ,,,general,,H1098,17.7,153.0,2017-10-20,2017-11-08,22
487,H1088,824,487,PPT0058A,56,No.0 East-16,flat,15.665,11.094,173.78750999999997,105.27687457142856,,,2018-09-15,2018-09-11,2018-10-09,platform 1,No.0 platform,18*21,270,,QS,,flat,general,,,,,,,22
508,H1087,833,508,PPT0001A,38,No.0 West-1,flat,8.709,14.287,124.425483,79.9900142857143,,,2018-09-15,2018-09-15,2018-10-05,platform 1,No.0 platform,20*21,270,,MZ,,,general,platform 1,,,,,,15
466,H1087,823,466,PPT0055A,53,No.0 East-10,curved,16.231,14.307,232.21691700000002,133.75303142857143,,,2018-09-15,2018-09-15,2018-10-14,platform 1,No.0 platform,20*21,270,,MZ,,curved,fixed,,,,,,,21
415,H1087,836,415,PPT0809A,92,No.8 South-17,flat,8.0,21.0,168.0,144.28571428571428,,,2018-09-16,2018-09-08,2018-10-23,block assembly group,No.8 platform,20*22,350,,HL,,,general,,,,,,,31
414,H1087,826,414,BQM4503A,22,45 South-3,flat,20.5,21.0,430.5,240.0,,,2018-09-16,2018-09-08,2018-10-23,curved surface,45m,33*21,240,9,ZH,,flat,general,,H1103,31.6,183.0,2017-10-26,2017-11-16,31
390,H1088,182,390,BQM4202A,37,42 South-2,flat,12.25,9.2,112.69999999999999,67.05785714285715,,,2018-09-17,2018-09-11,2018-11-11,curved surface,42m,18*18,240,9M,YT,,,general,,H1094,17.7,631.0,2017-10-24,2017-11-05,41
378,H1088,123,378,PPT0052A,50,No.0 East-4,flat,19.5,18.75,365.625,209.08928571428572,,,2018-09-18,2018-09-12,2018-11-14,platform 1,No.0 platform,20*21,270,,MZ,,flat,general,,,,,,,43
379,H1087,133,379,BQM4803A,3,48 South-3,flat,25.083,18.75,470.30625,240.0,,,2018-09-18,2018-09-12,2018-11-14,curved surface,48m,36*21,240,9,MZ,,,general,,H1094,17.7,154.0,2017-10-25,2017-11-12,43
403,H1088,824,403,BQM4853A,13,48 North-3,curved,24.1,17.41,419.581,240.0,,,2018-09-19,2018-09-13,2018-11-01,curved surface,48m,36*21,240,9,HN,,curved,general,,H1094,17.7,825.0,2017-10-25,2017-11-15,34
330,H1088,110,330,PPT0811A,94,No.8 South-21,flat,15.0,4.932,73.98,71.23560685714286,,,2018-09-21,2018-09-15,2018-11-28,block assembly group,No.8 platform,20*22,350,,HL,,flat,general,,,,,,,54
413,H1087,834,413,PPT0804A,87,No.8 South-7,flat,20.0,16.8,336.0,194.9257142857143,,,2018-09-21,2018-09-15,2018-10-23,block assembly group,No.8 platform,20*22,350,,XZY,,,general,,,,,,,33
373,H1088,192,373,BQM4803A,3,48 South-3,flat,16.9,9.2,155.47999999999996,105.78571428571426,,,2018-09-23,2018-09-17,2018-11-17,curved surface,48m,36*21,240,9,MZ,,,general,,H1094,17.7,154.0,2017-10-25,2017-11-12,41
412,H1087,653,412,PPT1057A,78,No.10 North-14,curved,11.2,17.72,198.46399999999997,125.55382857142855,,,2018-09-23,2018-09-17,2018-11-02,platform 1,No.10 platform,20*20,280,,RH,,,general,,,,,,,19
417,H1087,643,417,PPT1055A,76,No.10 North-10,flat,13.412,17.72,237.66064,141.10861257142855,,,2018-09-23,2018-09-17,2018-10-30,platform 1,No.10 platform,20*20,280,,RH,,,general,,,,,,,19
411,H1087,652,411,PPT0803A,86,No.8 South-5,flat,13.412,19.5,261.534,160.03764114285715,,,2018-09-23,2018-09-17,2018-11-02,block assembly group,No.8 platform,20*22,350,,HY,,flat,general,,,,,,,19
416,H1087,642,416,PPT0803A,86,No.8 South-5,flat,13.412,19.5,261.534,160.03764114285715,,,2018-09-23,2018-09-17,2018-10-30,block assembly group,No.8 platform,20*22,350,,HY,,flat,general,,,,,,,19
353,H1087,801,353,BQM4803A,3,48 South-3,flat,24.3,17.0,413.1,240.0,,,2018-09-23,2018-09-22,2018-11-27,curved surface,48m,36*21,240,9,MZ,,,general,,H1094,17.7,154.0,2017-10-25,2017-11-12,47
351,H1087,111,351,BQM4803A,3,48 South-3,flat,11.85,24.0,284.4,204.69214285714287,,,2018-09-26,2018-09-20,2018-11-23,curved surface,48m,36*21,240,9,MZ,,,general,,H1094,17.7,154.0,2017-10-25,2017-11-12,44
381,H1087,633,381,PPT1057A,78,No.10 North-14,flat,12.7,19.8,251.46,158.09428571428572,,,2018-09-26,2018-09-20,2018-11-17,platform 1,No.10 platform,20*20,280,,RH,,,general,,,,,,,38
380,H1087,623,380,PPT1009A,67,No.10 South-17,flat,13.6,19.8,269.28000000000003,164.85714285714286,,,2018-09-26,2018-09-20,2018-11-17,platform 1,No.10 platform,18*20,280,,yard HN,,flat,general,,,,,,,38
398,H1087,825,398,BQM4503A,22,45 South-3,flat,24.4,10.4,253.76,201.00571428571425,,,2018-09-28,2018-09-09,2018-11-09,curved surface,45m,33*21,240,9,ZH,,flat,general,,H1103,31.6,183.0,2017-10-26,2017-11-16,33
422,H1088,231,422,PPT0861A,108,No.8 North-22,flat,15.25,8.2,125.04999999999998,85.65785714285714,,,2018-09-28,2018-09-22,2018-10-29,block assembly group,No.8 platform,20*22,350,,HY,,,general,,,,,,,17
421,H1088,221,421,PPT1006A,64,No.10 South-11,curved,18.25,8.2,149.64999999999998,114.37214285714286,,,2018-09-28,2018-09-22,2018-10-29,platform 1,No.10 platform,20*20,280,,RH,,curved,fixed,,,,,,,17
410,H1088,835,410,PPT1012A,70,No.10 South-23,flat,7.416,16.884,125.21174400000001,97.16186057142856,,,2018-09-28,2018-09-28,2018-10-30,platform 1,No.10 platform,18*20,280,,yard HN,,flat,general,,,,,,,25
409,H1088,825,409,PPT0811A,94,No.8 South-21,flat,19.167,16.931,324.51647700000007,186.86647142857146,,,2018-09-28,2018-09-28,2018-10-30,block assembly group,No.8 platform,20*22,350,,HL,,flat,general,,,,,,,25
357,H1088,103,357,BQM4803A,3,48 South-3,flat,34.122,13.75,469.1775,240.0,,,2018-09-29,2018-09-23,2018-11-25,curved surface,48m,36*21,240,9,MZ,,,general,,H1094,17.7,154.0,2017-10-25,2017-11-12,43
392,H1088,632,392,PPT0804A,87,No.8 South-7,flat,13.5,20.0,270.0,166.35714285714286,,,2018-10-06,2018-09-30,2018-11-18,block assembly group,No.8 platform,20*22,350,,XZY,,,general,,,,,,,29
391,H1088,622,391,PPT0051A,49,No.0 East-2,flat,16.9,20.0,338.0,195.8885714285714,,,2018-10-06,2018-09-30,2018-11-18,platform 1,No.0 platform,20*21,270,,MZ,,flat,general,,,,,,,29
324,H1088,101,324,BQM4803A,3,48 South-3,flat,30.66,9.4,288.204,240.0,,,2018-10-07,2018-09-30,2018-12-16,curved surface,48m,36*21,240,9,MZ,,,general,,H1094,17.7,154.0,2017-10-25,2017-11-12,30
325,H1088,101,325,BQM4803A,3,48 South-3,flat,30.66,9.4,288.204,240.0,,,2018-10-07,2018-09-30,2018-12-16,curved surface,48m,36*21,240,9,MZ,,,general,,H1094,17.7,154.0,2017-10-25,2017-11-12,30
394,H1088,833,394,BQM4853A,13,48 North-3,curved,24.0,15.6,374.4,234.10285714285715,,,2018-10-08,2018-09-12,2018-11-12,curved surface,48m,36*21,240,9,HN,,curved,general,,H1094,17.7,825.0,2017-10-25,2017-11-15,30
393,H1088,823,393,PPT0801A,84,No.8 South-1,flat,21.1,15.6,329.16,196.73428571428573,,,2018-10-08,2018-09-12,2018-11-12,block assembly group,No.8 platform,20*22,350,,HY,,flat,general,block assembly group,,,,,,30
372,H1088,835,372,PPT0863A,110,No.8 North-26,flat,13.5,10.4,140.4,82.97428571428573,,,2018-10-09,2018-09-20,2018-11-19,block assembly group,No.8 platform,20*22,350,,flexible,,,general,,,,,,,32
395,H1087,845,395,PPT1004A,62,No.10 South-7,flat,18.075,12.65,228.64875,139.06517857142856,,,2018-10-12,2018-09-21,2018-11-11,platform 1,No.10 platform,20*20,280,,yard ZH,,,general,,,,,,,31
360,H1088,193,360,BQM4503A,22,45 South-3,flat,20.1,20.9,420.09,240.0,,,2018-10-12,2018-10-06,2018-11-30,curved surface,45m,33*21,240,9,ZH,,flat,general,,H1103,31.6,183.0,2017-10-26,2017-11-16,35
400,H1087,832,400,PPT0859A,106,No.8 North-18,flat,22.0,15.4,338.8,206.0457142857143,,,2018-10-13,2018-09-18,2018-11-12,block assembly group,No.8 platform,20*22,350,,HL,,,general,,,,,,,24
399,H1087,822,399,PPT1002A,60,No.10 South-3,flat,19.175,15.4,295.295,172.81160714285716,,,2018-10-13,2018-09-18,2018-11-12,platform 1,No.10 platform,20*20,280,,yard ZH,,flat,general,,,,,,,24
385,H1087,855,385,PPT1006A,64,No.10 South-11,curved,14.0,12.6,176.4,101.36,,,2018-10-13,2018-09-22,2018-11-13,platform 1,No.10 platform,20*20,280,,RH,,curved,fixed,,,,,,,31
363,H1087,124,363,PPT1012A,70,No.10 South-23,flat,15.49,19.15,296.63349999999997,173.33217142857143,,,2018-10-13,2018-10-07,2018-11-28,platform 1,No.10 platform,18*20,280,,yard HN,,flat,general,,,,,,,32
361,H1088,183,361,PPT0801A,84,No.8 South-1,flat,9.9,20.9,206.91,152.80571428571426,,,2018-10-14,2018-10-08,2018-11-30,block assembly group,No.8 platform,20*22,350,,HY,,flat,general,block assembly group,,,,,,33
374,H1088,662,374,PPT0801A,84,No.8 South-1,flat,14.6,20.0,292.0,175.1885714285714,,,2018-10-14,2018-10-08,2018-11-24,block assembly group,No.8 platform,20*22,350,,HY,,flat,general,block assembly group,,,,,,27
375,H1088,672,375,PPT1057A,78,No.10 North-14,flat,14.6,20.0,292.0,175.1885714285714,,,2018-10-14,2018-10-08,2018-11-24,platform 1,No.10 platform,20*20,280,,RH,,,general,,,,,,,27
387,H1088,191,387,PPT0001A,38,No.0 West-1,flat,9.0,11.95,107.55,63.943571428571424,,,2018-10-15,2018-10-09,2018-11-21,platform 1,No.0 platform,20*21,270,,MZ,,,general,platform 1,,,,,,23
401,H1087,104,401,PPT1009A,67,No.10 South-17,flat,13.35,13.05,174.2175,99.57857142857142,,,2018-10-15,2018-10-09,2018-11-13,platform 1,No.10 platform,18*20,280,,yard HN,,flat,general,,,,,,,15
356,H1088,134,356,PPT0056A,54,No.0 East-12,flat,18.74,19.44,364.30559999999997,208.31462857142856,,,2018-10-15,2018-10-09,2018-12-01,platform 1,No.0 platform,20*21,270,,QS,,flat,general,,,,,,,33
354,H1087,221,354,PPT1055A,76,No.10 North-10,flat,20.0,15.97,319.40000000000003,187.15454285714284,,,2018-10-15,2018-10-14,2018-12-18,platform 1,No.10 platform,20*20,280,,RH,,,general,,,,,,,12
355,H1088,221,355,PPT0002A,39,No.0 West-3,flat,21.0,15.97,335.37,198.86882857142857,,,2018-10-15,2018-10-14,2018-12-18,platform 1,No.0 platform,20*21,270,,MZ,,,general,,,,,,,12
405,H1088,132,405,BQM4503A,22,45 South-3,flat,10.0,9.55,95.5,54.62928571428572,,,2018-10-16,2018-10-10,2018-11-13,curved surface,45m,33*21,240,9,ZH,,flat,general,,H1103,31.6,183.0,2017-10-26,2017-11-16,14
376,H1088,181,376,PPT0857A,104,No.8 North-14,curved,14.0,11.95,167.29999999999998,96.80071428571429,,,2018-10-16,2018-10-10,2018-11-23,block assembly group,No.8 platform,20*22,350,,HL,,curved,fixed,,,,,,,24
404,H1088,122,404,BQM4503A,22,45 South-3,flat,17.0,9.55,162.35000000000002,108.62928571428571,,,2018-10-16,2018-10-10,2018-11-13,curved surface,45m,33*21,240,9,ZH,,flat,general,,H1103,31.6,183.0,2017-10-26,2017-11-16,14
388,H1088,162,388,PPT1053A,74,No.10 North-6,flat,17.86,7.8,139.308,108.5198857142857,,,2018-10-16,2018-10-10,2018-11-20,platform 1,No.10 platform,20*20,280,,yard ZH,,,general,,,,,,,21
389,H1088,172,389,PPT1008A,66,No.10 South-15,flat,18.45,12.45,229.7025,141.5442857142857,,,2018-10-16,2018-10-10,2018-11-20,platform 1,No.10 platform,18*20,280,,yard HN,,flat,general,,,,,,,21
362,H1088,125,362,PPT1004A,62,No.10 South-7,flat,14.8,19.15,283.42,167.3607142857143,,,2018-10-16,2018-10-10,2018-11-30,platform 1,No.10 platform,20*20,280,,yard ZH,,,general,,,,,,,31
369,H1087,143,369,PPT0053A,51,No.0 East-6,flat,10.97,13.152,144.27744,83.80457257142858,,,2018-10-17,2018-10-11,2018-11-25,platform 1,No.0 platform,20*21,270,,MZ,,,general,,,,,,,25
370,H1087,153,370,PPT1061A,82,No.10 North-22,flat,18.861,13.05,246.13605,150.29709171428573,,,2018-10-17,2018-10-11,2018-11-25,platform 1,No.10 platform,20*20,280,,yard HN,,,general,,,,,,,25
358,H1088,135,358,PPT0054A,52,No.0 East-8,curved,18.6,19.35,359.9100000000001,205.82357142857148,,,2018-10-17,2018-10-11,2018-12-01,platform 1,No.0 platform,20*21,270,,MZ,,curved,fixed,,,,,,,31
364,H1087,194,364,BQM4810A,10,48 South-10,flat,20.1,21.05,423.105,240.0,,,2018-10-17,2018-10-11,2018-11-28,curved surface,48m,22*21,240,9,MZ,,,general,,H1098,17.7,153.0,2017-10-20,2017-11-08,28
396,H1087,161,396,PPT0056A,54,No.0 East-12,flat,11.58,12.405,143.6499,82.28012142857142,,,2018-10-19,2018-10-13,2018-11-20,platform 1,No.0 platform,20*21,270,,QS,,flat,general,,,,,,,18
397,H1087,171,397,PPT0808A,91,No.8 South-15,flat,21.526,7.65,164.6739,149.11176457142855,,,2018-10-19,2018-10-13,2018-11-20,block assembly group,No.8 platform,20*22,350,,HL,,,general,,,,,,,18
365,H1087,184,365,PPT0807A,90,No.8 South-13,flat,9.804,21.05,206.3742,154.06311885714285,,,2018-10-19,2018-10-13,2018-11-28,block assembly group,No.8 platform,20*22,350,,XZY,,flat,general,,,,,,,26
340,H1088,631,340,PPT0858A,105,No.8 North-16,curved,16.117,19.25,310.25225,180.09148257142857,,,2018-10-19,2018-10-13,2018-12-09,block assembly group,No.8 platform,20*22,350,,HL,,curved,fixed,,,,,,,37
339,H1088,621,339,BQM4504A,23,45 South-4,flat,18.334,19.25,352.9295,201.91373028571428,,,2018-10-19,2018-10-13,2018-12-09,curved surface,45m,20*21,240,9,ZH,,flat,general,,H1103,31.6,193.0,2017-10-26,2017-11-16,37
349,H1087,231,349,PPT1052A,73,No.10 North-4,curved,14.308,15.97,228.49876,131.35993257142857,,,2018-10-19,2018-10-15,2018-12-18,platform 1,No.10 platform,20*20,280,,yard ZH,,curved,fixed,,,,,,,14
350,H1087,231,350,PPT0052A,50,No.0 East-4,flat,14.308,15.97,228.49876,131.35993257142857,,,2018-10-19,2018-10-15,2018-12-18,platform 1,No.0 platform,20*21,270,,MZ,,flat,general,,,,,,,14
382,H1087,683,382,BQM4202A,37,42 South-2,flat,17.8,14.8,263.44,153.10857142857145,,,2018-10-20,2018-09-24,2018-11-16,curved surface,42m,18*18,240,9M,YT,,,general,,H1094,17.7,631.0,2017-10-24,2017-11-05,32
383,H1087,693,383,PPT0803A,86,No.8 South-5,flat,17.8,14.8,263.44,153.10857142857145,,,2018-10-20,2018-09-24,2018-11-16,block assembly group,No.8 platform,20*22,350,,HY,,flat,general,,,,,,,32
386,H1087,643,386,BQM4503A,22,45 South-3,flat,19.9,14.2,282.58,170.7571428571428,,,2018-10-23,2018-09-26,2018-11-18,curved surface,45m,33*21,240,9,ZH,,flat,general,,H1103,31.6,183.0,2017-10-26,2017-11-16,26
384,H1087,653,384,PPT1061A,82,No.10 North-22,flat,17.9,14.2,254.17999999999998,149.15714285714284,,,2018-10-24,2018-09-27,2018-11-19,platform 1,No.10 platform,20*20,280,,yard HN,,,general,,,,,,,26
341,H1088,112,341,PPT0863A,110,No.8 North-26,flat,14.612,22.0,321.464,199.28872685714285,,,2018-10-24,2018-10-18,2018-12-07,block assembly group,No.8 platform,20*22,350,,flexible,,,general,,,,,,,30
368,H1087,155,368,BQM4504A,23,45 South-4,flat,14.7,13.05,191.835,110.39785714285713,,,2018-10-24,2018-10-18,2018-11-30,curved surface,45m,20*21,240,9,ZH,,flat,general,,H1103,31.6,193.0,2017-10-26,2017-11-16,23
333,H1087,684,333,BQM4503A,22,45 South-3,flat,14.7,20.0,294.0,176.02571428571426,,,2018-10-26,2018-10-14,2018-12-15,curved surface,45m,33*21,240,9,ZH,,flat,general,,H1103,31.6,183.0,2017-10-26,2017-11-16,35
336,H1087,694,336,PPT0807A,90,No.8 South-13,flat,14.7,20.0,294.0,176.02571428571426,,,2018-10-26,2018-10-14,2018-12-14,block assembly group,No.8 platform,20*22,350,,XZY,,flat,general,,,,,,,35
371,H1088,144,371,PPT0863A,110,No.8 North-26,flat,10.5,13.05,137.025,80.15785714285714,,,2018-10-26,2018-10-20,2018-11-28,block assembly group,No.8 platform,20*22,350,,flexible,,,general,,,,,,,19
359,H1088,671,359,PPT1056A,77,No.10 North-12,flat,18.6,14.9,277.14000000000004,162.27714285714288,,,2018-10-26,2018-10-20,2018-12-04,platform 1,No.10 platform,20*20,280,,RH,,,general,,,,,,,25
342,H1088,122,342,PPT1013A,71,No.10 South-25,flat,15.531,12.2,189.4782,111.44341742857144,,,2018-10-27,2018-10-20,2018-12-13,platform 1,No.10 platform,18*20,280,,yard HN,,flat,general,,,,,,,16
343,H1088,122,343,PPT0803A,86,No.8 South-5,flat,15.531,12.2,189.4782,111.44341742857144,,,2018-10-27,2018-10-20,2018-12-13,block assembly group,No.8 platform,20*22,350,,HY,,flat,general,,,,,,,16
344,H1088,132,344,PPT0864A,111,No.8 North-28,flat,18.94,12.2,231.068,145.01817142857143,,,2018-10-27,2018-10-20,2018-12-13,block assembly group,No.8 platform,20*22,350,,flexible,,,general,,,,,,,16
345,H1088,132,345,PPT1053A,74,No.10 North-6,flat,18.94,12.2,231.068,145.01817142857143,,,2018-10-27,2018-10-20,2018-12-13,platform 1,No.10 platform,20*20,280,,yard ZH,,,general,,,,,,,16
307,H1088,632,307,PPT0058A,56,No.0 East-16,flat,13.38,17.28,231.20640000000003,136.46365714285716,,,2018-10-27,2018-10-23,2018-12-26,platform 1,No.0 platform,18*21,270,,QS,,flat,general,,,,,,,14
308,H1088,632,308,PPT0058A,56,No.0 East-16,flat,13.38,17.28,231.20640000000003,136.46365714285716,,,2018-10-27,2018-10-23,2018-12-26,platform 1,No.0 platform,18*21,270,,QS,,flat,general,,,,,,,14
346,H1088,103,346,BQM4503A,22,45 South-3,flat,29.101,15.68,456.30368,240.0,,,2018-10-28,2018-10-21,2018-12-13,curved surface,45m,33*21,240,9,ZH,,flat,general,,H1103,31.6,183.0,2017-10-26,2017-11-16,16
347,H1087,103,347,BQM4503A,22,45 South-3,flat,29.101,15.68,456.30368,240.0,,,2018-10-28,2018-10-21,2018-12-13,curved surface,45m,33*21,240,9,ZH,,flat,general,,H1103,31.6,183.0,2017-10-26,2017-11-16,16
366,H1087,145,366,PPT0810A,93,No.8 South-19,flat,10.1,13.065,131.95649999999998,77.91549285714284,,,2018-10-28,2018-10-22,2018-12-01,block assembly group,No.8 platform,20*22,350,,HL,,flat,general,,,,,,,20
367,H1087,154,367,PPT0055A,53,No.0 East-10,curved,14.94,13.05,194.967,112.43031428571429,,,2018-10-28,2018-10-22,2018-12-01,platform 1,No.0 platform,20*21,270,,MZ,,curved,fixed,,,,,,,20
326,H1088,622,326,PPT1053A,74,No.10 North-6,flat,13.38,17.28,231.20640000000003,136.46365714285716,,,2018-10-28,2018-10-23,2018-12-24,platform 1,No.10 platform,20*20,280,,yard ZH,,,general,,,,,,,13
327,H1088,622,327,PPT1060A,81,No.10 North-20,flat,13.38,17.28,231.20640000000003,136.46365714285716,,,2018-10-28,2018-10-23,2018-12-24,platform 1,No.10 platform,20*20,280,,yard HN,,,general,,,,,,,13
279,H1088,111,279,BQM4803A,3,48 South-3,flat,22.2,13.8,306.36,195.22285714285712,,,2018-10-29,2018-10-22,2018-12-26,curved surface,48m,36*21,240,9,MZ,,,general,,H1094,17.7,154.0,2017-10-25,2017-11-12,25
280,H1088,111,280,BQM4503A,22,45 South-3,flat,22.2,13.8,306.36,195.22285714285712,,,2018-10-29,2018-10-22,2018-12-26,curved surface,45m,33*21,240,9,ZH,,flat,general,,H1103,31.6,183.0,2017-10-26,2017-11-16,25
213,H1088,101,213,BQM4503A,22,45 South-3,flat,30.66,9.4,288.204,240.0,,,2018-11-02,2018-10-26,2019-01-11,curved surface,45m,33*21,240,9,ZH,,flat,general,,H1103,31.6,183.0,2017-10-26,2017-11-16,30
214,H1088,101,214,BQM4853A,13,48 North-3,curved,30.66,9.4,288.204,240.0,,,2018-11-02,2018-10-26,2019-01-11,curved surface,48m,36*21,240,9,HN,,curved,general,,H1094,17.7,825.0,2017-10-25,2017-11-15,30
348,H1087,661,348,PPT0059A,57,No.0 East-18,flat,18.6,14.9,277.14000000000004,162.27714285714288,,,2018-11-02,2018-10-27,2018-12-11,platform 1,No.0 platform,18*21,270,,QS,,flat,general,,,,,,,25
281,H1088,183,281,PPT0056A,54,No.0 East-12,flat,8.82,15.798,139.33836,93.5340582857143,,,2018-11-02,2018-10-29,2018-12-31,platform 1,No.0 platform,20*21,270,,QS,,flat,general,,,,,,,21
282,H1088,183,282,PPT1054A,75,No.10 North-8,flat,8.82,15.798,139.33836,93.5340582857143,,,2018-11-02,2018-10-29,2018-12-31,platform 1,No.10 platform,20*20,280,,yard ZH,,,general,,,,,,,21
283,H1087,193,283,PPT1001A,59,No.10 South-1,flat,15.59,15.978,249.09702,142.38416685714284,,,2018-11-02,2018-10-29,2018-12-31,platform 1,No.10 platform,20*20,280,,yard ZH,,flat,general,,,,,,,21
284,H1087,193,284,PPT1004A,62,No.10 South-7,flat,15.59,15.978,249.09702,142.38416685714284,,,2018-11-02,2018-10-29,2018-12-31,platform 1,No.10 platform,20*20,280,,yard ZH,,,general,,,,,,,21
221,H1087,144,221,PPT0051A,49,No.0 East-2,flat,17.566,15.678,275.399748,158.3897257142857,,,2018-11-03,2018-10-27,2019-01-11,platform 1,No.0 platform,20*21,270,,MZ,,flat,general,,,,,,,23
222,H1087,144,222,PPT1010A,68,No.10 South-19,flat,17.566,15.678,275.399748,158.3897257142857,,,2018-11-03,2018-10-27,2019-01-11,platform 1,No.10 platform,18*20,280,,yard HN,,,general,,,,,,,23
223,H1087,154,223,BQM4810A,10,48 South-10,curved,19.932,15.976,318.433632,186.43348571428572,,,2018-11-03,2018-10-27,2019-01-11,curved surface,48m,22*21,240,9,MZ,,,general,,H1098,17.7,153.0,2017-10-20,2017-11-08,23
224,H1087,154,224,PPT0807A,90,No.8 South-13,flat,19.932,15.976,318.433632,186.43348571428572,,,2018-11-03,2018-10-27,2019-01-11,block assembly group,No.8 platform,20*22,350,,XZY,,flat,general,,,,,,,23
229,H1088,124,229,PPT1060A,81,No.10 North-20,flat,18.618,14.354,267.24277199999995,157.90492571428572,,,2018-11-04,2018-10-29,2019-01-08,platform 1,No.10 platform,20*20,280,,yard HN,,,general,,,,,,,22
230,H1088,124,230,BQM4810A,10,48 South-10,flat,18.618,14.354,267.24277199999995,157.90492571428572,,,2018-11-04,2018-10-29,2019-01-08,curved surface,48m,22*21,240,9,MZ,,,general,,H1098,17.7,153.0,2017-10-20,2017-11-08,22
231,H1088,134,231,BQM4503A,22,45 South-3,flat,22.828,14.354,327.67311199999995,207.75854285714286,,,2018-11-04,2018-10-29,2019-01-08,curved surface,45m,33*21,240,9,ZH,,flat,general,,H1103,31.6,183.0,2017-10-26,2017-11-16,22
232,H1088,134,232,BQM4853A,13,48 North-3,curved,22.828,14.354,327.67311199999995,207.75854285714286,,,2018-11-04,2018-10-29,2019-01-08,curved surface,48m,36*21,240,9,HN,,curved,general,,H1094,17.7,825.0,2017-10-25,2017-11-15,22
332,H1087,824,332,BQM4803A,3,48 South-3,flat,24.1,17.41,419.581,240.0,,,2018-11-04,2018-10-29,2018-12-13,curved surface,48m,36*21,240,9,MZ,,,general,,H1094,17.7,154.0,2017-10-25,2017-11-12,30
352,H1087,834,352,PPT1007A,65,No.10 South-13,flat,19.0,16.8,319.2,183.78285714285715,,,2018-11-05,2018-10-30,2018-12-04,platform 1,No.10 platform,18*20,280,,RH,,flat,general,,,,,,,30
317,H1087,143,317,PPT1012A,70,No.10 South-23,flat,13.809,15.686,216.60797399999998,124.78259342857142,,,2018-11-05,2018-10-30,2018-12-21,platform 1,No.10 platform,18*20,280,,yard HN,,flat,general,,,,,,,21
318,H1087,143,318,PPT0864A,111,No.8 North-28,flat,13.809,15.686,216.60797399999998,124.78259342857142,,,2018-11-05,2018-10-30,2018-12-21,block assembly group,No.8 platform,20*22,350,,flexible,,,general,,,,,,,21
319,H1087,153,319,PPT1056A,77,No.10 North-12,flat,18.919,15.5,293.2445,170.90816028571427,,,2018-11-05,2018-10-30,2018-12-21,platform 1,No.10 platform,20*20,280,,RH,,,general,,,,,,,21
320,H1087,153,320,PPT1003A,61,No.10 South-5,flat,18.919,15.5,293.2445,170.90816028571427,,,2018-11-05,2018-10-30,2018-12-21,platform 1,No.10 platform,20*20,280,,yard ZH,,,general,,,,,,,21
311,H1088,621,311,PPT0053A,51,No.0 East-6,flat,8.95,15.97,142.9315,95.75525714285716,,,2018-11-05,2018-11-05,2018-12-26,platform 1,No.0 platform,20*21,270,,MZ,,,general,,,,,,,14
312,H1088,621,312,PPT1012A,70,No.10 South-23,flat,8.95,15.97,142.9315,95.75525714285716,,,2018-11-05,2018-11-05,2018-12-26,platform 1,No.10 platform,18*20,280,,yard HN,,flat,general,,,,,,,14
305,H1087,631,305,PPT1062A,83,No.10 North-24,flat,10.53,15.97,168.1641,104.54908571428572,,,2018-11-05,2018-11-05,2018-12-27,platform 1,No.10 platform,20*20,280,,yard HN,,,general,,,,,,,13
306,H1087,631,306,PPT1008A,66,No.10 South-15,flat,10.53,15.97,168.1641,104.54908571428572,,,2018-11-05,2018-11-05,2018-12-27,platform 1,No.10 platform,18*20,280,,yard HN,,flat,general,,,,,,,13
255,H1087,273,255,PPT0051A,49,No.0 East-2,flat,14.5,18.79,272.455,160.94688571428574,,,2018-11-07,2018-11-06,2019-01-04,platform 1,No.0 platform,20*21,270,,MZ,,flat,general,,,,,,,25
256,H1087,273,256,PPT0802A,85,No.8 South-3,flat,14.5,18.79,272.455,160.94688571428574,,,2018-11-07,2018-11-06,2019-01-04,block assembly group,No.8 platform,20*22,350,,HY,,flat,general,,,,,,,25
253,H1087,263,253,PPT1008A,66,No.10 South-15,flat,16.6,18.79,311.914,179.6068857142857,,,2018-11-07,2018-11-06,2019-01-04,platform 1,No.10 platform,18*20,280,,yard HN,,flat,general,,,,,,,25
254,H1087,263,254,PPT0808A,91,No.8 South-15,flat,16.6,18.79,311.914,179.6068857142857,,,2018-11-07,2018-11-06,2019-01-04,block assembly group,No.8 platform,20*22,350,,HL,,,general,,,,,,,25
200,H1088,801,200,BQM4503A,22,45 South-3,flat,24.3,20.03,486.72900000000004,240.0,,,2018-11-07,2018-11-06,2019-01-08,curved surface,45m,33*21,240,9,ZH,,flat,general,,H1103,31.6,183.0,2017-10-26,2017-11-16,44
329,H1088,835,329,PPT1002A,60,No.10 South-3,flat,7.416,16.884,125.21174400000001,97.16186057142856,,,2018-11-09,2018-11-03,2018-12-19,platform 1,No.10 platform,20*20,280,,yard ZH,,flat,general,,,,,,,19
328,H1088,825,328,PPT1010A,68,No.10 South-19,flat,19.167,16.931,324.51647700000007,186.86647142857146,,,2018-11-09,2018-11-03,2018-12-19,platform 1,No.10 platform,18*20,280,,yard HN,,,general,,,,,,,19
338,H1087,832,338,PPT1011A,69,No.10 South-21,flat,6.767,14.288,96.686896,71.41120942857144,,,2018-11-09,2018-11-04,2018-12-21,platform 1,No.10 platform,18*20,280,,yard HN,,flat,general,,,,,,,16
337,H1087,822,337,BQM4504A,23,45 South-4,flat,16.086,14.292,229.90111199999998,132.29161714285712,,,2018-11-09,2018-11-04,2018-12-21,curved surface,45m,20*21,240,9,ZH,,flat,general,,H1103,31.6,193.0,2017-10-26,2017-11-16,16
270,H1087,803,270,PPT0058A,56,No.0 East-16,flat,15.5,17.0,263.5,151.21428571428572,,,2018-11-09,2018-11-08,2018-12-25,platform 1,No.0 platform,18*21,270,,QS,,flat,general,,,,,,,29
310,H1088,835,310,PPT1011A,69,No.10 South-21,flat,7.416,16.884,125.21174400000001,97.16186057142856,,,2018-11-10,2018-11-04,2018-12-21,platform 1,No.10 platform,18*20,280,,yard HN,,flat,general,,,,,,,20
309,H1088,825,309,PPT1003A,61,No.10 South-5,flat,19.167,16.931,324.51647700000007,186.86647142857146,,,2018-11-10,2018-11-04,2018-12-21,platform 1,No.10 platform,20*20,280,,yard ZH,,,general,,,,,,,20
335,H1087,832,335,PPT1002A,60,No.10 South-3,flat,6.767,14.288,96.686896,71.41120942857144,,,2018-11-10,2018-11-05,2018-12-22,platform 1,No.10 platform,20*20,280,,yard ZH,,flat,general,,,,,,,16
334,H1087,822,334,PPT1007A,65,No.10 South-13,flat,16.086,14.292,229.90111199999998,132.29161714285712,,,2018-11-10,2018-11-05,2018-12-22,platform 1,No.10 platform,18*20,280,,RH,,flat,general,,,,,,,16
257,H1087,221,257,PPT1009A,67,No.10 South-17,flat,18.0,15.97,287.46000000000004,165.44025714285712,,,2018-11-10,2018-11-09,2019-01-12,platform 1,No.10 platform,18*20,280,,yard HN,,flat,general,,,,,,,11
258,H1087,221,258,PPT0809A,92,No.8 South-17,flat,19.0,15.97,303.43,176.0116857142857,,,2018-11-10,2018-11-09,2019-01-12,block assembly group,No.8 platform,20*22,350,,HL,,,general,,,,,,,11
268,H1087,803,268,PPT1059A,80,No.10 North-18,curved,15.5,16.0,248.0,141.78571428571428,,,2018-11-10,2018-11-09,2018-12-26,platform 1,No.10 platform,20*20,280,,yard HN,,curved,fixed,,,,,,,29
292,H1088,825,292,BQM4503A,22,45 South-3,flat,24.4,10.4,253.76,201.00571428571425,,,2018-11-11,2018-10-23,2018-12-20,curved surface,45m,33*21,240,9,ZH,,flat,general,,H1103,31.6,183.0,2017-10-26,2017-11-16,30
313,H1088,102,313,PPT1005A,63,No.10 South-9,curved,19.76,18.47,364.9672,209.02814285714288,,,2018-11-11,2018-11-11,2018-12-18,platform 1,No.10 platform,20*20,280,,RH,,curved,fixed,,,,,,,20
314,H1088,102,314,PPT1001A,59,No.10 South-1,flat,19.76,18.47,364.9672,209.02814285714288,,,2018-11-11,2018-11-11,2018-12-18,platform 1,No.10 platform,20*20,280,,yard ZH,,flat,general,,,,,,,20
267,H1087,283,267,PPT1054A,75,No.10 North-8,flat,13.7,18.32,250.98399999999998,149.51782857142857,,,2018-11-12,2018-11-05,2019-01-01,platform 1,No.10 platform,20*20,280,,yard ZH,,,general,,,,,,,30
251,H1087,293,251,BQM4503A,22,45 South-3,flat,22.5,18.32,412.2,240.0,,,2018-11-12,2018-11-05,2019-01-02,curved surface,45m,33*21,240,9,ZH,,flat,general,,H1103,31.6,183.0,2017-10-26,2017-11-16,30
252,H1087,293,252,BQM4503A,22,45 South-3,flat,22.5,18.32,412.2,240.0,,,2018-11-12,2018-11-05,2019-01-02,curved surface,45m,33*21,240,9,ZH,,flat,general,,H1103,31.6,183.0,2017-10-26,2017-11-16,30
227,H1088,272,227,PPT1013A,71,No.10 South-25,flat,14.4,17.28,248.83200000000002,144.55954285714287,,,2018-11-12,2018-11-12,2019-01-12,platform 1,No.10 platform,18*20,280,,yard HN,,flat,general,,,,,,,32
228,H1088,272,228,BQM4202A,37,42 South-2,flat,14.4,17.28,248.83200000000002,144.55954285714287,,,2018-11-12,2018-11-12,2019-01-12,curved surface,42m,18*18,240,9M,YT,,,general,,H1094,17.7,631.0,2017-10-24,2017-11-05,32
225,H1087,262,225,PPT0811A,94,No.8 South-21,flat,14.6,17.28,252.288,146.21668571428572,,,2018-11-12,2018-11-12,2019-01-12,block assembly group,No.8 platform,20*22,350,,HL,,flat,general,,,,,,,32
226,H1087,262,226,PPT0002A,39,No.0 West-3,flat,14.6,17.28,252.288,146.21668571428572,,,2018-11-12,2018-11-12,2019-01-12,platform 1,No.0 platform,20*21,270,,MZ,,,general,,,,,,,32
248,H1088,283,248,PPT1002A,60,No.10 South-3,flat,13.7,18.32,250.98399999999998,149.51782857142857,,,2018-11-13,2018-11-06,2019-01-03,platform 1,No.10 platform,20*20,280,,yard ZH,,flat,general,,,,,,,31
243,H1088,231,243,PPT1010A,68,No.10 South-19,flat,14.308,15.97,228.49876,131.35993257142857,,,2018-11-13,2018-11-09,2019-01-12,platform 1,No.10 platform,18*20,280,,yard HN,,,general,,,,,,,14
244,H1088,231,244,PPT1056A,77,No.10 North-12,flat,14.308,15.97,228.49876,131.35993257142857,,,2018-11-13,2018-11-09,2019-01-12,platform 1,No.10 platform,20*20,280,,RH,,,general,,,,,,,14
266,H1088,654,266,PPT1010A,68,No.10 South-19,flat,19.2,15.1,289.91999999999996,170.47142857142856,,,2018-11-18,2018-10-22,2018-12-31,platform 1,No.10 platform,18*20,280,,yard HN,,,general,,,,,,,31
265,H1088,644,265,BQM4803A,3,48 South-3,flat,22.9,15.1,345.78999999999996,214.97714285714284,,,2018-11-18,2018-10-22,2018-12-31,curved surface,48m,36*21,240,9,MZ,,,general,,H1094,17.7,154.0,2017-10-25,2017-11-12,31
271,H1087,623,271,PPT0052A,50,No.0 East-4,flat,13.38,18.79,251.4102,152.02528571428573,,,2018-11-18,2018-11-18,2019-01-04,platform 1,No.0 platform,20*21,270,,MZ,,flat,general,,,,,,,15
272,H1087,623,272,PPT0001A,38,No.0 West-1,flat,13.38,18.79,251.4102,152.02528571428573,,,2018-11-18,2018-11-18,2019-01-04,platform 1,No.0 platform,20*21,270,,MZ,,,general,platform 1,,,,,,15
273,H1087,633,273,PPT0058A,56,No.0 East-16,flat,13.38,18.79,251.4102,152.02528571428573,,,2018-11-18,2018-11-18,2019-01-04,platform 1,No.0 platform,18*21,270,,QS,,flat,general,,,,,,,15
274,H1087,633,274,PPT0002A,39,No.0 West-3,flat,13.38,18.79,251.4102,152.02528571428573,,,2018-11-18,2018-11-18,2019-01-04,platform 1,No.0 platform,20*21,270,,MZ,,,general,,,,,,,15
288,H1087,833,288,BQM4503A,22,45 South-3,flat,23.0,15.6,358.8,220.67428571428573,,,2018-11-19,2018-10-24,2018-12-24,curved surface,45m,33*21,240,9,ZH,,flat,general,,H1103,31.6,183.0,2017-10-26,2017-11-16,30
287,H1087,823,287,PPT0804A,87,No.8 South-7,flat,21.1,15.6,329.16,196.73428571428573,,,2018-11-19,2018-10-24,2018-12-24,block assembly group,No.8 platform,20*22,350,,XZY,,,general,,,,,,,30
241,H1087,835,241,PPT1051A,72,No.10 North-2,curved,13.5,10.4,140.4,82.97428571428573,,,2018-11-19,2018-10-31,2018-12-30,platform 1,No.10 platform,20*20,280,,yard ZH,,curved,fixed,,,,,,,32
297,H1088,182,297,PPT1011A,69,No.10 South-21,flat,18.0,7.3,131.4,107.79714285714286,,,2018-11-20,2018-11-16,2018-12-28,platform 1,No.10 platform,18*20,280,,yard HN,,flat,general,,,,,,,18
298,H1088,182,298,PPT0002A,39,No.0 West-3,flat,19.0,7.3,138.7,118.36857142857143,,,2018-11-20,2018-11-16,2018-12-28,platform 1,No.0 platform,20*21,270,,MZ,,,general,,,,,,,18
299,H1087,192,299,PPT1013A,71,No.10 South-25,flat,13.889,7.3,101.38969999999999,70.34123457142856,,,2018-11-20,2018-11-16,2018-12-28,platform 1,No.10 platform,18*20,280,,yard HN,,flat,general,,,,,,,18
300,H1087,192,300,PPT0808A,91,No.8 South-15,flat,13.889,7.3,101.38969999999999,70.34123457142856,,,2018-11-20,2018-11-16,2018-12-28,block assembly group,No.8 platform,20*22,350,,HL,,,general,,,,,,,18
289,H1087,845,289,PPT0861A,108,No.8 North-22,flat,18.075,12.65,228.64875,139.06517857142856,,,2018-11-21,2018-10-31,2018-12-22,block assembly group,No.8 platform,20*22,350,,HY,,,general,,,,,,,32
233,H1088,122,233,PPT0057A,55,No.0 East-14,flat,15.531,12.2,189.4782,111.44341742857144,,,2018-11-21,2018-11-14,2019-01-08,platform 1,No.0 platform,20*21,270,,QS,,flat,general,,,,,,,17
234,H1088,122,234,PPT0802A,85,No.8 South-3,flat,15.531,12.2,189.4782,111.44341742857144,,,2018-11-21,2018-11-14,2019-01-08,block assembly group,No.8 platform,20*22,350,,HY,,flat,general,,,,,,,17
235,H1087,132,235,PPT0864A,111,No.8 North-28,flat,18.94,12.2,231.068,145.01817142857143,,,2018-11-21,2018-11-14,2019-01-08,block assembly group,No.8 platform,20*22,350,,flexible,,,general,,,,,,,17
236,H1087,132,236,PPT0810A,93,No.8 South-19,flat,18.94,12.2,231.068,145.01817142857143,,,2018-11-21,2018-11-14,2019-01-08,block assembly group,No.8 platform,20*22,350,,HL,,flat,general,,,,,,,17
205,H1087,632,205,PPT0055A,53,No.0 East-10,curved,13.38,17.28,231.20640000000003,136.46365714285716,,,2018-11-21,2018-11-17,2019-01-20,platform 1,No.0 platform,20*21,270,,MZ,,curved,fixed,,,,,,,14
206,H1087,632,206,PPT1062A,83,No.10 North-24,flat,13.38,17.28,231.20640000000003,136.46365714285716,,,2018-11-21,2018-11-17,2019-01-20,platform 1,No.10 platform,20*20,280,,yard HN,,,general,,,,,,,14
301,H1087,123,301,PPT0802A,85,No.8 South-3,flat,16.106,12.2,196.4932,116.64092457142858,,,2018-11-21,2018-11-20,2018-12-22,block assembly group,No.8 platform,20*22,350,,HY,,flat,general,,,,,,,23
302,H1087,123,302,PPT0057A,55,No.0 East-14,flat,16.106,12.2,196.4932,116.64092457142858,,,2018-11-21,2018-11-20,2018-12-22,platform 1,No.0 platform,20*21,270,,QS,,flat,general,,,,,,,23
303,H1087,133,303,BQM4503A,22,45 South-3,flat,24.07,12.2,293.654,208.05854285714284,,,2018-11-21,2018-11-20,2018-12-22,curved surface,45m,33*21,240,9,ZH,,flat,general,,H1103,31.6,183.0,2017-10-26,2017-11-16,23
304,H1087,133,304,BQM4853A,13,48 North-3,curved,24.07,12.2,293.654,208.05854285714284,,,2018-11-21,2018-11-20,2018-12-22,curved surface,48m,36*21,240,9,HN,,curved,general,,H1094,17.7,825.0,2017-10-25,2017-11-15,23
285,H1087,855,285,PPT0051A,49,No.0 East-2,flat,13.0,12.6,163.79999999999998,93.64571428571428,,,2018-11-23,2018-11-02,2018-12-24,platform 1,No.0 platform,20*21,270,,MZ,,flat,general,,,,,,,31
237,H1087,103,237,BQM4503A,22,45 South-3,flat,29.101,15.68,456.30368,240.0,,,2018-11-23,2018-11-16,2019-01-08,curved surface,45m,33*21,240,9,ZH,,flat,general,,H1103,31.6,183.0,2017-10-26,2017-11-16,16
238,H1087,103,238,BQM4503A,22,45 South-3,flat,29.101,15.68,456.30368,240.0,,,2018-11-23,2018-11-16,2019-01-08,curved surface,45m,33*21,240,9,ZH,,flat,general,,H1103,31.6,183.0,2017-10-26,2017-11-16,16
215,H1088,622,215,PPT1004A,62,No.10 South-7,flat,13.38,17.28,231.20640000000003,136.46365714285716,,,2018-11-23,2018-11-18,2019-01-18,platform 1,No.10 platform,20*20,280,,yard ZH,,,general,,,,,,,12
216,H1088,622,216,PPT1055A,76,No.10 North-10,flat,13.38,17.28,231.20640000000003,136.46365714285716,,,2018-11-23,2018-11-18,2019-01-18,platform 1,No.10 platform,20*20,280,,RH,,,general,,,,,,,12
296,H1088,832,296,PPT0807A,90,No.8 South-13,flat,21.0,15.4,323.40000000000003,193.76000000000002,,,2018-11-24,2018-10-30,2018-12-24,block assembly group,No.8 platform,20*22,350,,XZY,,flat,general,,,,,,,24
295,H1088,822,295,PPT1006A,64,No.10 South-11,curved,19.175,15.4,295.295,172.81160714285716,,,2018-11-24,2018-10-30,2018-12-24,platform 1,No.10 platform,20*20,280,,RH,,curved,fixed,,,,,,,24
180,H1088,111,180,BQM4803A,3,48 South-3,flat,22.2,13.8,306.36,195.22285714285712,,,2018-11-25,2018-11-18,2019-01-21,curved surface,48m,36*21,240,9,MZ,,,general,,H1094,17.7,154.0,2017-10-25,2017-11-12,24
181,H1088,111,181,BQM4503A,22,45 South-3,flat,22.2,13.8,306.36,195.22285714285712,,,2018-11-25,2018-11-18,2019-01-21,curved surface,45m,33*21,240,9,ZH,,flat,general,,H1103,31.6,183.0,2017-10-26,2017-11-16,24
275,H1088,642,275,PPT0804A,87,No.8 South-7,flat,13.412,19.5,261.534,160.03764114285715,,,2018-11-25,2018-11-20,2019-01-04,block assembly group,No.8 platform,20*22,350,,XZY,,,general,,,,,,,16
276,H1088,642,276,PPT1053A,74,No.10 North-6,flat,13.412,19.5,261.534,160.03764114285715,,,2018-11-25,2018-11-20,2019-01-04,platform 1,No.10 platform,20*20,280,,yard ZH,,,general,,,,,,,16
277,H1088,652,277,PPT0858A,105,No.8 North-16,curved,13.412,19.5,261.534,160.03764114285715,,,2018-11-25,2018-11-20,2019-01-04,block assembly group,No.8 platform,20*22,350,,HL,,curved,fixed,,,,,,,16
278,H1088,652,278,PPT0802A,85,No.8 South-3,flat,13.412,19.5,261.534,160.03764114285715,,,2018-11-25,2018-11-20,2019-01-04,block assembly group,No.8 platform,20*22,350,,HY,,flat,general,,,,,,,16
260,H1088,836,260,PPT0802A,85,No.8 South-3,flat,8.0,21.0,168.0,144.28571428571428,,,2018-11-26,2018-11-23,2018-12-29,block assembly group,No.8 platform,20*22,350,,HY,,flat,general,,,,,,,29
259,H1088,826,259,BQM4803A,3,48 South-3,curved,20.5,21.0,430.5,240.0,,,2018-11-26,2018-11-23,2018-12-29,curved surface,48m,36*21,240,9,MZ,,,general,,H1094,17.7,154.0,2017-10-25,2017-11-12,29
152,H1088,144,152,PPT0002A,39,No.0 West-3,flat,17.566,15.678,275.399748,158.3897257142857,,,2018-11-27,2018-11-20,2019-02-05,platform 1,No.0 platform,20*21,270,,MZ,,,general,,,,,,,24
153,H1088,144,153,PPT0804A,87,No.8 South-7,flat,17.566,15.678,275.399748,158.3897257142857,,,2018-11-27,2018-11-20,2019-02-05,block assembly group,No.8 platform,20*22,350,,XZY,,,general,,,,,,,24
154,H1088,154,154,PPT1002A,60,No.10 South-3,flat,19.932,15.976,318.433632,186.43348571428572,,,2018-11-27,2018-11-20,2019-02-05,platform 1,No.10 platform,20*20,280,,yard ZH,,flat,general,,,,,,,24
155,H1087,154,155,PPT1011A,69,No.10 South-21,flat,19.932,15.976,318.433632,186.43348571428572,,,2018-11-27,2018-11-20,2019-02-05,platform 1,No.10 platform,18*20,280,,yard HN,,flat,general,,,,,,,24
219,H1087,271,219,PPT1002A,60,No.10 South-3,flat,17.8,16.0,284.8,163.66857142857143,,,2018-11-27,2018-11-21,2019-01-12,platform 1,No.10 platform,20*20,280,,yard ZH,,flat,general,,,,,,,32
220,H1087,271,220,PPT0058A,56,No.0 East-16,flat,17.8,16.0,284.8,163.66857142857143,,,2018-11-27,2018-11-21,2019-01-12,platform 1,No.0 platform,18*21,270,,QS,,flat,general,,,,,,,32
217,H1088,261,217,PPT0803A,86,No.8 South-5,flat,20.1,16.0,321.6,188.5742857142857,,,2018-11-27,2018-11-21,2019-01-12,block assembly group,No.8 platform,20*22,350,,HY,,flat,general,,,,,,,32
218,H1088,261,218,PPT0808A,91,No.8 South-15,flat,20.1,16.0,321.6,188.5742857142857,,,2018-11-27,2018-11-21,2019-01-12,block assembly group,No.8 platform,20*22,350,,HL,,,general,,,,,,,32
184,H1088,183,184,PPT1012A,70,No.10 South-23,flat,8.82,15.798,139.33836,93.5340582857143,,,2018-11-27,2018-11-23,2019-01-25,platform 1,No.10 platform,18*20,280,,yard HN,,flat,general,,,,,,,21
185,H1088,183,185,PPT0058A,56,No.0 East-16,flat,8.82,15.798,139.33836,93.5340582857143,,,2018-11-27,2018-11-23,2019-01-25,platform 1,No.0 platform,18*21,270,,QS,,flat,general,,,,,,,21
186,H1088,193,186,BQM4202A,37,42 South-2,flat,15.59,15.978,249.09702,142.38416685714284,,,2018-11-27,2018-11-23,2019-01-25,curved surface,42m,18*18,240,9M,YT,,,general,,H1094,17.7,631.0,2017-10-24,2017-11-05,21
187,H1087,193,187,BQM4853A,13,48 North-3,curved,15.59,15.978,249.09702,142.38416685714284,,,2018-11-27,2018-11-23,2019-01-25,curved surface,48m,36*21,240,9,HN,,curved,general,,H1094,17.7,825.0,2017-10-25,2017-11-15,21
250,H1088,836,250,PPT0002A,39,No.0 West-3,curved,8.0,21.0,168.0,144.28571428571428,,,2018-11-27,2018-11-24,2018-12-30,platform 1,No.0 platform,20*21,270,,MZ,,,general,,,,,,,29
249,H1088,826,249,BQM4810A,10,48 South-10,flat,20.5,21.0,430.5,240.0,,,2018-11-27,2018-11-24,2018-12-30,curved surface,48m,22*21,240,9,MZ,,,general,,H1098,17.7,153.0,2017-10-20,2017-11-08,29
198,H1088,801,198,BQM4503A,22,45 South-3,flat,28.614,19.075,545.81205,240.0,,,2018-11-28,2018-11-19,2019-01-16,curved surface,45m,33*21,240,9,ZH,,flat,general,,H1103,31.6,183.0,2017-10-26,2017-11-16,34
199,H1088,801,199,BQM4803A,3,48 South-3,flat,28.614,19.075,545.81205,240.0,,,2018-11-28,2018-11-19,2019-01-16,curved surface,48m,36*21,240,9,MZ,,,general,,H1094,17.7,154.0,2017-10-25,2017-11-12,34
162,H1087,124,162,PPT1008A,66,No.10 South-15,flat,18.618,14.354,267.24277199999995,157.90492571428572,,,2018-11-28,2018-11-22,2019-02-02,platform 1,No.10 platform,18*20,280,,yard HN,,flat,general,,,,,,,23
163,H1088,124,163,PPT0053A,51,No.0 East-6,flat,18.618,14.354,267.24277199999995,157.90492571428572,,,2018-11-28,2018-11-22,2019-02-02,platform 1,No.0 platform,20*21,270,,MZ,,,general,,,,,,,23
164,H1088,134,164,BQM4803A,3,48 South-3,flat,22.828,14.354,327.67311199999995,207.75854285714286,,,2018-11-28,2018-11-22,2019-02-02,curved surface,48m,36*21,240,9,MZ,,,general,,H1094,17.7,154.0,2017-10-25,2017-11-12,23
165,H1088,134,165,BQM4803A,3,48 South-3,flat,22.828,14.354,327.67311199999995,207.75854285714286,,,2018-11-28,2018-11-22,2019-02-02,curved surface,48m,36*21,240,9,MZ,,,general,,H1094,17.7,154.0,2017-10-25,2017-11-12,23
246,H1088,683,246,PPT1001A,59,No.10 South-1,flat,17.8,14.8,263.44,153.10857142857145,,,2018-12-01,2018-11-05,2018-12-30,platform 1,No.10 platform,20*20,280,,yard ZH,,flat,general,,,,,,,34
247,H1088,693,247,PPT0802A,85,No.8 South-3,flat,17.8,14.8,263.44,153.10857142857145,,,2018-12-01,2018-11-05,2018-12-30,block assembly group,No.8 platform,20*22,350,,HY,,flat,general,,,,,,,34
207,H1087,143,207,PPT1053A,74,No.10 North-6,flat,13.809,15.686,216.60797399999998,124.78259342857142,,,2018-12-01,2018-11-25,2019-01-16,platform 1,No.10 platform,20*20,280,,yard ZH,,,general,,,,,,,21
208,H1087,143,208,PPT1001A,59,No.10 South-1,flat,13.809,15.686,216.60797399999998,124.78259342857142,,,2018-12-01,2018-11-25,2019-01-16,platform 1,No.10 platform,20*20,280,,yard ZH,,flat,general,,,,,,,21
209,H1087,153,209,PPT0059A,57,No.0 East-18,flat,18.919,15.5,293.2445,170.90816028571427,,,2018-12-01,2018-11-25,2019-01-16,platform 1,No.0 platform,18*21,270,,QS,,flat,general,,,,,,,21
210,H1087,153,210,PPT0802A,85,No.8 South-3,flat,18.919,15.5,293.2445,170.90816028571427,,,2018-12-01,2018-11-25,2019-01-16,block assembly group,No.8 platform,20*22,350,,HY,,flat,general,,,,,,,21
203,H1087,621,203,PPT1012A,70,No.10 South-23,flat,8.95,15.97,142.9315,95.75525714285716,,,2018-12-01,2018-12-01,2019-01-21,platform 1,No.10 platform,18*20,280,,yard HN,,flat,general,,,,,,,14
204,H1087,621,204,PPT1010A,68,No.10 South-19,flat,8.95,15.97,142.9315,95.75525714285716,,,2018-12-01,2018-12-01,2019-01-21,platform 1,No.10 platform,18*20,280,,yard HN,,,general,,,,,,,14
201,H1088,631,201,PPT1060A,81,No.10 North-20,flat,10.53,15.97,168.1641,104.54908571428572,,,2018-12-01,2018-12-01,2019-01-22,platform 1,No.10 platform,20*20,280,,yard HN,,,general,,,,,,,13
202,H1088,631,202,PPT1001A,59,No.10 South-1,flat,10.53,15.97,168.1641,104.54908571428572,,,2018-12-01,2018-12-01,2019-01-22,platform 1,No.10 platform,20*20,280,,yard ZH,,flat,general,,,,,,,13
290,H1087,112,290,PPT0051A,49,No.0 East-2,flat,21.0,8.6,180.6,147.1314285714286,,,2018-12-02,2018-11-27,2018-12-26,platform 1,No.0 platform,20*21,270,,MZ,,flat,general,,,,,,,17
291,H1088,112,291,PPT0002A,39,No.0 West-3,flat,21.0,8.6,180.6,147.1314285714286,,,2018-12-02,2018-11-27,2018-12-26,platform 1,No.0 platform,20*21,270,,MZ,,,general,,,,,,,17
176,H1087,263,176,PPT1056A,77,No.10 North-12,flat,16.6,18.79,311.914,179.6068857142857,,,2018-12-02,2018-12-01,2019-01-28,platform 1,No.10 platform,20*20,280,,RH,,,general,,,,,,,24
177,H1087,263,177,PPT0052A,50,No.0 East-4,flat,16.6,18.79,311.914,179.6068857142857,,,2018-12-02,2018-12-01,2019-01-28,platform 1,No.0 platform,20*21,270,,MZ,,flat,general,,,,,,,24
286,H1087,643,286,PPT1005A,63,No.10 South-9,curved,19.9,14.2,282.58,170.7571428571428,,,2018-12-03,2018-11-06,2018-12-29,platform 1,No.10 platform,20*20,280,,RH,,curved,fixed,,,,,,,26
172,H1087,273,172,PPT1060A,81,No.10 North-20,flat,14.5,18.79,272.455,160.94688571428574,,,2018-12-03,2018-12-02,2019-01-30,platform 1,No.10 platform,20*20,280,,yard HN,,,general,,,,,,,25
173,H1087,273,173,PPT1053A,74,No.10 North-6,flat,14.5,18.79,272.455,160.94688571428574,,,2018-12-03,2018-12-02,2019-01-30,platform 1,No.10 platform,20*20,280,,yard ZH,,,general,,,,,,,25
188,H1087,101,188,BQM4803A,3,48 South-3,flat,30.66,9.4,288.204,240.0,,,2018-12-03,2018-12-03,2019-01-18,curved surface,48m,36*21,240,9,MZ,,,general,,H1094,17.7,154.0,2017-10-25,2017-11-12,32
269,H1087,653,269,PPT0002A,39,No.0 West-3,flat,17.9,14.2,254.17999999999998,149.15714285714284,,,2018-12-04,2018-11-07,2018-12-30,platform 1,No.0 platform,20*21,270,,MZ,,,general,,,,,,,26
322,H1087,834,322,PPT1052A,73,No.10 North-4,curved,9.215,10.9,100.4435,58.20749285714286,,,2018-12-04,2018-11-30,2018-12-25,platform 1,No.10 platform,20*20,280,,yard ZH,,curved,fixed,,,,,,,19
321,H1087,824,321,PPT0863A,110,No.8 North-26,flat,15.665,11.094,173.78750999999997,105.27687457142856,,,2018-12-04,2018-11-30,2018-12-25,block assembly group,No.8 platform,20*22,350,,flexible,,,general,,,,,,,19
331,H1087,833,331,PPT0054A,52,No.0 East-8,curved,8.709,14.287,124.425483,79.9900142857143,,,2018-12-04,2018-12-04,2018-12-24,platform 1,No.0 platform,20*21,270,,MZ,,curved,fixed,,,,,,,15
294,H1088,823,294,PPT1002A,60,No.10 South-3,flat,16.231,14.307,232.21691700000002,133.75303142857143,,,2018-12-04,2018-12-04,2018-12-30,platform 1,No.10 platform,20*20,280,,yard ZH,,flat,general,,,,,,,18
239,H1087,292,239,PPT0060A,58,No.0 East-20,flat,16.6,19.5,323.70000000000005,187.37428571428572,,,2018-12-05,2018-11-29,2019-01-08,platform 1,No.0 platform,18*21,270,,QS,,flat,general,,,,,,,32
240,H1087,292,240,PPT0810A,93,No.8 South-19,flat,16.6,19.5,323.70000000000005,187.37428571428572,,,2018-12-05,2018-11-29,2019-01-08,block assembly group,No.8 platform,20*22,350,,HL,,flat,general,,,,,,,32
316,H1087,834,316,PPT1003A,61,No.10 South-5,flat,9.215,10.9,100.4435,58.20749285714286,,,2018-12-05,2018-12-01,2018-12-26,platform 1,No.10 platform,20*20,280,,yard ZH,,,general,,,,,,,19
315,H1087,824,315,PPT1053A,74,No.10 North-6,flat,15.665,11.094,173.78750999999997,105.27687457142856,,,2018-12-05,2018-12-01,2018-12-26,platform 1,No.10 platform,20*20,280,,yard ZH,,,general,,,,,,,19
323,H1088,833,323,PPT0051A,49,No.0 East-2,flat,8.709,14.287,124.425483,79.9900142857143,,,2018-12-05,2018-12-05,2018-12-26,platform 1,No.0 platform,20*21,270,,MZ,,flat,general,,,,,,,16
293,H1088,823,293,PPT1002A,60,No.10 South-3,flat,16.231,14.307,232.21691700000002,133.75303142857143,,,2018-12-05,2018-12-05,2018-12-31,platform 1,No.10 platform,20*20,280,,yard ZH,,flat,general,,,,,,,18
170,H1088,684,170,PPT0802A,85,No.8 South-3,flat,14.7,20.0,294.0,176.02571428571426,,,2018-12-07,2018-11-25,2019-01-28,block assembly group,No.8 platform,20*22,350,,HY,,flat,general,,,,,,,37
171,H1087,694,171,PPT0051A,49,No.0 East-2,flat,14.7,20.0,294.0,176.02571428571426,,,2018-12-07,2018-11-25,2019-01-27,platform 1,No.0 platform,20*21,270,,MZ,,flat,general,,,,,,,37
245,H1088,282,245,BQM4503A,22,45 South-3,flat,14.7,19.5,286.65,170.38285714285712,,,2018-12-07,2018-11-30,2019-01-06,curved surface,45m,33*21,240,9,ZH,,flat,general,,H1103,31.6,183.0,2017-10-26,2017-11-16,30
263,H1088,653,263,PPT1004A,62,No.10 South-7,flat,11.2,17.72,198.46399999999997,125.55382857142855,,,2018-12-07,2018-12-04,2019-01-06,platform 1,No.10 platform,20*20,280,,yard ZH,,,general,,,,,,,15
264,H1088,653,264,BQM4202A,37,42 South-2,flat,11.2,17.72,198.46399999999997,125.55382857142855,,,2018-12-07,2018-12-04,2019-01-06,curved surface,42m,18*18,240,9M,YT,,,general,,H1094,17.7,631.0,2017-10-24,2017-11-05,15
261,H1088,643,261,PPT1003A,61,No.10 South-5,flat,13.412,17.72,237.66064,141.10861257142855,,,2018-12-07,2018-12-04,2019-01-06,platform 1,No.10 platform,20*20,280,,yard ZH,,,general,,,,,,,15
262,H1088,643,262,PPT1002A,60,No.10 South-3,flat,13.412,17.72,237.66064,141.10861257142855,,,2018-12-07,2018-12-04,2019-01-06,platform 1,No.10 platform,20*20,280,,yard ZH,,flat,general,,,,,,,15
211,H1088,102,211,BQM4803A,3,48 South-3,flat,19.76,18.47,364.9672,209.02814285714288,,,2018-12-07,2018-12-07,2019-01-12,curved surface,48m,36*21,240,9,MZ,,,general,,H1094,17.7,154.0,2017-10-25,2017-11-12,19
212,H1088,102,212,PPT1004A,62,No.10 South-7,flat,19.76,18.47,364.9672,209.02814285714288,,,2018-12-07,2018-12-07,2019-01-12,platform 1,No.10 platform,20*20,280,,yard ZH,,,general,,,,,,,19
242,H1087,282,242,PPT1001A,59,No.10 South-1,flat,14.7,19.5,286.65,170.38285714285712,,,2018-12-08,2018-12-01,2019-01-07,platform 1,No.10 platform,20*20,280,,yard ZH,,flat,general,,,,,,,30
139,H1087,283,139,PPT0051A,49,No.0 East-2,flat,13.7,18.32,250.98399999999998,149.51782857142857,,,2018-12-08,2018-12-02,2019-02-10,platform 1,No.0 platform,20*21,270,,MZ,,flat,general,,,,,,,34
140,H1087,293,140,BQM4503A,22,45 South-3,flat,22.5,18.32,412.2,240.0,,,2018-12-08,2018-12-02,2019-02-10,curved surface,45m,33*21,240,9,ZH,,flat,general,,H1103,31.6,183.0,2017-10-26,2017-11-16,34
150,H1088,272,150,PPT1062A,83,No.10 North-24,flat,14.4,17.28,248.83200000000002,144.55954285714287,,,2018-12-08,2018-12-08,2019-02-09,platform 1,No.10 platform,20*20,280,,yard HN,,,general,,,,,,,34
151,H1088,272,151,PPT1051A,72,No.10 North-2,curved,14.4,17.28,248.83200000000002,144.55954285714287,,,2018-12-08,2018-12-08,2019-02-09,platform 1,No.10 platform,20*20,280,,yard ZH,,curved,fixed,,,,,,,34
148,H1088,262,148,PPT1011A,69,No.10 South-21,flat,14.6,17.28,252.288,146.21668571428572,,,2018-12-08,2018-12-08,2019-02-09,platform 1,No.10 platform,18*20,280,,yard HN,,flat,general,,,,,,,34
149,H1088,262,149,PPT0002A,39,No.0 West-3,flat,14.6,17.28,252.288,146.21668571428572,,,2018-12-08,2018-12-08,2019-02-09,platform 1,No.0 platform,20*21,270,,MZ,,,general,,,,,,,34
146,H1087,282,146,PPT0059A,57,No.0 East-18,flat,14.7,19.5,286.65,170.38285714285712,,,2018-12-09,2018-12-03,2019-02-10,platform 1,No.0 platform,18*21,270,,QS,,flat,general,,,,,,,33
147,H1088,292,147,PPT1003A,61,No.10 South-5,flat,16.6,19.5,323.70000000000005,187.37428571428572,,,2018-12-09,2018-12-03,2019-02-10,platform 1,No.10 platform,20*20,280,,yard ZH,,,general,,,,,,,33
182,H1088,623,182,PPT0859A,106,No.8 North-18,flat,13.38,18.79,251.4102,152.02528571428573,,,2018-12-12,2018-12-12,2019-01-29,block assembly group,No.8 platform,20*22,350,,HL,,,general,,,,,,,16
183,H1088,623,183,PPT1010A,68,No.10 South-19,flat,13.38,18.79,251.4102,152.02528571428573,,,2018-12-12,2018-12-12,2019-01-29,platform 1,No.10 platform,18*20,280,,yard HN,,,general,,,,,,,16
178,H1087,633,178,PPT0857A,104,No.8 North-14,curved,13.38,18.79,251.4102,152.02528571428573,,,2018-12-14,2018-12-14,2019-01-30,block assembly group,No.8 platform,20*22,350,,HL,,curved,fixed,,,,,,,15
179,H1088,633,179,PPT1008A,66,No.10 South-15,flat,13.38,18.79,251.4102,152.02528571428573,,,2018-12-14,2018-12-14,2019-01-30,platform 1,No.10 platform,18*20,280,,yard HN,,flat,general,,,,,,,15
156,H1087,102,156,PPT1055A,76,No.10 North-10,flat,19.76,18.47,364.9672,209.02814285714288,,,2018-12-15,2018-12-15,2019-02-02,platform 1,No.10 platform,20*20,280,,RH,,,general,,,,,,,43
145,H1087,123,145,PPT1013A,71,No.10 South-25,flat,16.106,12.2,196.4932,116.64092457142858,,,2018-12-16,2018-12-12,2019-02-07,platform 1,No.10 platform,18*20,280,,yard HN,,flat,general,,,,,,,30
157,H1087,133,157,BQM4803A,3,48 South-3,flat,24.07,12.2,293.654,208.05854285714284,,,2018-12-16,2018-12-12,2019-02-03,curved surface,48m,36*21,240,9,MZ,,,general,,H1094,17.7,154.0,2017-10-25,2017-11-12,30
189,H1087,231,189,PPT0051A,49,No.0 East-2,flat,14.308,15.97,228.49876,131.35993257142857,,,2018-12-17,2018-12-03,2019-01-30,platform 1,No.0 platform,20*21,270,,MZ,,flat,general,,,,,,,22
190,H1087,182,190,PPT0863A,110,No.8 North-26,flat,16.0,7.3,116.8,88.36857142857143,,,2018-12-17,2018-12-13,2019-01-25,block assembly group,No.8 platform,20*22,350,,flexible,,,general,,,,,,,19
191,H1087,182,191,PPT1054A,75,No.10 North-8,flat,17.0,7.3,124.1,97.79714285714286,,,2018-12-17,2018-12-13,2019-01-25,platform 1,No.10 platform,20*20,280,,yard ZH,,,general,,,,,,,19
192,H1087,192,192,PPT1008A,66,No.10 South-15,flat,13.889,7.3,101.38969999999999,70.34123457142856,,,2018-12-17,2018-12-13,2019-01-25,platform 1,No.10 platform,18*20,280,,yard HN,,flat,general,,,,,,,19
193,H1087,192,193,PPT1012A,70,No.10 South-23,flat,13.889,7.3,101.38969999999999,70.34123457142856,,,2018-12-17,2018-12-13,2019-01-25,platform 1,No.10 platform,18*20,280,,yard HN,,flat,general,,,,,,,19
194,H1087,123,194,PPT1055A,76,No.10 North-10,flat,16.106,12.2,196.4932,116.64092457142858,,,2018-12-17,2018-12-16,2019-01-19,platform 1,No.10 platform,20*20,280,,RH,,,general,,,,,,,25
195,H1088,123,195,PPT0804A,87,No.8 South-7,flat,16.106,12.2,196.4932,116.64092457142858,,,2018-12-17,2018-12-16,2019-01-19,block assembly group,No.8 platform,20*22,350,,XZY,,,general,,,,,,,25
196,H1088,133,196,BQM4853A,13,48 North-3,curved,24.07,12.2,293.654,208.05854285714284,,,2018-12-17,2018-12-16,2019-01-19,curved surface,48m,36*21,240,9,HN,,curved,general,,H1094,17.7,825.0,2017-10-25,2017-11-15,25
197,H1088,133,197,BQM4503A,22,45 South-3,flat,24.07,12.2,293.654,208.05854285714284,,,2018-12-17,2018-12-16,2019-01-19,curved surface,45m,33*21,240,9,ZH,,flat,general,,H1103,31.6,183.0,2017-10-26,2017-11-16,25
166,H1088,122,166,PPT0001A,38,No.0 West-1,flat,15.531,12.2,189.4782,111.44341742857144,,,2018-12-18,2018-12-19,2019-02-04,platform 1,No.0 platform,20*21,270,,MZ,,,general,platform 1,,,,,,31
167,H1088,132,167,PPT0864A,111,No.8 North-28,flat,18.94,12.2,231.068,145.01817142857143,,,2018-12-18,2018-12-19,2019-02-04,block assembly group,No.8 platform,20*22,350,,flexible,,,general,,,,,,,31
135,H1088,271,135,PPT1054A,75,No.10 North-8,flat,17.8,16.0,284.8,163.66857142857143,,,2018-12-22,2018-12-16,2019-02-10,platform 1,No.10 platform,20*20,280,,yard ZH,,,general,,,,,,,36
136,H1088,271,136,BQM4504A,23,45 South-4,flat,17.8,16.0,284.8,163.66857142857143,,,2018-12-22,2018-12-16,2019-02-10,curved surface,45m,20*21,240,9,ZH,,flat,general,,H1103,31.6,193.0,2017-10-26,2017-11-16,36
133,H1088,261,133,PPT0863A,110,No.8 North-26,curved,20.1,16.0,321.6,188.5742857142857,,,2018-12-22,2018-12-16,2019-02-10,block assembly group,No.8 platform,20*22,350,,flexible,,,general,,,,,,,36
134,H1088,261,134,PPT0863A,110,No.8 North-26,flat,20.1,16.0,321.6,188.5742857142857,,,2018-12-22,2018-12-16,2019-02-10,block assembly group,No.8 platform,20*22,350,,flexible,,,general,,,,,,,36
161,H1087,111,161,BQM4503A,22,45 South-3,flat,22.2,13.8,306.36,195.22285714285712,,,2018-12-25,2018-12-10,2019-01-31,curved surface,45m,33*21,240,9,ZH,,flat,general,,H1103,31.6,183.0,2017-10-26,2017-11-16,28
169,H1088,221,169,PPT1005A,63,No.10 South-9,curved,17.0,15.97,271.49,155.44025714285712,,,2018-12-26,2018-12-04,2019-02-10,platform 1,No.10 platform,20*20,280,,RH,,curved,fixed,,,,,,,24
132,H1088,273,132,PPT0057A,55,No.0 East-14,flat,14.5,18.79,272.455,160.94688571428574,,,2018-12-26,2018-12-20,2019-02-14,platform 1,No.0 platform,20*21,270,,QS,,flat,general,,,,,,,31
131,H1088,263,131,PPT1007A,65,No.10 South-13,flat,16.6,18.79,311.914,179.6068857142857,,,2018-12-26,2018-12-20,2019-02-15,platform 1,No.10 platform,18*20,280,,RH,,flat,general,,,,,,,31
168,H1088,112,168,PPT0810A,93,No.8 South-19,flat,21.0,8.6,180.6,147.1314285714286,,,2018-12-28,2018-12-23,2019-01-30,block assembly group,No.8 platform,20*22,350,,HL,,flat,general,,,,,,,21
129,H1087,143,129,PPT0058A,56,No.0 East-16,flat,13.809,15.686,216.60797399999998,124.78259342857142,,,2018-12-29,2018-12-22,2019-02-16,platform 1,No.0 platform,18*21,270,,QS,,flat,general,,,,,,,37
130,H1087,153,130,PPT1013A,71,No.10 South-25,flat,18.919,15.5,293.2445,170.90816028571427,,,2018-12-29,2018-12-22,2019-02-16,platform 1,No.10 platform,18*20,280,,yard HN,,flat,general,,,,,,,37
174,H1087,112,174,PPT0803A,86,No.8 South-5,flat,21.0,8.6,180.6,147.1314285714286,,,2018-12-29,2018-12-24,2019-01-26,block assembly group,No.8 platform,20*22,350,,HY,,flat,general,,,,,,,21
175,H1087,112,175,PPT0002A,39,No.0 West-3,flat,21.0,8.6,180.6,147.1314285714286,,,2018-12-29,2018-12-24,2019-01-26,platform 1,No.0 platform,20*21,270,,MZ,,,general,,,,,,,21
120,H1088,654,120,PPT0807A,90,No.8 South-13,flat,19.2,15.1,289.91999999999996,170.47142857142856,,,2018-12-30,2018-12-03,2019-02-17,block assembly group,No.8 platform,20*22,350,,XZY,,flat,general,,,,,,,37
119,H1088,644,119,BQM4503A,22,45 South-3,flat,22.9,15.1,345.78999999999996,214.97714285714284,,,2018-12-30,2018-12-03,2019-02-17,curved surface,45m,33*21,240,9,ZH,,flat,general,,H1103,31.6,183.0,2017-10-26,2017-11-16,37
107,H1087,271,107,PPT1009A,67,No.10 South-17,flat,17.8,16.0,284.8,163.66857142857143,,,2018-12-30,2018-12-24,2019-02-28,platform 1,No.10 platform,18*20,280,,yard HN,,flat,general,,,,,,,37
106,H1088,261,106,PPT0858A,105,No.8 North-16,curved,20.1,16.0,321.6,188.5742857142857,,,2018-12-30,2018-12-24,2019-02-28,block assembly group,No.8 platform,20*22,350,,HL,,curved,fixed,,,,,,,37
117,H1088,124,117,PPT0809A,92,No.8 South-17,flat,18.618,14.354,267.24277199999995,157.90492571428572,,,2018-12-31,2018-12-21,2019-02-21,block assembly group,No.8 platform,20*22,350,,HL,,,general,,,,,,,39
118,H1088,134,118,BQM4503A,22,45 South-3,flat,22.828,14.354,327.67311199999995,207.75854285714286,,,2018-12-31,2018-12-21,2019-02-21,curved surface,45m,33*21,240,9,ZH,,flat,general,,H1103,31.6,183.0,2017-10-26,2017-11-16,39
143,H1087,182,143,PPT0057A,55,No.0 East-14,flat,15.0,7.3,109.5,79.51142857142858,,,2018-12-31,2018-12-25,2019-02-14,platform 1,No.0 platform,20*21,270,,QS,,flat,general,,,,,,,21
144,H1087,192,144,PPT1055A,76,No.10 North-10,flat,13.889,7.3,101.38969999999999,70.34123457142856,,,2018-12-31,2018-12-25,2019-02-14,platform 1,No.10 platform,20*20,280,,RH,,,general,,,,,,,21
158,H1087,632,158,PPT0864A,111,No.8 North-28,flat,13.38,17.28,231.20640000000003,136.46365714285716,,,2019-01-01,2018-12-20,2019-02-09,block assembly group,No.8 platform,20*22,350,,flexible,,,general,,,,,,,19
159,H1087,622,159,PPT1055A,76,No.10 North-10,flat,13.38,17.28,231.20640000000003,136.46365714285716,,,2019-01-04,2018-12-23,2019-02-09,platform 1,No.10 platform,20*20,280,,RH,,,general,,,,,,,17
114,H1087,144,114,PPT0808A,91,No.8 South-15,flat,17.566,15.678,275.399748,158.3897257142857,,,2019-01-04,2018-12-27,2019-02-23,block assembly group,No.8 platform,20*22,350,,HL,,,general,,,,,,,36
99,H1088,154,99,PPT1010A,68,No.10 South-19,flat,19.932,15.976,318.433632,186.43348571428572,,,2019-01-04,2018-12-27,2019-03-04,platform 1,No.10 platform,18*20,280,,yard HN,,,general,,,,,,,45
123,H1087,835,123,PPT0802A,85,No.8 South-3,flat,7.416,16.884,125.21174400000001,97.16186057142856,,,2019-01-04,2018-12-29,2019-02-17,block assembly group,No.8 platform,20*22,350,,HY,,flat,general,,,,,,,23
124,H1087,835,124,PPT1006A,64,No.10 South-11,curved,7.416,16.884,125.21174400000001,97.16186057142856,,,2019-01-04,2018-12-29,2019-02-17,platform 1,No.10 platform,20*20,280,,RH,,curved,fixed,,,,,,,23
121,H1088,825,121,PPT0058A,56,No.0 East-16,flat,19.167,16.931,324.51647700000007,186.86647142857146,,,2019-01-04,2018-12-29,2019-02-17,platform 1,No.0 platform,18*21,270,,QS,,flat,general,,,,,,,23
122,H1088,825,122,PPT1008A,66,No.10 South-15,flat,19.167,16.931,324.51647700000007,186.86647142857146,,,2019-01-04,2018-12-29,2019-02-17,platform 1,No.10 platform,18*20,280,,yard HN,,flat,general,,,,,,,23
160,H1087,103,160,BQM4853A,13,48 North-3,curved,29.101,15.68,456.30368,240.0,,,2019-01-04,2018-12-30,2019-02-07,curved surface,48m,36*21,240,9,HN,,curved,general,,H1094,17.7,825.0,2017-10-25,2017-11-15,30
35,H1088,801,35,BQM4503A,22,45 South-3,flat,28.614,19.075,545.81205,240.0,,,2019-01-05,2019-01-03,2019-03-27,curved surface,45m,33*21,240,9,ZH,,flat,general,,H1103,31.6,183.0,2017-10-26,2017-11-16,65
141,H1087,631,141,PPT1057A,78,No.10 North-14,flat,10.53,15.97,168.1641,104.54908571428572,,,2019-01-08,2018-12-06,2019-02-14,platform 1,No.10 platform,20*20,280,,RH,,,general,,,,,,,11
127,H1087,832,127,PPT1053A,74,No.10 North-6,flat,6.767,14.288,96.686896,71.41120942857144,,,2019-01-08,2019-01-03,2019-02-23,platform 1,No.10 platform,20*20,280,,yard ZH,,,general,,,,,,,20
128,H1087,832,128,PPT0801A,84,No.8 South-1,flat,6.767,14.288,96.686896,71.41120942857144,,,2019-01-08,2019-01-03,2019-02-23,block assembly group,No.8 platform,20*22,350,,HY,,flat,general,block assembly group,,,,,,20
125,H1087,822,125,PPT0863A,110,No.8 North-26,flat,16.086,14.292,229.90111199999998,132.29161714285712,,,2019-01-08,2019-01-03,2019-02-23,block assembly group,No.8 platform,20*22,350,,flexible,,,general,,,,,,,20
126,H1087,822,126,PPT0057A,55,No.0 East-14,flat,16.086,14.292,229.90111199999998,132.29161714285712,,,2019-01-08,2019-01-03,2019-02-23,platform 1,No.0 platform,20*21,270,,QS,,flat,general,,,,,,,20
137,H1088,623,137,PPT1008A,66,No.10 South-15,flat,13.38,18.79,251.4102,152.02528571428573,,,2019-01-08,2019-01-05,2019-02-15,platform 1,No.10 platform,18*20,280,,yard HN,,flat,general,,,,,,,19
138,H1088,633,138,PPT1008A,66,No.10 South-15,flat,13.38,18.79,251.4102,152.02528571428573,,,2019-01-08,2019-01-05,2019-02-15,platform 1,No.10 platform,18*20,280,,yard HN,,flat,general,,,,,,,19
90,H1087,803,90,PPT1005A,63,No.10 South-9,curved,15.5,14.0,217.0,124.64285714285714,,,2019-01-08,2019-01-07,2019-03-01,platform 1,No.10 platform,20*20,280,,RH,,curved,fixed,,,,,,,35
91,H1087,803,91,PPT0001A,38,No.0 West-1,curved,15.5,15.0,232.5,132.92857142857142,,,2019-01-08,2019-01-07,2019-03-01,platform 1,No.0 platform,20*21,270,,MZ,,,general,platform 1,,,,,,35
142,H1087,621,142,PPT0004A,41,No.0 West-7,curved,8.95,15.97,142.9315,95.75525714285716,,,2019-01-11,2018-12-09,2019-02-14,platform 1,No.0 platform,20*21,270,,MZ,,curved,fixed,,,,,,,10
82,H1088,293,82,BQM4503A,22,45 South-3,flat,22.5,18.32,412.2,240.0,,,2019-01-12,2019-01-05,2019-03-10,curved surface,45m,33*21,240,9,ZH,,flat,general,,H1103,31.6,183.0,2017-10-26,2017-11-16,36
83,H1088,293,83,BQM4503A,22,45 South-3,flat,22.5,18.32,412.2,240.0,,,2019-01-12,2019-01-05,2019-03-10,curved surface,45m,33*21,240,9,ZH,,flat,general,,H1103,31.6,183.0,2017-10-26,2017-11-16,36
84,H1088,283,84,PPT1005A,63,No.10 South-9,curved,13.7,18.32,250.98399999999998,149.51782857142857,,,2019-01-13,2019-01-06,2019-03-10,platform 1,No.10 platform,20*20,280,,RH,,curved,fixed,,,,,,,36
85,H1087,283,85,PPT1006A,64,No.10 South-11,curved,13.7,18.32,250.98399999999998,149.51782857142857,,,2019-01-13,2019-01-06,2019-03-10,platform 1,No.10 platform,20*20,280,,RH,,curved,fixed,,,,,,,36
115,H1088,183,115,PPT0857A,104,No.8 North-14,curved,8.82,15.798,139.33836,93.5340582857143,,,2019-01-14,2019-01-08,2019-02-24,block assembly group,No.8 platform,20*22,350,,HL,,curved,fixed,,,,,,,27
94,H1087,272,94,PPT0857A,104,No.8 North-14,curved,14.4,17.28,248.83200000000002,144.55954285714287,,,2019-01-14,2019-01-08,2019-03-09,block assembly group,No.8 platform,20*22,350,,HL,,curved,fixed,,,,,,,39
116,H1088,193,116,PPT1009A,67,No.10 South-17,flat,15.59,15.978,249.09702,142.38416685714284,,,2019-01-14,2019-01-08,2019-02-24,platform 1,No.10 platform,18*20,280,,yard HN,,flat,general,,,,,,,27
93,H1087,262,93,BQM4202A,37,42 South-2,flat,14.6,17.28,252.288,146.21668571428572,,,2019-01-14,2019-01-08,2019-03-09,curved surface,42m,18*18,240,9M,YT,,,general,,H1094,17.7,631.0,2017-10-24,2017-11-05,39
80,H1088,101,80,BQM4853A,13,48 North-3,curved,30.66,9.4,288.204,240.0,,,2019-01-15,2019-01-15,2019-03-08,curved surface,48m,36*21,240,9,HN,,curved,general,,H1094,17.7,825.0,2017-10-25,2017-11-15,38
102,H1088,642,102,PPT1010A,68,No.10 South-19,flat,13.412,19.5,261.534,160.03764114285715,,,2019-01-21,2019-01-16,2019-03-06,platform 1,No.10 platform,18*20,280,,yard HN,,,general,,,,,,,20
103,H1088,642,103,PPT0808A,91,No.8 South-15,flat,13.412,19.5,261.534,160.03764114285715,,,2019-01-21,2019-01-16,2019-03-06,block assembly group,No.8 platform,20*22,350,,HL,,,general,,,,,,,20
104,H1088,652,104,PPT0060A,58,No.0 East-20,flat,13.412,19.5,261.534,160.03764114285715,,,2019-01-21,2019-01-16,2019-03-06,platform 1,No.0 platform,18*21,270,,QS,,flat,general,,,,,,,20
105,H1088,652,105,PPT0808A,91,No.8 South-15,flat,13.412,19.5,261.534,160.03764114285715,,,2019-01-21,2019-01-16,2019-03-06,block assembly group,No.8 platform,20*22,350,,HL,,,general,,,,,,,20
7,H1087,801,7,BQM4803A,3,48 South-3,flat,28.614,19.075,545.81205,240.0,,,2019-01-21,2019-01-19,2019-04-14,curved surface,48m,36*21,240,9,MZ,,,general,,H1094,17.7,154.0,2017-10-25,2017-11-12,67
33,H1087,283,33,PPT1060A,81,No.10 North-20,flat,13.7,18.32,250.98399999999998,149.51782857142857,,,2019-01-22,2019-01-16,2019-04-01,platform 1,No.10 platform,20*20,280,,yard HN,,,general,,,,,,,39
34,H1087,293,34,BQM4803A,3,48 South-3,flat,22.5,18.32,412.2,240.0,1.0,832.0,2019-01-22,2019-01-16,2019-04-01,curved surface,48m,36*21,240,9,MZ,,,general,,H1094,17.7,154.0,2017-10-25,2017-11-12,39
40,H1088,282,40,PPT1061A,82,No.10 North-22,flat,14.7,19.5,286.65,170.38285714285712,,,2019-01-25,2019-01-19,2019-04-01,platform 1,No.10 platform,20*20,280,,yard HN,,,general,,,,,,,36
41,H1088,292,41,PPT1004A,62,No.10 South-7,flat,16.6,19.5,323.70000000000005,187.37428571428572,,,2019-01-25,2019-01-19,2019-04-01,platform 1,No.10 platform,20*20,280,,yard ZH,,,general,,,,,,,36
88,H1087,836,88,BQM4853A,13,48 North-3,curved,8.0,21.0,168.0,144.28571428571428,,,2019-01-25,2019-01-22,2019-03-05,curved surface,48m,36*21,240,9,HN,,curved,general,,H1094,17.7,825.0,2017-10-25,2017-11-15,35
89,H1087,836,89,BQM4810A,10,48 South-10,curved,8.0,21.0,168.0,144.28571428571428,,,2019-01-25,2019-01-22,2019-03-05,curved surface,48m,22*21,240,9,MZ,,,general,,H1098,17.7,153.0,2017-10-20,2017-11-08,35
86,H1087,826,86,BQM4810A,10,48 South-10,curved,20.5,21.0,430.5,240.0,,,2019-01-25,2019-01-22,2019-03-05,curved surface,48m,22*21,240,9,MZ,,,general,,H1098,17.7,153.0,2017-10-20,2017-11-08,35
87,H1087,826,87,BQM4853A,13,48 North-3,curved,20.5,21.0,430.5,240.0,,,2019-01-25,2019-01-22,2019-03-05,curved surface,48m,36*21,240,9,HN,,curved,general,,H1094,17.7,825.0,2017-10-25,2017-11-15,35
49,H1088,123,49,PPT0056A,54,No.0 East-12,flat,16.106,12.2,196.4932,116.64092457142858,,,2019-01-28,2019-01-24,2019-03-26,platform 1,No.0 platform,20*21,270,,QS,,flat,general,,,,,,,34
54,H1087,133,54,BQM4853A,13,48 North-3,curved,24.07,12.2,293.654,208.05854285714284,,,2019-01-28,2019-01-24,2019-03-22,curved surface,48m,36*21,240,9,HN,,curved,general,,H1094,17.7,825.0,2017-10-25,2017-11-15,34
79,H1088,803,79,PPT1010A,68,No.10 South-19,curved,15.5,13.0,201.5,116.92857142857143,,,2019-01-28,2019-01-27,2019-03-08,platform 1,No.10 platform,18*20,280,,yard HN,,,general,,,,,,,35
50,H1088,102,50,BQM4504A,23,45 South-4,flat,19.76,18.47,364.9672,209.02814285714288,,,2019-01-29,2019-01-29,2019-03-23,curved surface,45m,20*21,240,9,ZH,,flat,general,,H1103,31.6,193.0,2017-10-26,2017-11-16,47
36,H1088,801,36,BQM4803A,3,48 South-3,flat,28.614,19.075,545.81205,240.0,,,2019-02-01,2019-01-23,2019-03-27,curved surface,48m,36*21,240,9,MZ,,,general,,H1094,17.7,154.0,2017-10-25,2017-11-12,39
37,H1088,801,37,BQM4503A,22,45 South-3,flat,28.614,19.075,545.81205,240.0,,,2019-02-01,2019-01-23,2019-03-27,curved surface,45m,33*21,240,9,ZH,,flat,general,,H1103,31.6,183.0,2017-10-26,2017-11-16,39
81,H1088,231,81,PPT1060A,81,No.10 North-20,flat,14.308,15.97,228.49876,131.35993257142857,,,2019-02-02,2019-01-19,2019-03-20,platform 1,No.10 platform,20*20,280,,yard HN,,,general,,,,,,,24
67,H1087,834,67,PPT0858A,105,No.8 North-16,curved,9.215,10.9,100.4435,58.20749285714286,,,2019-02-02,2019-01-27,2019-03-23,block assembly group,No.8 platform,20*22,350,,HL,,curved,fixed,,,,,,,22
66,H1087,824,66,BQM4202A,37,42 South-2,flat,15.665,11.094,173.78750999999997,105.27687457142856,,,2019-02-02,2019-01-27,2019-03-23,curved surface,42m,18*18,240,9M,YT,,,general,,H1094,17.7,631.0,2017-10-24,2017-11-05,22
59,H1087,122,59,PPT0055A,53,No.0 East-10,curved,15.531,12.2,189.4782,111.44341742857144,,,2019-02-02,2019-02-03,2019-03-22,platform 1,No.0 platform,20*21,270,,MZ,,curved,fixed,,,,,,,31
60,H1087,132,60,PPT1052A,73,No.10 North-4,curved,18.94,12.2,231.068,145.01817142857143,,,2019-02-02,2019-02-03,2019-03-22,platform 1,No.10 platform,20*20,280,,yard ZH,,curved,fixed,,,,,,,31
64,H1087,836,64,PPT0004A,41,No.0 West-7,curved,8.0,21.0,168.0,144.28571428571428,,,2019-02-03,2019-01-26,2019-03-15,platform 1,No.0 platform,20*21,270,,MZ,,curved,fixed,,,,,,,34
63,H1087,826,63,PPT0003A,40,No.0 West-5,curved,20.0,21.0,420.0,240.0,,,2019-02-03,2019-01-26,2019-03-15,platform 1,No.0 platform,20*21,270,,MZ,,curved,fixed,,,,,,,34
70,H1087,832,70,PPT1061A,82,No.10 North-22,flat,6.767,14.288,96.686896,71.41120942857144,,,2019-02-03,2019-01-28,2019-03-23,platform 1,No.10 platform,20*20,280,,yard HN,,,general,,,,,,,21
71,H1087,833,71,PPT0802A,85,No.8 South-3,flat,8.709,14.287,124.425483,79.9900142857143,,,2019-02-03,2019-01-28,2019-03-23,block assembly group,No.8 platform,20*22,350,,HY,,flat,general,,,,,,,21
68,H1087,822,68,PPT1052A,73,No.10 North-4,curved,16.086,14.292,229.90111199999998,132.29161714285712,,,2019-02-03,2019-01-28,2019-03-23,platform 1,No.10 platform,20*20,280,,yard ZH,,curved,fixed,,,,,,,21
69,H1087,823,69,PPT0809A,92,No.8 South-17,flat,16.231,14.307,232.21691700000002,133.75303142857143,,,2019-02-03,2019-01-28,2019-03-23,block assembly group,No.8 platform,20*22,350,,HL,,,general,,,,,,,21
97,H1087,653,97,PPT1004A,62,No.10 South-7,flat,11.2,17.72,198.46399999999997,125.55382857142855,,,2019-02-04,2019-02-01,2019-03-10,platform 1,No.10 platform,20*20,280,,yard ZH,,,general,,,,,,,19
98,H1087,653,98,PPT1009A,67,No.10 South-17,flat,11.2,17.72,198.46399999999997,125.55382857142855,,,2019-02-04,2019-02-01,2019-03-10,platform 1,No.10 platform,18*20,280,,yard HN,,flat,general,,,,,,,19
95,H1087,643,95,PPT1060A,81,No.10 North-20,curved,13.412,17.72,237.66064,141.10861257142855,,,2019-02-04,2019-02-01,2019-03-10,platform 1,No.10 platform,20*20,280,,yard HN,,,general,,,,,,,19
96,H1087,643,96,PPT0002A,39,No.0 West-3,flat,13.412,17.72,237.66064,141.10861257142855,,,2019-02-04,2019-02-01,2019-03-10,platform 1,No.0 platform,20*21,270,,MZ,,,general,,,,,,,19
57,H1087,111,57,BQM4853A,13,48 North-3,curved,22.2,13.8,306.36,195.22285714285712,,,2019-02-09,2019-01-25,2019-03-19,curved surface,48m,36*21,240,9,HN,,curved,general,,H1094,17.7,825.0,2017-10-25,2017-11-15,29
73,H1088,292,73,PPT0060A,58,No.0 East-20,flat,16.6,19.5,323.70000000000005,187.37428571428572,,,2019-02-09,2019-02-03,2019-03-19,platform 1,No.0 platform,18*21,270,,QS,,flat,general,,,,,,,36
74,H1088,292,74,PPT1007A,65,No.10 South-13,flat,16.6,19.5,323.70000000000005,187.37428571428572,,,2019-02-09,2019-02-03,2019-03-19,platform 1,No.10 platform,18*20,280,,RH,,flat,general,,,,,,,36
110,H1087,834,110,PPT1008A,66,No.10 South-15,flat,9.215,10.9,100.4435,58.20749285714286,,,2019-02-09,2019-02-05,2019-03-05,platform 1,No.10 platform,18*20,280,,yard HN,,flat,general,,,,,,,22
111,H1087,834,111,PPT0056A,54,No.0 East-12,flat,9.215,10.9,100.4435,58.20749285714286,,,2019-02-09,2019-02-05,2019-03-05,platform 1,No.0 platform,20*21,270,,QS,,flat,general,,,,,,,22
108,H1087,824,108,PPT1012A,70,No.10 South-23,flat,15.665,11.094,173.78750999999997,105.27687457142856,,,2019-02-09,2019-02-05,2019-03-05,platform 1,No.10 platform,18*20,280,,yard HN,,flat,general,,,,,,,22
109,H1087,824,109,PPT0807A,90,No.8 South-13,flat,15.665,11.094,173.78750999999997,105.27687457142856,,,2019-02-09,2019-02-05,2019-03-05,block assembly group,No.8 platform,20*22,350,,XZY,,flat,general,,,,,,,22
112,H1087,833,112,PPT1007A,65,No.10 South-13,flat,8.709,14.287,124.425483,79.9900142857143,,,2019-02-09,2019-02-09,2019-03-03,platform 1,No.10 platform,18*20,280,,RH,,flat,general,,,,,,,17
113,H1087,833,113,PPT1013A,71,No.10 South-25,flat,8.709,14.287,124.425483,79.9900142857143,,,2019-02-09,2019-02-09,2019-03-03,platform 1,No.10 platform,18*20,280,,yard HN,,flat,general,,,,,,,17
100,H1088,823,100,PPT1061A,82,No.10 North-22,flat,16.231,14.307,232.21691700000002,133.75303142857143,,,2019-02-09,2019-02-09,2019-03-10,platform 1,No.10 platform,20*20,280,,yard HN,,,general,,,,,,,21
101,H1088,823,101,PPT1002A,60,No.10 South-3,flat,16.231,14.307,232.21691700000002,133.75303142857143,,,2019-02-09,2019-02-09,2019-03-10,platform 1,No.10 platform,20*20,280,,yard ZH,,flat,general,,,,,,,21
45,H1088,273,45,PPT1013A,71,No.10 South-25,flat,14.5,18.79,272.455,160.94688571428574,,,2019-02-10,2019-02-04,2019-03-31,platform 1,No.10 platform,18*20,280,,yard HN,,flat,general,,,,,,,30
42,H1088,263,42,PPT0809A,92,No.8 South-17,curved,16.6,18.79,311.914,179.6068857142857,,,2019-02-10,2019-02-04,2019-04-01,block assembly group,No.8 platform,20*22,350,,HL,,,general,,,,,,,30
77,H1088,282,77,PPT1057A,78,No.10 North-14,flat,14.7,19.5,286.65,170.38285714285712,,,2019-02-11,2019-02-04,2019-03-18,platform 1,No.10 platform,20*20,280,,RH,,,general,,,,,,,35
78,H1088,282,78,PPT0859A,106,No.8 North-18,flat,14.7,19.5,286.65,170.38285714285712,,,2019-02-11,2019-02-04,2019-03-18,block assembly group,No.8 platform,20*22,350,,HL,,,general,,,,,,,35
72,H1088,112,72,PPT0057A,55,No.0 East-14,flat,21.0,8.6,180.6,147.1314285714286,,,2019-02-11,2019-02-06,2019-03-16,platform 1,No.0 platform,20*21,270,,QS,,flat,general,,,,,,,21
58,H1087,221,58,PPT0004A,41,No.0 West-7,curved,16.0,15.97,255.52,146.01168571428573,,,2019-02-12,2019-01-21,2019-03-31,platform 1,No.0 platform,20*21,270,,MZ,,curved,fixed,,,,,,,25
22,H1087,143,22,PPT0004A,41,No.0 West-7,curved,13.809,15.686,216.60797399999998,124.78259342857142,,,2019-02-12,2019-02-05,2019-04-04,platform 1,No.0 platform,20*21,270,,MZ,,curved,fixed,,,,,,,39
23,H1087,153,23,PPT0054A,52,No.0 East-8,curved,18.919,15.5,293.2445,170.90816028571427,,,2019-02-12,2019-02-05,2019-04-04,platform 1,No.0 platform,20*21,270,,MZ,,curved,fixed,,,,,,,39
62,H1087,653,62,PPT1005A,63,No.10 South-9,curved,11.2,17.72,198.46399999999997,125.55382857142855,,,2019-02-12,2019-02-06,2019-03-24,platform 1,No.10 platform,20*20,280,,RH,,curved,fixed,,,,,,,19
76,H1088,643,76,PPT0056A,54,No.0 East-12,flat,13.412,17.72,237.66064,141.10861257142855,,,2019-02-12,2019-02-06,2019-03-21,platform 1,No.0 platform,20*21,270,,QS,,flat,general,,,,,,,19
61,H1087,652,61,PPT0003A,40,No.0 West-5,curved,13.412,19.5,261.534,160.03764114285715,,,2019-02-12,2019-02-06,2019-03-24,platform 1,No.0 platform,20*21,270,,MZ,,curved,fixed,,,,,,,19
75,H1088,642,75,PPT0864A,111,No.8 North-28,flat,13.412,19.5,261.534,160.03764114285715,,,2019-02-12,2019-02-06,2019-03-21,block assembly group,No.8 platform,20*22,350,,flexible,,,general,,,,,,,19
48,H1088,803,48,PPT0864A,111,No.8 North-28,curved,15.5,12.0,186.0,109.78571428571429,,,2019-02-12,2019-02-11,2019-03-23,block assembly group,No.8 platform,20*22,350,,flexible,,,general,,,,,,,35
13,H1087,124,13,PPT1062A,83,No.10 North-24,flat,18.618,14.354,267.24277199999995,157.90492571428572,,,2019-02-16,2019-02-06,2019-04-07,platform 1,No.10 platform,20*20,280,,yard HN,,,general,,,,,,,37
14,H1087,134,14,BQM4853A,13,48 North-3,curved,22.828,14.354,327.67311199999995,207.75854285714286,,,2019-02-16,2019-02-06,2019-04-07,curved surface,48m,36*21,240,9,HN,,curved,general,,H1094,17.7,825.0,2017-10-25,2017-11-15,37
46,H1088,182,46,BQM4803A,3,48 South-3,flat,25.0,7.3,182.5,193.79714285714286,,,2019-02-16,2019-02-10,2019-04-02,curved surface,48m,36*21,240,9,MZ,,,general,,H1094,17.7,154.0,2017-10-25,2017-11-12,21
47,H1088,192,47,PPT1006A,64,No.10 South-11,curved,13.889,7.3,101.38969999999999,70.34123457142856,,,2019-02-16,2019-02-10,2019-04-02,platform 1,No.10 platform,20*20,280,,RH,,curved,fixed,,,,,,,21
25,H1087,834,25,PPT1051A,72,No.10 North-2,curved,9.215,10.9,100.4435,58.20749285714286,,,2019-02-17,2019-02-11,2019-04-07,platform 1,No.10 platform,20*20,280,,yard ZH,,curved,fixed,,,,,,,22
24,H1087,824,24,PPT1051A,72,No.10 North-2,curved,15.665,11.094,173.78750999999997,105.27687457142856,,,2019-02-17,2019-02-11,2019-04-07,platform 1,No.10 platform,20*20,280,,yard ZH,,curved,fixed,,,,,,,22
6,H1087,271,6,PPT0858A,105,No.8 North-16,curved,17.8,16.0,284.8,163.66857142857143,,,2019-02-17,2019-02-11,2019-04-18,block assembly group,No.8 platform,20*22,350,,HL,,curved,fixed,,,,,,,37
5,H1087,261,5,PPT0858A,105,No.8 North-16,curved,20.1,16.0,321.6,188.5742857142857,,,2019-02-17,2019-02-11,2019-04-18,block assembly group,No.8 platform,20*22,350,,HL,,curved,fixed,,,,,,,37
56,H1087,835,56,PPT1058A,79,No.10 North-16,curved,7.416,16.884,125.21174400000001,97.16186057142856,,,2019-02-17,2019-02-17,2019-03-23,platform 1,No.10 platform,20*20,280,,yard HN,,curved,fixed,,,,,,,27
55,H1087,825,55,PPT0055A,53,No.0 East-10,curved,19.167,16.931,324.51647700000007,186.86647142857146,,,2019-02-17,2019-02-17,2019-03-23,platform 1,No.0 platform,20*21,270,,MZ,,curved,fixed,,,,,,,27
12,H1087,144,12,PPT0059A,57,No.0 East-18,flat,17.566,15.678,275.399748,158.3897257142857,,,2019-02-18,2019-02-10,2019-04-09,platform 1,No.0 platform,18*21,270,,QS,,flat,general,,,,,,,36
4,H1087,154,4,PPT1004A,62,No.10 South-7,flat,19.932,15.976,318.433632,186.43348571428572,,,2019-02-18,2019-02-10,2019-04-20,platform 1,No.10 platform,20*20,280,,yard ZH,,,general,,,,,,,47
29,H1087,832,29,PPT1056A,77,No.10 North-12,flat,6.767,14.288,96.686896,71.41120942857144,,,2019-02-18,2019-02-12,2019-04-07,platform 1,No.10 platform,20*20,280,,RH,,,general,,,,,,,21
30,H1087,833,30,PPT1058A,79,No.10 North-16,curved,8.709,14.287,124.425483,79.9900142857143,,,2019-02-18,2019-02-12,2019-04-07,platform 1,No.10 platform,20*20,280,,yard HN,,curved,fixed,,,,,,,21
26,H1087,822,26,PPT0053A,51,No.0 East-6,curved,16.086,14.292,229.90111199999998,132.29161714285712,,,2019-02-18,2019-02-12,2019-04-07,platform 1,No.0 platform,20*21,270,,MZ,,,general,,,,,,,21
27,H1087,823,27,PPT0857A,104,No.8 North-14,curved,16.231,14.307,232.21691700000002,133.75303142857143,,,2019-02-18,2019-02-12,2019-04-07,block assembly group,No.8 platform,20*22,350,,HL,,curved,fixed,,,,,,,21
51,H1088,632,51,PPT1004A,62,No.10 South-7,flat,13.38,17.28,231.20640000000003,136.46365714285716,,,2019-02-19,2019-02-07,2019-03-30,platform 1,No.10 platform,20*20,280,,yard ZH,,,general,,,,,,,19
53,H1088,103,53,BQM4503A,22,45 South-3,flat,29.101,15.68,456.30368,240.0,,,2019-02-19,2019-02-14,2019-03-27,curved surface,45m,33*21,240,9,ZH,,flat,general,,H1103,31.6,183.0,2017-10-26,2017-11-16,32
52,H1088,622,52,PPT0859A,106,No.8 North-18,curved,13.38,17.28,231.20640000000003,136.46365714285716,,,2019-02-22,2019-02-10,2019-03-30,block assembly group,No.8 platform,20*22,350,,HL,,,general,,,,,,,17
19,H1087,836,19,PPT0053A,51,No.0 East-6,curved,8.0,21.0,168.0,144.28571428571428,,,2019-02-23,2019-02-15,2019-04-04,platform 1,No.0 platform,20*21,270,,MZ,,,general,,,,,,,34
18,H1087,826,18,PPT0003A,40,No.0 West-5,curved,20.0,21.0,420.0,240.0,,,2019-02-23,2019-02-15,2019-04-04,platform 1,No.0 platform,20*21,270,,MZ,,curved,fixed,,,,,,,34
43,H1088,623,43,PPT0003A,40,No.0 West-5,curved,13.38,18.79,251.4102,152.02528571428573,,,2019-02-24,2019-02-21,2019-04-03,platform 1,No.0 platform,20*21,270,,MZ,,curved,fixed,,,,,,,19
44,H1088,633,44,PPT1055A,76,No.10 North-10,flat,13.38,18.79,251.4102,152.02528571428573,,,2019-02-24,2019-02-21,2019-04-03,platform 1,No.10 platform,20*20,280,,RH,,,general,,,,,,,19
38,H1088,631,38,PPT0056A,54,No.0 East-12,flat,10.53,15.97,168.1641,104.54908571428572,,,2019-02-26,2019-01-24,2019-04-04,platform 1,No.0 platform,20*21,270,,QS,,flat,general,,,,,,,11
39,H1088,621,39,PPT0810A,93,No.8 South-19,flat,8.95,15.97,142.9315,95.75525714285716,,,2019-03-01,2019-01-27,2019-04-04,block assembly group,No.8 platform,20*22,350,,HL,,flat,general,,,,,,,10
10,H1087,183,10,PPT1054A,75,No.10 North-8,flat,8.82,15.798,139.33836,93.5340582857143,,,2019-03-02,2019-02-24,2019-04-12,platform 1,No.10 platform,20*20,280,,yard ZH,,,general,,,,,,,27
21,H1087,653,21,PPT1059A,80,No.10 North-18,curved,11.2,17.72,198.46399999999997,125.55382857142855,,,2019-03-02,2019-02-24,2019-04-09,platform 1,No.10 platform,20*20,280,,yard HN,,curved,fixed,,,,,,,17
32,H1087,643,32,PPT0803A,86,No.8 South-5,flat,13.412,17.72,237.66064,141.10861257142855,,,2019-03-02,2019-02-24,2019-04-06,block assembly group,No.8 platform,20*22,350,,HY,,flat,general,,,,,,,17
11,H1087,193,11,PPT1002A,60,No.10 South-3,flat,15.59,15.978,249.09702,142.38416685714284,,,2019-03-02,2019-02-24,2019-04-12,platform 1,No.10 platform,20*20,280,,yard ZH,,flat,general,,,,,,,27
20,H1087,652,20,PPT1005A,63,No.10 South-9,curved,13.412,19.5,261.534,160.03764114285715,,,2019-03-02,2019-02-24,2019-04-09,platform 1,No.10 platform,20*20,280,,RH,,curved,fixed,,,,,,,17
31,H1087,642,31,PPT0804A,87,No.8 South-7,curved,13.412,19.5,261.534,160.03764114285715,,,2019-03-02,2019-02-24,2019-04-06,block assembly group,No.8 platform,20*22,350,,XZY,,,general,,,,,,,17
2,H1087,272,2,PPT1058A,79,No.10 North-16,curved,14.4,17.28,248.83200000000002,144.55954285714287,,,2019-03-04,2019-02-26,2019-04-27,platform 1,No.10 platform,20*20,280,,yard HN,,curved,fixed,,,,,,,39
1,H1087,262,1,PPT1003A,61,No.10 South-5,flat,14.6,17.28,252.288,146.21668571428572,,,2019-03-04,2019-02-26,2019-04-27,platform 1,No.10 platform,20*20,280,,yard ZH,,,general,,,,,,,39
9,H1087,835,9,PPT1012A,70,No.10 South-23,flat,7.416,16.884,125.21174400000001,97.16186057142856,1.0,103.0,2019-03-09,2019-03-09,2019-04-12,platform 1,No.10 platform,18*20,280,,yard HN,,flat,general,,,,,,,27
8,H1087,825,8,PPT0057A,55,No.0 East-14,flat,19.167,16.931,324.51647700000007,186.86647142857146,,,2019-03-09,2019-03-09,2019-04-12,platform 1,No.0 platform,20*21,270,,QS,,flat,general,,,,,,,27
