method,block_index,position_id,delay_days,positive_delay,is_delayed
DDQN,757,PPT0811A,292,292,True
DDQN,758,PPT1057A,512,512,True
DDQN,823,PPT0809A,530,530,True
DDQN,822,BQM4810A,847,847,True
DDQN,819,BQM4503A,1254,1254,True
DDQN,881,PPT1009A,175,175,True
DDQN,856,PPT0808A,392,392,True
DDQN,810,PPT1060A,420,420,True
DDQN,809,PPT0052A,-83,0,False
DDQN,847,PPT0804A,417,417,True
DDQN,803,PPT1056A,501,501,True
DDQN,802,PPT0060A,459,459,True
DDQN,880,PPT1054A,91,91,True
DDQN,869,PPT1060A,379,379,True
DDQN,874,BQM4503A,747,747,True
DDQN,793,PPT1060A,512,512,True
DDQN,794,BQM4503A,262,262,True
DDQN,867,PPT1003A,327,327,True
DDQN,870,PPT1054A,438,438,True
DDQN,830,PPT1001A,187,187,True
DDQN,831,PPT1004A,-61,0,False
DDQN,857,PPT0807A,533,533,True
DDQN,828,PPT0861A,195,195,True
DDQN,829,PPT1060A,260,260,True
DDQN,804,PPT0810A,504,504,True
DDQN,864,BQM4202A,433,433,True
DDQN,865,PPT0057A,362,362,True
DDQN,805,PPT0059A,335,335,True
DDQN,861,PPT1057A,340,340,True
DDQN,848,PPT1057A,430,430,True
DDQN,879,PPT1007A,524,524,True
DDQN,862,BQM4853A,399,399,True
DDQN,871,BQM4803A,442,442,True
DDQN,797,PPT0056A,284,284,True
DDQN,866,PPT1056A,467,467,True
DDQN,787,BQM4503A,-63,0,False
DDQN,863,BQM4803A,232,232,True
DDQN,792,BQM4503A,1106,1106,True
DDQN,843,BQM4803A,1512,1512,True
DDQN,842,PPT1055A,271,271,True
DDQN,859,BQM4810A,415,415,True
DDQN,858,PPT0811A,408,408,True
DDQN,878,PPT0810A,113,113,True
DDQN,877,PPT0056A,402,402,True
DDQN,760,BQM4504A,287,287,True
DDQN,759,PPT0052A,318,318,True
DDQN,849,PPT1007A,232,232,True
DDQN,850,PPT0861A,509,509,True
DDQN,795,PPT1055A,284,284,True
DDQN,796,PPT0060A,292,292,True
DDQN,765,PPT0801A,297,297,True
DDQN,761,BQM4803A,1308,1308,True
DDQN,853,PPT0861A,131,131,True
DDQN,852,PPT0804A,381,381,True
DDQN,873,PPT0801A,375,375,True
DDQN,872,PPT0052A,486,486,True
DDQN,824,PPT0811A,261,261,True
DDQN,812,PPT0058A,479,479,True
DDQN,815,PPT0059A,301,301,True
DDQN,811,BQM4803A,1630,1630,True
DDQN,825,PPT1053A,475,475,True
DDQN,789,PPT1007A,519,519,True
DDQN,788,PPT1009A,274,274,True
DDQN,838,PPT1007A,483,483,True
DDQN,839,PPT0051A,411,411,True
DDQN,844,PPT1058A,-38,0,False
DDQN,777,PPT0057A,494,494,True
DDQN,771,PPT0058A,-62,0,False
DDQN,772,PPT1058A,361,361,True
DDQN,820,PPT0802A,540,540,True
DDQN,821,BQM4810A,301,301,True
DDQN,766,PPT0060A,187,187,True
DDQN,776,BQM4803A,229,229,True
DDQN,875,BQM4803A,401,401,True
DDQN,876,PPT1054A,251,251,True
DDQN,767,PPT1004A,395,395,True
DDQN,779,PPT0861A,290,290,True
DDQN,778,PPT0053A,462,462,True
DDQN,840,BQM4503A,1687,1687,True
DDQN,836,PPT0863A,336,336,True
DDQN,841,PPT0802A,387,387,True
DDQN,845,PPT1008A,466,466,True
DDQN,791,PPT1012A,279,279,True
DDQN,790,PPT1006A,239,239,True
DDQN,832,BQM4503A,1632,1632,True
DDQN,833,PPT0807A,301,301,True
DDQN,846,PPT0804A,529,529,True
DDQN,783,PPT0053A,294,294,True
DDQN,784,PPT1056A,341,341,True
DDQN,816,PPT0863A,391,391,True
DDQN,817,PPT0004A,215,215,True
DDQN,798,PPT0811A,512,512,True
DDQN,834,PPT0864A,155,155,True
DDQN,780,PPT1009A,375,375,True
DDQN,835,BQM4853A,510,510,True
DDQN,818,PPT0803A,307,307,True
DDQN,813,PPT1002A,255,255,True
DDQN,800,PPT0056A,408,408,True
DDQN,799,BQM4853A,563,563,True
DDQN,762,BQM4503A,976,976,True
DDQN,851,BQM4803A,1626,1626,True
DDQN,774,BQM4504A,366,366,True
DDQN,773,PPT0052A,376,376,True
DDQN,769,PPT0052A,408,408,True
DDQN,770,PPT0864A,503,503,True
DDQN,827,PPT0053A,511,511,True
DDQN,826,PPT1006A,152,152,True
DDQN,801,PPT0859A,402,402,True
DDQN,755,PPT0052A,282,282,True
DDQN,756,PPT1003A,188,188,True
DDQN,806,PPT1003A,479,479,True
DDQN,814,PPT0053A,435,435,True
DDQN,855,PPT0861A,392,392,True
DDQN,854,PPT0810A,339,339,True
DDQN,775,PPT0861A,207,207,True
DDQN,860,PPT1013A,521,521,True
DDQN,837,PPT1056A,268,268,True
DDQN,763,PPT1059A,323,323,True
DDQN,764,PPT1011A,493,493,True
DDQN,785,PPT1001A,467,467,True
DDQN,786,PPT1054A,462,462,True
DDQN,736,PPT1005A,225,225,True
DDQN,808,PPT1005A,207,207,True
DDQN,807,PPT1010A,311,311,True
DDQN,685,BQM4202A,167,167,True
DDQN,725,PPT0057A,335,335,True
DDQN,726,BQM4803A,923,923,True
DDQN,741,PPT0059A,50,50,True
DDQN,742,PPT0802A,163,163,True
DDQN,656,PPT0810A,381,381,True
DDQN,657,PPT0863A,430,430,True
DDQN,781,PPT0003A,301,301,True
DDQN,782,PPT1001A,358,358,True
DDQN,697,PPT1013A,443,443,True
DDQN,698,PPT0811A,377,377,True
DDQN,768,PPT1062A,-26,0,False
DDQN,671,PPT0864A,392,392,True
DDQN,746,BQM4503A,624,624,True
DDQN,678,BQM4810A,272,272,True
DDQN,666,PPT0803A,276,276,True
DDQN,667,PPT0863A,-18,0,False
DDQN,636,PPT0863A,-82,0,False
DDQN,643,PPT0052A,216,216,True
DDQN,595,PPT1001A,-81,0,False
DDQN,600,PPT0002A,349,349,True
DDQN,683,PPT0059A,69,69,True
DDQN,684,BQM4503A,499,499,True
DDQN,747,PPT0861A,248,248,True
DDQN,748,PPT1055A,311,311,True
DDQN,596,BQM4803A,98,98,True
DDQN,711,BQM4503A,1405,1405,True
DDQN,753,PPT0053A,370,370,True
DDQN,754,PPT0054A,323,323,True
DDQN,658,BQM4503A,1251,1251,True
DDQN,659,BQM4503A,1694,1694,True
DDQN,589,BQM4504A,-79,0,False
DDQN,668,PPT1011A,256,256,True
DDQN,613,PPT0810A,284,284,True
DDQN,614,PPT1055A,-81,0,False
DDQN,687,PPT0801A,210,210,True
DDQN,679,BQM4803A,467,467,True
DDQN,699,BQM4803A,1765,1765,True
DDQN,680,PPT0864A,319,319,True
DDQN,692,BQM4503A,1359,1359,True
DDQN,700,PPT1051A,222,222,True
DDQN,701,PPT0001A,-55,0,False
DDQN,686,PPT0060A,302,302,True
DDQN,615,PPT1007A,211,211,True
DDQN,727,BQM4853A,286,286,True
DDQN,728,BQM4803A,999,999,True
DDQN,745,PPT1052A,-46,0,False
DDQN,693,PPT1008A,332,332,True
DDQN,694,PPT0863A,208,208,True
DDQN,661,PPT0804A,491,491,True
DDQN,628,PPT1051A,-74,0,False
DDQN,629,PPT1003A,317,317,True
DDQN,719,PPT0001A,301,301,True
DDQN,660,BQM4810A,725,725,True
DDQN,720,BQM4803A,1088,1088,True
DDQN,650,PPT0864A,266,266,True
DDQN,651,PPT1062A,347,347,True
DDQN,712,PPT0001A,464,464,True
DDQN,730,PPT0803A,443,443,True
DDQN,729,PPT0803A,410,410,True
DDQN,713,PPT1011A,168,168,True
DDQN,731,PPT0051A,181,181,True
DDQN,705,PPT0809A,424,424,True
DDQN,706,PPT0807A,434,434,True
DDQN,707,PPT0859A,442,442,True
DDQN,708,PPT0864A,502,502,True
DDQN,695,PPT1057A,296,296,True
DDQN,696,BQM4810A,198,198,True
DDQN,703,PPT1057A,38,38,True
DDQN,749,PPT1056A,386,386,True
DDQN,750,PPT0058A,-35,0,False
DDQN,743,PPT1011A,380,380,True
DDQN,751,PPT0811A,345,345,True
DDQN,752,PPT0863A,419,419,True
DDQN,744,BQM4803A,238,238,True
DDQN,702,PPT1009A,277,277,True
DDQN,733,PPT1012A,165,165,True
DDQN,732,PPT0811A,240,240,True
DDQN,709,BQM4202A,267,267,True
DDQN,704,PPT1001A,180,180,True
DDQN,740,PPT1056A,247,247,True
DDQN,715,BQM4504A,367,367,True
DDQN,739,PPT0059A,0,0,False
DDQN,737,PPT0060A,234,234,True
DDQN,738,PPT0056A,397,397,True
DDQN,714,PPT0052A,167,167,True
DDQN,682,PPT1052A,242,242,True
DDQN,681,PPT0808A,253,253,True
DDQN,722,PPT0056A,314,314,True
DDQN,721,PPT1013A,168,168,True
DDQN,688,PPT0804A,334,334,True
DDQN,689,PPT1009A,248,248,True
DDQN,670,BQM4503A,314,314,True
DDQN,735,PPT0810A,247,247,True
DDQN,734,PPT0059A,-40,0,False
DDQN,669,PPT1010A,398,398,True
DDQN,716,BQM4503A,1607,1607,True
DDQN,710,BQM4503A,745,745,True
DDQN,665,PPT0053A,208,208,True
DDQN,664,PPT1059A,216,216,True
DDQN,723,PPT1061A,240,240,True
DDQN,724,PPT0057A,371,371,True
DDQN,690,PPT1013A,415,415,True
DDQN,691,PPT0003A,223,223,True
DDQN,717,PPT1002A,393,393,True
DDQN,718,PPT0055A,245,245,True
DDQN,672,PPT1061A,387,387,True
DDQN,673,PPT0857A,285,285,True
DDQN,674,PPT0859A,314,314,True
DDQN,675,PPT1053A,465,465,True
DDQN,481,PPT0807A,431,431,True
DDQN,480,BQM4810A,552,552,True
DDQN,676,BQM4803A,309,309,True
DDQN,677,BQM4803A,590,590,True
DDQN,639,PPT0060A,357,357,True
DDQN,640,PPT1062A,264,264,True
DDQN,637,BQM4853A,191,191,True
DDQN,638,PPT0809A,248,248,True
DDQN,616,PPT0059A,-50,0,False
DDQN,617,PPT0809A,376,376,True
DDQN,585,BQM4803A,638,638,True
DDQN,586,BQM4503A,1075,1075,True
DDQN,641,BQM4202A,-57,0,False
DDQN,642,PPT0001A,334,334,True
DDQN,630,PPT0804A,402,402,True
DDQN,631,PPT1007A,316,316,True
DDQN,632,BQM4810A,396,396,True
DDQN,633,BQM4810A,452,452,True
DDQN,529,BQM4853A,786,786,True
DDQN,590,PPT1060A,320,320,True
DDQN,591,PPT1060A,203,203,True
DDQN,557,PPT1011A,275,275,True
DDQN,558,PPT1010A,204,204,True
DDQN,559,PPT0058A,86,86,True
DDQN,560,PPT0001A,364,364,True
DDQN,574,PPT0004A,284,284,True
DDQN,587,PPT1062A,378,378,True
DDQN,588,PPT1062A,356,356,True
DDQN,618,PPT1054A,-48,0,False
DDQN,619,PPT1052A,312,312,True
DDQN,605,PPT0059A,397,397,True
DDQN,606,PPT1053A,375,375,True
DDQN,644,PPT0802A,366,366,True
DDQN,645,PPT0861A,411,411,True
DDQN,562,PPT0861A,-65,0,False
DDQN,563,PPT1060A,76,76,True
DDQN,646,PPT0004A,273,273,True
DDQN,647,PPT0057A,216,216,True
DDQN,564,BQM4803A,578,578,True
DDQN,565,BQM4853A,567,567,True
DDQN,652,BQM4503A,112,112,True
DDQN,653,PPT0804A,256,256,True
DDQN,634,PPT0811A,382,382,True
DDQN,635,PPT0051A,456,456,True
DDQN,620,PPT1060A,111,111,True
DDQN,621,BQM4803A,135,135,True
DDQN,607,PPT0001A,189,189,True
DDQN,608,PPT0863A,-52,0,False
DDQN,601,BQM4853A,220,220,True
DDQN,602,PPT0060A,443,443,True
DDQN,603,PPT1054A,236,236,True
DDQN,604,PPT1011A,315,315,True
DDQN,581,PPT0058A,263,263,True
DDQN,582,PPT0808A,323,323,True
DDQN,579,PPT1011A,374,374,True
DDQN,580,PPT1056A,301,301,True
DDQN,535,PPT0052A,397,397,True
DDQN,534,PPT0811A,381,381,True
DDQN,648,PPT1001A,389,389,True
DDQN,649,PPT0056A,192,192,True
DDQN,597,BQM4503A,415,415,True
DDQN,543,PPT1061A,-67,0,False
DDQN,599,PPT0863A,154,154,True
DDQN,542,PPT0861A,241,241,True
DDQN,598,PPT0801A,428,428,True
DDQN,662,PPT1002A,237,237,True
DDQN,663,PPT1053A,350,350,True
DDQN,494,PPT0058A,149,149,True
DDQN,493,PPT1058A,229,229,True
DDQN,654,PPT0864A,288,288,True
DDQN,655,PPT1006A,-33,0,False
DDQN,538,PPT0804A,153,153,True
DDQN,539,BQM4503A,1385,1385,True
DDQN,497,PPT0002A,351,351,True
DDQN,496,PPT1053A,251,251,True
DDQN,548,PPT1001A,414,414,True
DDQN,549,PPT0803A,61,61,True
DDQN,609,PPT0803A,314,314,True
DDQN,610,PPT0857A,192,192,True
DDQN,611,PPT0859A,252,252,True
DDQN,612,PPT0060A,329,329,True
DDQN,622,PPT0859A,199,199,True
DDQN,623,PPT0861A,183,183,True
DDQN,624,BQM4803A,619,619,True
DDQN,625,BQM4803A,71,71,True
DDQN,501,PPT1007A,225,225,True
DDQN,500,PPT1012A,406,406,True
DDQN,526,PPT0001A,186,186,True
DDQN,567,PPT1062A,442,442,True
DDQN,423,PPT1053A,89,89,True
DDQN,528,PPT0052A,153,153,True
DDQN,570,BQM4803A,-45,0,False
DDQN,571,PPT1061A,247,247,True
DDQN,568,PPT0060A,-45,0,False
DDQN,569,PPT0802A,416,416,True
DDQN,550,BQM4202A,192,192,True
DDQN,561,BQM4803A,1652,1652,True
DDQN,592,PPT1051A,210,210,True
DDQN,575,PPT1009A,431,431,True
DDQN,576,PPT1001A,342,342,True
DDQN,502,PPT1051A,277,277,True
DDQN,420,PPT0809A,151,151,True
DDQN,419,PPT0861A,314,314,True
DDQN,627,PPT0058A,148,148,True
DDQN,626,PPT1054A,285,285,True
DDQN,523,PPT1057A,-48,0,False
DDQN,522,PPT1054A,156,156,True
DDQN,566,BQM4803A,1078,1078,True
DDQN,424,PPT1061A,345,345,True
DDQN,438,BQM4803A,1110,1110,True
DDQN,467,BQM4803A,1665,1665,True
DDQN,593,BQM4810A,286,286,True
DDQN,594,PPT0056A,454,454,True
DDQN,584,PPT1013A,350,350,True
DDQN,418,PPT1062A,245,245,True
DDQN,545,PPT0803A,91,91,True
DDQN,541,PPT1055A,214,214,True
DDQN,583,PPT0055A,191,191,True
DDQN,536,PPT1055A,365,365,True
DDQN,537,PPT0051A,328,328,True
DDQN,509,PPT0859A,356,356,True
DDQN,510,PPT1004A,268,268,True
DDQN,531,PPT1009A,154,154,True
DDQN,530,PPT1053A,188,188,True
DDQN,553,PPT0808A,426,426,True
DDQN,554,PPT0059A,186,186,True
DDQN,483,PPT1062A,-54,0,False
DDQN,482,BQM4504A,164,164,True
DDQN,516,PPT1061A,151,151,True
DDQN,517,BQM4803A,454,454,True
DDQN,470,PPT0002A,237,237,True
DDQN,469,PPT1057A,160,160,True
DDQN,572,BQM4503A,1763,1763,True
DDQN,460,PPT0801A,360,360,True
DDQN,459,PPT1007A,339,339,True
DDQN,555,PPT0807A,189,189,True
DDQN,503,PPT1062A,390,390,True
DDQN,468,PPT0059A,293,293,True
DDQN,556,PPT1059A,280,280,True
DDQN,513,PPT1054A,185,185,True
DDQN,514,PPT0801A,191,191,True
DDQN,511,PPT0054A,225,225,True
DDQN,512,PPT0053A,222,222,True
DDQN,573,PPT1057A,316,316,True
DDQN,461,PPT1012A,140,140,True
DDQN,525,PPT0060A,394,394,True
DDQN,524,PPT0803A,18,18,True
DDQN,406,BQM4803A,452,452,True
DDQN,452,PPT1057A,192,192,True
DDQN,462,PPT0060A,206,206,True
DDQN,450,BQM4503A,1705,1705,True
DDQN,578,PPT1009A,107,107,True
DDQN,577,BQM4202A,97,97,True
DDQN,532,PPT0001A,220,220,True
DDQN,533,PPT0059A,-35,0,False
DDQN,504,PPT1057A,33,33,True
DDQN,505,PPT0001A,372,372,True
DDQN,451,PPT1002A,295,295,True
DDQN,446,BQM4810A,475,475,True
DDQN,520,PPT1005A,90,90,True
DDQN,519,PPT0057A,118,118,True
DDQN,551,PPT0051A,257,257,True
DDQN,552,PPT1062A,-10,0,False
DDQN,449,PPT1012A,248,248,True
DDQN,544,PPT1053A,337,337,True
DDQN,447,PPT1057A,336,336,True
DDQN,445,BQM4803A,1178,1178,True
DDQN,521,PPT0058A,402,402,True
DDQN,506,PPT1011A,234,234,True
DDQN,507,PPT0002A,173,173,True
DDQN,540,BQM4504A,382,382,True
DDQN,518,PPT1003A,85,85,True
DDQN,546,PPT1011A,393,393,True
DDQN,547,PPT0858A,79,79,True
DDQN,448,PPT0858A,123,123,True
DDQN,463,PPT1008A,370,370,True
DDQN,433,PPT1013A,118,118,True
DDQN,432,PPT0803A,96,96,True
DDQN,453,PPT0807A,333,333,True
DDQN,484,PPT0055A,-47,0,False
DDQN,485,PPT1056A,195,195,True
DDQN,472,PPT0801A,267,267,True
DDQN,471,PPT1002A,48,48,True
DDQN,476,PPT0864A,386,386,True
DDQN,477,PPT1060A,213,213,True
DDQN,454,BQM4810A,806,806,True
DDQN,498,PPT1054A,232,232,True
DDQN,455,PPT0861A,412,412,True
DDQN,499,PPT0810A,-36,0,False
DDQN,377,BQM4803A,680,680,True
DDQN,436,BQM4803A,374,374,True
DDQN,402,PPT1003A,108,108,True
DDQN,489,PPT1009A,65,65,True
DDQN,495,PPT0810A,270,270,True
DDQN,456,PPT0861A,292,292,True
DDQN,478,PPT1001A,165,165,True
DDQN,479,PPT0861A,254,254,True
DDQN,490,PPT0859A,327,327,True
DDQN,473,PPT0051A,154,154,True
DDQN,474,PPT1061A,248,248,True
DDQN,486,PPT0804A,392,392,True
DDQN,441,PPT0808A,123,123,True
DDQN,442,PPT0801A,110,110,True
DDQN,439,BQM4810A,438,438,True
DDQN,440,BQM4810A,592,592,True
DDQN,408,BQM4803A,1288,1288,True
DDQN,434,BQM4810A,314,314,True
DDQN,407,BQM4503A,277,277,True
DDQN,427,PPT0052A,13,13,True
DDQN,426,PPT1004A,64,64,True
DDQN,425,PPT1012A,99,99,True
DDQN,430,PPT1006A,94,94,True
DDQN,431,PPT1054A,274,274,True
DDQN,428,BQM4202A,247,247,True
DDQN,429,PPT0057A,134,134,True
DDQN,437,PPT1055A,258,258,True
DDQN,465,PPT0809A,276,276,True
DDQN,464,PPT1012A,358,358,True
DDQN,444,PPT0859A,392,392,True
DDQN,435,PPT1013A,51,51,True
DDQN,492,PPT1004A,59,59,True
DDQN,491,PPT0810A,288,288,True
DDQN,458,PPT1012A,374,374,True
DDQN,457,BQM4202A,127,127,True
DDQN,515,PPT1004A,287,287,True
DDQN,475,PPT1052A,155,155,True
DDQN,443,PPT0803A,-32,0,False
DDQN,488,BQM4810A,266,266,True
DDQN,487,PPT0058A,267,267,True
DDQN,508,PPT0001A,281,281,True
DDQN,466,PPT0055A,229,229,True
DDQN,415,PPT0809A,234,234,True
DDQN,414,BQM4503A,561,561,True
DDQN,390,BQM4202A,189,189,True
DDQN,378,PPT0052A,19,19,True
DDQN,379,BQM4803A,1513,1513,True
DDQN,403,BQM4853A,576,576,True
DDQN,330,PPT0811A,17,17,True
DDQN,413,PPT0804A,209,209,True
DDQN,373,BQM4803A,-55,0,False
DDQN,412,PPT1057A,-20,0,False
DDQN,417,PPT1055A,359,359,True
DDQN,411,PPT0803A,148,148,True
DDQN,416,PPT0803A,296,296,True
DDQN,353,BQM4803A,607,607,True
DDQN,351,BQM4803A,1411,1411,True
DDQN,381,PPT1057A,216,216,True
DDQN,380,PPT1009A,288,288,True
DDQN,398,BQM4503A,471,471,True
DDQN,422,PPT0861A,-31,0,False
DDQN,421,PPT1006A,209,209,True
DDQN,410,PPT1012A,-32,0,False
DDQN,409,PPT0811A,101,101,True
DDQN,357,BQM4803A,1299,1299,True
DDQN,392,PPT0804A,65,65,True
DDQN,391,PPT0051A,34,34,True
DDQN,324,BQM4803A,890,890,True
DDQN,325,BQM4803A,689,689,True
DDQN,394,BQM4853A,294,294,True
DDQN,393,PPT0801A,381,381,True
DDQN,372,PPT0863A,139,139,True
DDQN,395,PPT1004A,112,112,True
DDQN,360,BQM4503A,169,169,True
DDQN,400,PPT0859A,199,199,True
DDQN,399,PPT1002A,312,312,True
DDQN,385,PPT1006A,-31,0,False
DDQN,363,PPT1012A,-35,0,False
DDQN,361,PPT0801A,248,248,True
DDQN,374,PPT0801A,288,288,True
DDQN,375,PPT1057A,336,336,True
DDQN,387,PPT0001A,84,84,True
DDQN,401,PPT1009A,-29,0,False
DDQN,356,PPT0056A,328,328,True
DDQN,354,PPT1055A,184,184,True
DDQN,355,PPT0002A,331,331,True
DDQN,405,BQM4503A,44,44,True
DDQN,376,PPT0857A,202,202,True
DDQN,404,BQM4503A,-28,0,False
DDQN,388,PPT1053A,108,108,True
DDQN,389,PPT1008A,124,124,True
DDQN,362,PPT1004A,125,125,True
DDQN,369,PPT0053A,-39,0,False
DDQN,370,PPT1061A,258,258,True
DDQN,358,PPT0054A,129,129,True
DDQN,364,BQM4810A,460,460,True
DDQN,396,PPT0056A,-32,0,False
DDQN,397,PPT0808A,385,385,True
DDQN,365,PPT0807A,191,191,True
DDQN,340,PPT0858A,23,23,True
DDQN,339,BQM4504A,335,335,True
DDQN,349,PPT1052A,182,182,True
DDQN,350,PPT0052A,-60,0,False
DDQN,382,BQM4202A,326,326,True
DDQN,383,PPT0803A,101,101,True
DDQN,386,BQM4503A,154,154,True
DDQN,384,PPT1061A,151,151,True
DDQN,341,PPT0863A,345,345,True
DDQN,368,BQM4504A,190,190,True
DDQN,333,BQM4503A,-45,0,False
DDQN,336,PPT0807A,139,139,True
DDQN,371,PPT0863A,268,268,True
DDQN,359,PPT1056A,305,305,True
DDQN,342,PPT1013A,185,185,True
DDQN,343,PPT0803A,-39,0,False
DDQN,344,PPT0864A,-47,0,False
DDQN,345,PPT1053A,327,327,True
DDQN,307,PPT0058A,104,104,True
DDQN,308,PPT0058A,234,234,True
DDQN,346,BQM4503A,356,356,True
DDQN,347,BQM4503A,339,339,True
DDQN,366,PPT0810A,101,101,True
DDQN,367,PPT0055A,145,145,True
DDQN,326,PPT1053A,302,302,True
DDQN,327,PPT1060A,311,311,True
DDQN,279,BQM4803A,996,996,True
DDQN,280,BQM4503A,47,47,True
DDQN,213,BQM4503A,1305,1305,True
DDQN,214,BQM4853A,265,265,True
DDQN,348,PPT0059A,202,202,True
DDQN,281,PPT0056A,-54,0,False
DDQN,282,PPT1054A,257,257,True
DDQN,283,PPT1001A,210,210,True
DDQN,284,PPT1004A,264,264,True
DDQN,221,PPT0051A,39,39,True
DDQN,222,PPT1010A,162,162,True
DDQN,223,BQM4810A,63,63,True
DDQN,224,PPT0807A,52,52,True
DDQN,229,PPT1060A,-65,0,False
DDQN,230,BQM4810A,293,293,True
DDQN,231,BQM4503A,388,388,True
DDQN,232,BQM4853A,543,543,True
DDQN,332,BQM4803A,1670,1670,True
DDQN,352,PPT1007A,77,77,True
DDQN,317,PPT1012A,229,229,True
DDQN,318,PPT0864A,89,89,True
DDQN,319,PPT1056A,250,250,True
DDQN,320,PPT1003A,274,274,True
DDQN,311,PPT0053A,189,189,True
DDQN,312,PPT1012A,246,246,True
DDQN,305,PPT1062A,89,89,True
DDQN,306,PPT1008A,125,125,True
DDQN,255,PPT0051A,128,128,True
DDQN,256,PPT0802A,207,207,True
DDQN,253,PPT1008A,151,151,True
DDQN,254,PPT0808A,277,277,True
DDQN,200,BQM4503A,1503,1503,True
DDQN,329,PPT1002A,332,332,True
DDQN,328,PPT1010A,311,311,True
DDQN,338,PPT1011A,67,67,True
DDQN,337,BQM4504A,306,306,True
DDQN,270,PPT0058A,-46,0,False
DDQN,310,PPT1011A,-41,0,False
DDQN,309,PPT1003A,327,327,True
DDQN,335,PPT1002A,-42,0,False
DDQN,334,PPT1007A,123,123,True
DDQN,257,PPT1009A,220,220,True
DDQN,258,PPT0809A,141,141,True
DDQN,268,PPT1059A,120,120,True
DDQN,292,BQM4503A,1415,1415,True
DDQN,313,PPT1005A,-37,0,False
DDQN,314,PPT1001A,171,171,True
DDQN,267,PPT1054A,5,5,True
DDQN,251,BQM4503A,617,617,True
DDQN,252,BQM4503A,1371,1371,True
DDQN,227,PPT1013A,122,122,True
DDQN,228,BQM4202A,236,236,True
DDQN,225,PPT0811A,-61,0,False
DDQN,226,PPT0002A,-61,0,False
DDQN,248,PPT1002A,285,285,True
DDQN,243,PPT1010A,146,146,True
DDQN,244,PPT1056A,163,163,True
DDQN,266,PPT1010A,64,64,True
DDQN,265,BQM4803A,541,541,True
DDQN,271,PPT0052A,327,327,True
DDQN,272,PPT0001A,174,174,True
DDQN,273,PPT0058A,39,39,True
DDQN,274,PPT0002A,7,7,True
DDQN,288,BQM4503A,854,854,True
DDQN,287,PPT0804A,-2,0,False
DDQN,241,PPT1051A,-41,0,False
DDQN,297,PPT1011A,247,247,True
DDQN,298,PPT0002A,109,109,True
DDQN,299,PPT1013A,-38,0,False
DDQN,300,PPT0808A,310,310,True
DDQN,289,PPT0861A,-31,0,False
DDQN,233,PPT0057A,254,254,True
DDQN,234,PPT0802A,-48,0,False
DDQN,235,PPT0864A,223,223,True
DDQN,236,PPT0810A,219,219,True
DDQN,205,PPT0055A,116,116,True
DDQN,206,PPT1062A,262,262,True
DDQN,301,PPT0802A,-13,0,False
DDQN,302,PPT0057A,53,53,True
DDQN,303,BQM4503A,1194,1194,True
DDQN,304,BQM4853A,442,442,True
DDQN,285,PPT0051A,267,267,True
DDQN,237,BQM4503A,642,642,True
DDQN,238,BQM4503A,822,822,True
DDQN,215,PPT1004A,-56,0,False
DDQN,216,PPT1055A,-56,0,False
DDQN,296,PPT0807A,192,192,True
DDQN,295,PPT1006A,91,91,True
DDQN,180,BQM4803A,684,684,True
DDQN,181,BQM4503A,749,749,True
DDQN,275,PPT0804A,80,80,True
DDQN,276,PPT1053A,46,46,True
DDQN,277,PPT0858A,-40,0,False
DDQN,278,PPT0802A,124,124,True
DDQN,260,PPT0802A,62,62,True
DDQN,259,BQM4803A,266,266,True
DDQN,152,PPT0002A,19,19,True
DDQN,153,PPT0804A,-70,0,False
DDQN,154,PPT1002A,-19,0,False
DDQN,155,PPT1011A,38,38,True
DDQN,219,PPT1002A,142,142,True
DDQN,220,PPT0058A,232,232,True
DDQN,217,PPT0803A,308,308,True
DDQN,218,PPT0808A,64,64,True
DDQN,184,PPT1012A,114,114,True
DDQN,185,PPT0058A,182,182,True
DDQN,186,BQM4202A,40,40,True
DDQN,187,BQM4853A,-59,0,False
DDQN,250,PPT0002A,126,126,True
DDQN,249,BQM4810A,692,692,True
DDQN,198,BQM4503A,1000,1000,True
DDQN,199,BQM4803A,714,714,True
DDQN,162,PPT1008A,208,208,True
DDQN,163,PPT0053A,223,223,True
DDQN,164,BQM4803A,1168,1168,True
DDQN,165,BQM4803A,873,873,True
DDQN,246,PPT1001A,102,102,True
DDQN,247,PPT0802A,146,146,True
DDQN,207,PPT1053A,180,180,True
DDQN,208,PPT1001A,120,120,True
DDQN,209,PPT0059A,232,232,True
DDQN,210,PPT0802A,22,22,True
DDQN,203,PPT1012A,103,103,True
DDQN,204,PPT1010A,176,176,True
DDQN,201,PPT1060A,-18,0,False
DDQN,202,PPT1001A,-52,0,False
DDQN,290,PPT0051A,96,96,True
DDQN,291,PPT0002A,336,336,True
DDQN,176,PPT1056A,101,101,True
DDQN,177,PPT0052A,224,224,True
DDQN,286,PPT1005A,-26,0,False
DDQN,172,PPT1060A,76,76,True
DDQN,173,PPT1053A,-58,0,False
DDQN,188,BQM4803A,1492,1492,True
DDQN,269,PPT0002A,-15,0,False
DDQN,322,PPT1052A,62,62,True
DDQN,321,PPT0863A,-21,0,False
DDQN,331,PPT0054A,90,90,True
DDQN,294,PPT1002A,-1,0,False
DDQN,239,PPT0060A,-34,0,False
DDQN,240,PPT0810A,264,264,True
DDQN,316,PPT1003A,102,102,True
DDQN,315,PPT1053A,145,145,True
DDQN,323,PPT0051A,-21,0,False
DDQN,293,PPT1002A,86,86,True
DDQN,170,PPT0802A,62,62,True
DDQN,171,PPT0051A,147,147,True
DDQN,245,BQM4503A,5,5,True
DDQN,263,PPT1004A,300,300,True
DDQN,264,BQM4202A,-30,0,False
DDQN,261,PPT1003A,-30,0,False
DDQN,262,PPT1002A,36,36,True
DDQN,211,BQM4803A,194,194,True
DDQN,212,PPT1004A,310,310,True
DDQN,242,PPT1001A,46,46,True
DDQN,139,PPT0051A,251,251,True
DDQN,140,BQM4503A,1547,1547,True
DDQN,150,PPT1062A,59,59,True
DDQN,151,PPT1051A,103,103,True
DDQN,148,PPT1011A,-63,0,False
DDQN,149,PPT0002A,141,141,True
DDQN,146,PPT0059A,260,260,True
DDQN,147,PPT1003A,189,189,True
DDQN,182,PPT0859A,164,164,True
DDQN,183,PPT1010A,290,290,True
DDQN,178,PPT0857A,60,60,True
DDQN,179,PPT1008A,75,75,True
DDQN,156,PPT1055A,-11,0,False
DDQN,145,PPT1013A,146,146,True
DDQN,157,BQM4803A,774,774,True
DDQN,189,PPT0051A,79,79,True
DDQN,190,PPT0863A,190,190,True
DDQN,191,PPT1054A,-39,0,False
DDQN,192,PPT1008A,38,38,True
DDQN,193,PPT1012A,-39,0,False
DDQN,194,PPT1055A,200,200,True
DDQN,195,PPT0804A,229,229,True
DDQN,196,BQM4853A,585,585,True
DDQN,197,BQM4503A,1328,1328,True
DDQN,166,PPT0001A,189,189,True
DDQN,167,PPT0864A,66,66,True
DDQN,135,PPT1054A,267,267,True
DDQN,136,BQM4504A,207,207,True
DDQN,133,PPT0863A,-48,0,False
DDQN,134,PPT0863A,120,120,True
DDQN,161,BQM4503A,533,533,True
DDQN,169,PPT1005A,142,142,True
DDQN,132,PPT0057A,-50,0,False
DDQN,131,PPT1007A,-51,0,False
DDQN,168,PPT0810A,85,85,True
DDQN,129,PPT0058A,67,67,True
DDQN,130,PPT1013A,31,31,True
DDQN,174,PPT0803A,186,186,True
DDQN,175,PPT0002A,270,270,True
DDQN,120,PPT0807A,162,162,True
DDQN,119,BQM4503A,930,930,True
DDQN,107,PPT1009A,224,224,True
DDQN,106,PPT0858A,75,75,True
DDQN,117,PPT0809A,162,162,True
DDQN,118,BQM4503A,1629,1629,True
DDQN,143,PPT0057A,64,64,True
DDQN,144,PPT1055A,-45,0,False
DDQN,158,PPT0864A,171,171,True
DDQN,159,PPT1055A,277,277,True
DDQN,114,PPT0808A,190,190,True
DDQN,99,PPT1010A,149,149,True
DDQN,123,PPT0802A,233,233,True
DDQN,124,PPT1006A,-44,0,False
DDQN,121,PPT0058A,-44,0,False
DDQN,122,PPT1008A,268,268,True
DDQN,160,BQM4853A,124,124,True
DDQN,35,BQM4503A,618,618,True
DDQN,141,PPT1057A,242,242,True
DDQN,127,PPT1053A,65,65,True
DDQN,128,PPT0801A,-46,0,False
DDQN,125,PPT0863A,219,219,True
DDQN,126,PPT0057A,77,77,True
DDQN,137,PPT1008A,89,89,True
DDQN,138,PPT1008A,175,175,True
DDQN,90,PPT1005A,87,87,True
DDQN,91,PPT0001A,-52,0,False
DDQN,142,PPT0004A,-34,0,False
DDQN,82,BQM4503A,598,598,True
DDQN,83,BQM4503A,184,184,True
DDQN,84,PPT1005A,41,41,True
DDQN,85,PPT1006A,40,40,True
DDQN,115,PPT0857A,-41,0,False
DDQN,94,PPT0857A,38,38,True
DDQN,116,PPT1009A,105,105,True
DDQN,93,BQM4202A,246,246,True
DDQN,80,BQM4853A,563,563,True
DDQN,102,PPT1010A,72,72,True
DDQN,103,PPT0808A,83,83,True
DDQN,104,PPT0060A,122,122,True
DDQN,105,PPT0808A,-44,0,False
DDQN,7,BQM4803A,-2,0,False
DDQN,33,PPT1060A,173,173,True
DDQN,34,BQM4803A,1242,1242,True
DDQN,40,PPT1061A,94,94,True
DDQN,41,PPT1004A,-66,0,False
DDQN,88,BQM4853A,-39,0,False
DDQN,89,BQM4810A,-39,0,False
DDQN,86,BQM4810A,481,481,True
DDQN,87,BQM4853A,416,416,True
DDQN,49,PPT0056A,-57,0,False
DDQN,54,BQM4853A,249,249,True
DDQN,79,PPT1010A,-39,0,False
DDQN,50,BQM4504A,-53,0,False
DDQN,36,BQM4803A,972,972,True
DDQN,37,BQM4503A,1059,1059,True
DDQN,81,PPT1060A,-46,0,False
DDQN,67,PPT0858A,-9,0,False
DDQN,66,BQM4202A,118,118,True
DDQN,59,PPT0055A,92,92,True
DDQN,60,PPT1052A,56,56,True
DDQN,64,PPT0004A,35,35,True
DDQN,63,PPT0003A,114,114,True
DDQN,70,PPT1061A,-48,0,False
DDQN,71,PPT0802A,177,177,True
DDQN,68,PPT1052A,-48,0,False
DDQN,69,PPT0809A,216,216,True
DDQN,97,PPT1004A,175,175,True
DDQN,98,PPT1009A,-34,0,False
DDQN,95,PPT1060A,79,79,True
DDQN,96,PPT0002A,-34,0,False
DDQN,57,BQM4853A,496,496,True
DDQN,73,PPT0060A,-38,0,False
DDQN,74,PPT1007A,143,143,True
DDQN,110,PPT1008A,-24,0,False
DDQN,111,PPT0056A,199,199,True
DDQN,108,PPT1012A,192,192,True
DDQN,109,PPT0807A,-24,0,False
DDQN,112,PPT1007A,108,108,True
DDQN,113,PPT1013A,54,54,True
DDQN,100,PPT1061A,241,241,True
DDQN,101,PPT1002A,118,118,True
DDQN,45,PPT1013A,125,125,True
DDQN,42,PPT0809A,-50,0,False
DDQN,77,PPT1057A,-35,0,False
DDQN,78,PPT0859A,18,18,True
DDQN,72,PPT0057A,165,165,True
DDQN,58,PPT0004A,-47,0,False
DDQN,22,PPT0004A,-25,0,False
DDQN,23,PPT0054A,-51,0,False
DDQN,62,PPT1005A,-40,0,False
DDQN,76,PPT0056A,58,58,True
DDQN,61,PPT0003A,19,19,True
DDQN,75,PPT0864A,205,205,True
DDQN,48,PPT0864A,-39,0,False
DDQN,13,PPT1062A,-50,0,False
DDQN,14,BQM4853A,298,298,True
DDQN,46,BQM4803A,1087,1087,True
DDQN,47,PPT1006A,72,72,True
DDQN,25,PPT1051A,23,23,True
DDQN,24,PPT1051A,-49,0,False
DDQN,6,PPT0858A,-12,0,False
DDQN,5,PPT0858A,64,64,True
DDQN,56,PPT1058A,-11,0,False
DDQN,55,PPT0055A,-34,0,False
DDQN,12,PPT0059A,-50,0,False
DDQN,4,PPT1004A,16,16,True
DDQN,29,PPT1056A,-48,0,False
DDQN,30,PPT1058A,-48,0,False
DDQN,26,PPT0053A,-48,0,False
DDQN,27,PPT0857A,-48,0,False
DDQN,51,PPT1004A,197,197,True
DDQN,53,BQM4503A,792,792,True
DDQN,52,PPT0859A,-36,0,False
DDQN,19,PPT0053A,55,55,True
DDQN,18,PPT0003A,59,59,True
DDQN,43,PPT0003A,-38,0,False
DDQN,44,PPT1055A,152,152,True
DDQN,38,PPT0056A,192,192,True
DDQN,39,PPT0810A,-34,0,False
DDQN,10,PPT1054A,78,78,True
DDQN,21,PPT1059A,-38,0,False
DDQN,32,PPT0803A,79,79,True
DDQN,11,PPT1002A,24,24,True
DDQN,20,PPT1005A,-7,0,False
DDQN,31,PPT0804A,5,5,True
DDQN,2,PPT1058A,-18,0,False
DDQN,1,PPT1003A,30,30,True
DDQN,9,PPT1012A,89,89,True
DDQN,8,PPT0057A,178,178,True
EDDQN,757,PPT0811A,-32,0,False
EDDQN,758,PPT0053A,-125,0,False
EDDQN,823,PPT0801A,-79,0,False
EDDQN,822,BQM4810A,-79,0,False
EDDQN,819,BQM4803A,-85,0,False
EDDQN,881,PPT0052A,-46,0,False
EDDQN,856,PPT0058A,-58,0,False
EDDQN,810,PPT1003A,-92,0,False
EDDQN,809,PPT1001A,-92,0,False
EDDQN,847,PPT0001A,-19,0,False
EDDQN,803,PPT0861A,-92,0,False
EDDQN,802,PPT1010A,-38,0,False
EDDQN,880,PPT0054A,-39,0,False
EDDQN,869,PPT0059A,-62,0,False
EDDQN,874,BQM4503A,-50,0,False
EDDQN,793,PPT1001A,-55,0,False
EDDQN,794,BQM4803A,24,24,True
EDDQN,867,PPT1053A,-30,0,False
EDDQN,870,PPT0807A,-63,0,False
EDDQN,830,PPT1062A,-41,0,False
EDDQN,831,PPT0058A,-36,0,False
EDDQN,857,PPT0056A,-39,0,False
EDDQN,828,PPT1057A,-38,0,False
EDDQN,829,PPT0802A,-77,0,False
EDDQN,804,PPT0808A,-75,0,False
EDDQN,864,PPT1053A,-54,0,False
EDDQN,865,PPT1057A,-54,0,False
EDDQN,805,PPT1004A,-13,0,False
EDDQN,861,PPT1062A,-62,0,False
EDDQN,848,PPT1056A,-21,0,False
EDDQN,879,BQM4202A,-38,0,False
EDDQN,862,BQM4853A,-18,0,False
EDDQN,871,BQM4853A,-45,0,False
EDDQN,797,PPT0052A,-2,0,False
EDDQN,866,PPT0863A,-58,0,False
EDDQN,787,BQM4503A,64,64,True
EDDQN,863,PPT0052A,-39,0,False
EDDQN,792,BQM4803A,-15,0,False
EDDQN,843,BQM4503A,18,18,True
EDDQN,842,PPT1008A,-55,0,False
EDDQN,859,PPT0059A,-32,0,False
EDDQN,858,BQM4202A,-24,0,False
EDDQN,878,PPT1009A,-41,0,False
EDDQN,877,PPT1055A,-41,0,False
EDDQN,760,PPT1008A,39,39,True
EDDQN,759,PPT0861A,-35,0,False
EDDQN,849,PPT1012A,-32,0,False
EDDQN,850,PPT1010A,-52,0,False
EDDQN,795,PPT1002A,0,0,False
EDDQN,796,PPT1009A,73,73,True
EDDQN,765,BQM4504A,16,16,True
EDDQN,761,BQM4503A,87,87,True
EDDQN,853,PPT0055A,-49,0,False
EDDQN,852,PPT0809A,-49,0,False
EDDQN,873,PPT1009A,-25,0,False
EDDQN,872,PPT1012A,-46,0,False
EDDQN,824,PPT0060A,-54,0,False
EDDQN,812,PPT0859A,-48,0,False
EDDQN,815,BQM4504A,3,3,True
EDDQN,811,BQM4503A,34,34,True
EDDQN,825,PPT1009A,32,32,True
EDDQN,789,PPT1004A,22,22,True
EDDQN,788,PPT0001A,15,15,True
EDDQN,838,PPT0864A,-48,0,False
EDDQN,839,PPT0001A,10,10,True
EDDQN,844,PPT0004A,-38,0,False
EDDQN,777,PPT0002A,-33,0,False
EDDQN,771,PPT1061A,-69,0,False
EDDQN,772,PPT0858A,-69,0,False
EDDQN,820,PPT0811A,-42,0,False
EDDQN,821,PPT0051A,-41,0,False
EDDQN,766,PPT0863A,-63,0,False
EDDQN,776,PPT0864A,-20,0,False
EDDQN,875,PPT0001A,-28,0,False
EDDQN,876,PPT1056A,-28,0,False
EDDQN,767,PPT1056A,-17,0,False
EDDQN,779,BQM4202A,-23,0,False
EDDQN,778,PPT0808A,-11,0,False
EDDQN,840,BQM4503A,-10,0,False
EDDQN,836,BQM4504A,-36,0,False
EDDQN,841,PPT1004A,-35,0,False
EDDQN,845,PPT1009A,-15,0,False
EDDQN,791,PPT0808A,-37,0,False
EDDQN,790,PPT1006A,-43,0,False
EDDQN,832,BQM4803A,-30,0,False
EDDQN,833,PPT1060A,-41,0,False
EDDQN,846,PPT1055A,-33,0,False
EDDQN,783,PPT0801A,-49,0,False
EDDQN,784,PPT0002A,-52,0,False
EDDQN,816,PPT1002A,-15,0,False
EDDQN,817,PPT0055A,-41,0,False
EDDQN,798,PPT1009A,-1,0,False
EDDQN,834,PPT0803A,-31,0,False
EDDQN,780,PPT1008A,5,5,True
EDDQN,835,BQM4853A,30,30,True
EDDQN,818,PPT1008A,-9,0,False
EDDQN,813,PPT0864A,-35,0,False
EDDQN,800,PPT0052A,-30,0,False
EDDQN,799,BQM4810A,-36,0,False
EDDQN,762,BQM4803A,53,53,True
EDDQN,851,BQM4503A,-24,0,False
EDDQN,774,PPT1002A,13,13,True
EDDQN,773,PPT0002A,-2,0,False
EDDQN,769,PPT0052A,33,33,True
EDDQN,770,PPT0861A,-55,0,False
EDDQN,827,PPT0859A,-21,0,False
EDDQN,826,PPT1059A,-29,0,False
EDDQN,801,PPT0059A,-21,0,False
EDDQN,755,PPT0802A,-56,0,False
EDDQN,756,PPT1060A,-50,0,False
EDDQN,806,PPT1009A,44,44,True
EDDQN,814,PPT0057A,-10,0,False
EDDQN,855,PPT0057A,-25,0,False
EDDQN,854,PPT1002A,-25,0,False
EDDQN,775,PPT0804A,-36,0,False
EDDQN,860,PPT1008A,-21,0,False
EDDQN,837,BQM4504A,-15,0,False
EDDQN,763,PPT1006A,-21,0,False
EDDQN,764,PPT1011A,-55,0,False
EDDQN,785,PPT0864A,40,40,True
EDDQN,786,PPT0864A,12,12,True
EDDQN,736,PPT1051A,-47,0,False
EDDQN,808,PPT1051A,-34,0,False
EDDQN,807,PPT1009A,94,94,True
EDDQN,685,PPT1008A,70,70,True
EDDQN,725,PPT0060A,-65,0,False
EDDQN,726,BQM4503A,187,187,True
EDDQN,741,PPT0058A,-33,0,False
EDDQN,742,PPT1057A,-54,0,False
EDDQN,656,PPT0804A,-18,0,False
EDDQN,657,PPT0051A,65,65,True
EDDQN,781,PPT1005A,-40,0,False
EDDQN,782,PPT1054A,-40,0,False
EDDQN,697,PPT0052A,25,25,True
EDDQN,698,PPT0809A,-80,0,False
EDDQN,768,PPT1007A,-28,0,False
EDDQN,671,PPT1009A,62,62,True
EDDQN,746,BQM4503A,128,128,True
EDDQN,678,PPT0804A,-45,0,False
EDDQN,666,PPT1053A,-44,0,False
EDDQN,667,PPT0811A,-3,0,False
EDDQN,636,PPT1007A,31,31,True
EDDQN,643,PPT0807A,38,38,True
EDDQN,595,PPT1062A,-38,0,False
EDDQN,600,PPT1004A,13,13,True
EDDQN,683,PPT0859A,-25,0,False
EDDQN,684,BQM4503A,266,266,True
EDDQN,747,PPT0810A,-48,0,False
EDDQN,748,PPT1007A,-24,0,False
EDDQN,596,PPT0859A,19,19,True
EDDQN,711,BQM4803A,97,97,True
EDDQN,753,PPT0861A,10,10,True
EDDQN,754,PPT0003A,-46,0,False
EDDQN,658,BQM4803A,206,206,True
EDDQN,659,BQM4803A,237,237,True
EDDQN,589,PPT0801A,-37,0,False
EDDQN,668,PPT1054A,-6,0,False
EDDQN,613,PPT0051A,82,82,True
EDDQN,614,PPT0804A,54,54,True
EDDQN,687,PPT0803A,-5,0,False
EDDQN,679,PPT0807A,17,17,True
EDDQN,699,BQM4803A,127,127,True
EDDQN,680,PPT0802A,-11,0,False
EDDQN,692,BQM4803A,163,163,True
EDDQN,700,PPT0857A,-60,0,False
EDDQN,701,PPT1053A,-60,0,False
EDDQN,686,PPT1013A,-65,0,False
EDDQN,615,PPT0859A,63,63,True
EDDQN,727,BQM4853A,9,9,True
EDDQN,728,BQM4803A,66,66,True
EDDQN,745,PPT1058A,-48,0,False
EDDQN,693,PPT1011A,-28,0,False
EDDQN,694,PPT0051A,41,41,True
EDDQN,661,PPT0807A,-36,0,False
EDDQN,628,PPT1051A,-51,0,False
EDDQN,629,PPT1012A,13,13,True
EDDQN,719,PPT0863A,-54,0,False
EDDQN,660,BQM4810A,-61,0,False
EDDQN,720,BQM4503A,153,153,True
EDDQN,650,PPT0059A,17,17,True
EDDQN,651,PPT1056A,-14,0,False
EDDQN,712,PPT0056A,-54,0,False
EDDQN,730,PPT0803A,-56,0,False
EDDQN,729,PPT0807A,-56,0,False
EDDQN,713,PPT0810A,-16,0,False
EDDQN,731,PPT0051A,-47,0,False
EDDQN,705,PPT0002A,2,2,True
EDDQN,706,PPT0051A,-24,0,False
EDDQN,707,PPT0802A,-26,0,False
EDDQN,708,PPT0803A,-25,0,False
EDDQN,695,PPT1008A,88,88,True
EDDQN,696,PPT0052A,37,37,True
EDDQN,703,BQM4504A,35,35,True
EDDQN,749,PPT0801A,-42,0,False
EDDQN,750,PPT0802A,-34,0,False
EDDQN,743,PPT0801A,-30,0,False
EDDQN,751,PPT0810A,-25,0,False
EDDQN,752,PPT1010A,-32,0,False
EDDQN,744,PPT1056A,-10,0,False
EDDQN,702,PPT0861A,27,27,True
EDDQN,733,PPT1054A,-30,0,False
EDDQN,732,PPT1007A,-6,0,False
EDDQN,709,PPT1059A,-50,0,False
EDDQN,704,PPT0057A,-40,0,False
EDDQN,740,PPT1011A,-44,0,False
EDDQN,715,PPT1062A,-48,0,False
EDDQN,739,PPT1057A,-23,0,False
EDDQN,737,PPT1010A,-22,0,False
EDDQN,738,PPT1007A,18,18,True
EDDQN,714,BQM4202A,-23,0,False
EDDQN,682,PPT1059A,-35,0,False
EDDQN,681,PPT1055A,-60,0,False
EDDQN,722,PPT0059A,-27,0,False
EDDQN,721,PPT0859A,-40,0,False
EDDQN,688,PPT1060A,-55,0,False
EDDQN,689,PPT1001A,-64,0,False
EDDQN,670,PPT0811A,35,35,True
EDDQN,735,PPT1004A,13,13,True
EDDQN,734,PPT0051A,4,4,True
EDDQN,669,PPT0059A,-16,0,False
EDDQN,716,BQM4503A,225,225,True
EDDQN,710,BQM4503A,249,249,True
EDDQN,665,PPT0057A,-31,0,False
EDDQN,664,PPT0055A,-38,0,False
EDDQN,723,PPT0051A,22,22,True
EDDQN,724,PPT0056A,-15,0,False
EDDQN,690,PPT1013A,-33,0,False
EDDQN,691,PPT1052A,-45,0,False
EDDQN,717,PPT1007A,33,33,True
EDDQN,718,PPT0055A,-44,0,False
EDDQN,672,PPT0859A,10,10,True
EDDQN,673,PPT0004A,-55,0,False
EDDQN,674,PPT0863A,-39,0,False
EDDQN,675,PPT0861A,48,48,True
EDDQN,481,PPT0861A,89,89,True
EDDQN,480,BQM4810A,-54,0,False
EDDQN,676,BQM4503A,301,301,True
EDDQN,677,BQM4803A,191,191,True
EDDQN,639,PPT1012A,-21,0,False
EDDQN,640,PPT0801A,8,8,True
EDDQN,637,PPT0055A,-10,0,False
EDDQN,638,PPT0053A,-59,0,False
EDDQN,616,PPT1057A,-36,0,False
EDDQN,617,PPT0060A,-59,0,False
EDDQN,585,BQM4503A,347,347,True
EDDQN,586,BQM4803A,283,283,True
EDDQN,641,PPT0861A,70,70,True
EDDQN,642,PPT0801A,62,62,True
EDDQN,630,PPT1009A,82,82,True
EDDQN,631,PPT1056A,4,4,True
EDDQN,632,PPT1053A,-18,0,False
EDDQN,633,PPT0804A,23,23,True
EDDQN,529,BQM4853A,1,1,True
EDDQN,590,PPT1010A,10,10,True
EDDQN,591,PPT1057A,-25,0,False
EDDQN,557,PPT0807A,58,58,True
EDDQN,558,PPT1057A,-15,0,False
EDDQN,559,PPT0056A,34,34,True
EDDQN,560,PPT0864A,47,47,True
EDDQN,574,PPT1052A,-19,0,False
EDDQN,587,PPT1001A,-31,0,False
EDDQN,588,PPT1001A,-10,0,False
EDDQN,618,PPT0052A,61,61,True
EDDQN,619,PPT1052A,-39,0,False
EDDQN,605,PPT1009A,113,113,True
EDDQN,606,PPT1056A,35,35,True
EDDQN,644,BQM4202A,-14,0,False
EDDQN,645,PPT1054A,7,7,True
EDDQN,562,PPT1007A,37,37,True
EDDQN,563,BQM4504A,96,96,True
EDDQN,646,PPT1059A,-12,0,False
EDDQN,647,PPT0052A,41,41,True
EDDQN,564,BQM4503A,384,384,True
EDDQN,565,BQM4853A,41,41,True
EDDQN,652,PPT0057A,4,4,True
EDDQN,653,PPT0056A,-10,0,False
EDDQN,634,PPT0810A,1,1,True
EDDQN,635,PPT0808A,-33,0,False
EDDQN,620,PPT1012A,47,47,True
EDDQN,621,PPT1061A,-51,0,False
EDDQN,607,PPT1012A,60,60,True
EDDQN,608,PPT1053A,7,7,True
EDDQN,601,PPT0004A,-53,0,False
EDDQN,602,PPT1001A,-54,0,False
EDDQN,603,PPT1010A,-14,0,False
EDDQN,604,PPT1004A,47,47,True
EDDQN,581,PPT1012A,63,63,True
EDDQN,582,PPT1011A,-29,0,False
EDDQN,579,BQM4504A,66,66,True
EDDQN,580,PPT0057A,-2,0,False
EDDQN,535,PPT0861A,60,60,True
EDDQN,534,PPT0859A,66,66,True
EDDQN,648,PPT1013A,-26,0,False
EDDQN,649,PPT0864A,14,14,True
EDDQN,597,BQM4803A,255,255,True
EDDQN,543,PPT1054A,39,39,True
EDDQN,599,PPT0801A,36,36,True
EDDQN,542,PPT1001A,25,25,True
EDDQN,598,PPT0056A,-4,0,False
EDDQN,662,PPT1012A,-39,0,False
EDDQN,663,PPT0861A,58,58,True
EDDQN,494,PPT0058A,19,19,True
EDDQN,493,PPT0858A,-55,0,False
EDDQN,654,PPT1010A,-26,0,False
EDDQN,655,PPT1005A,-38,0,False
EDDQN,538,PPT1058A,-67,0,False
EDDQN,539,BQM4803A,314,314,True
EDDQN,497,PPT1003A,-20,0,False
EDDQN,496,PPT0058A,-15,0,False
EDDQN,548,PPT1057A,17,17,True
EDDQN,549,PPT1011A,-8,0,False
EDDQN,609,PPT0809A,-13,0,False
EDDQN,610,PPT0858A,-42,0,False
EDDQN,611,PPT0807A,53,53,True
EDDQN,612,PPT0051A,101,101,True
EDDQN,622,PPT0053A,-27,0,False
EDDQN,623,PPT0804A,0,0,False
EDDQN,624,BQM4503A,306,306,True
EDDQN,625,BQM4503A,329,329,True
EDDQN,501,PPT0002A,-31,0,False
EDDQN,500,PPT1060A,-12,0,False
EDDQN,526,PPT1054A,3,3,True
EDDQN,567,BQM4504A,30,30,True
EDDQN,423,PPT0807A,64,64,True
EDDQN,528,PPT1056A,43,43,True
EDDQN,570,PPT1010A,23,23,True
EDDQN,571,PPT1001A,4,4,True
EDDQN,568,PPT0864A,19,19,True
EDDQN,569,PPT0001A,-38,0,False
EDDQN,550,PPT1060A,-55,0,False
EDDQN,561,BQM4803A,294,294,True
EDDQN,592,PPT1006A,-55,0,False
EDDQN,575,PPT0058A,-43,0,False
EDDQN,576,PPT0056A,9,9,True
EDDQN,502,PPT1058A,-38,0,False
EDDQN,420,PPT0809A,4,4,True
EDDQN,419,PPT0002A,42,42,True
EDDQN,627,PPT1013A,-12,0,False
EDDQN,626,PPT1003A,-34,0,False
EDDQN,523,PPT1009A,116,116,True
EDDQN,522,PPT0057A,18,18,True
EDDQN,566,BQM4503A,362,362,True
EDDQN,424,PPT0057A,88,88,True
EDDQN,438,BQM4503A,415,415,True
EDDQN,467,BQM4803A,369,369,True
EDDQN,593,PPT0809A,-30,0,False
EDDQN,594,PPT0803A,3,3,True
EDDQN,584,PPT0058A,-22,0,False
EDDQN,418,PPT1062A,-7,0,False
EDDQN,545,PPT0802A,-5,0,False
EDDQN,541,PPT1060A,-33,0,False
EDDQN,583,PPT0004A,-33,0,False
EDDQN,536,PPT1002A,-38,0,False
EDDQN,537,PPT0809A,-16,0,False
EDDQN,509,PPT0859A,93,93,True
EDDQN,510,PPT1056A,69,69,True
EDDQN,531,PPT1013A,-19,0,False
EDDQN,530,PPT1003A,-41,0,False
EDDQN,553,PPT0051A,98,98,True
EDDQN,554,PPT0001A,-18,0,False
EDDQN,483,PPT0002A,0,0,False
EDDQN,482,PPT0801A,38,38,True
EDDQN,516,PPT0057A,47,47,True
EDDQN,517,BQM4803A,339,339,True
EDDQN,470,PPT1056A,106,106,True
EDDQN,469,PPT0057A,66,66,True
EDDQN,572,BQM4503A,405,405,True
EDDQN,460,PPT0863A,-59,0,False
EDDQN,459,PPT1013A,39,39,True
EDDQN,555,PPT1057A,2,2,True
EDDQN,503,PPT1057A,39,39,True
EDDQN,468,PPT0059A,-8,0,False
EDDQN,556,PPT1052A,10,10,True
EDDQN,513,BQM4202A,-6,0,False
EDDQN,514,PPT0053A,-38,0,False
EDDQN,511,PPT1006A,-47,0,False
EDDQN,512,PPT1007A,43,43,True
EDDQN,573,PPT0802A,-15,0,False
EDDQN,461,PPT0811A,22,22,True
EDDQN,525,BQM4504A,115,115,True
EDDQN,524,PPT0864A,54,54,True
EDDQN,406,BQM4803A,478,478,True
EDDQN,452,PPT1055A,-12,0,False
EDDQN,462,BQM4504A,122,122,True
EDDQN,450,BQM4503A,444,444,True
EDDQN,578,BQM4202A,-17,0,False
EDDQN,577,PPT0803A,4,4,True
EDDQN,532,PPT1053A,-3,0,False
EDDQN,533,PPT0810A,-4,0,False
EDDQN,504,PPT1004A,59,59,True
EDDQN,505,PPT0804A,44,44,True
EDDQN,451,PPT0053A,-6,0,False
EDDQN,446,BQM4803A,400,400,True
EDDQN,520,PPT1052A,14,14,True
EDDQN,519,PPT1055A,-47,0,False
EDDQN,551,BQM4504A,107,107,True
EDDQN,552,PPT1004A,51,51,True
EDDQN,449,PPT0060A,-27,0,False
EDDQN,544,BQM4202A,-10,0,False
EDDQN,447,PPT1055A,10,10,True
EDDQN,445,BQM4503A,472,472,True
EDDQN,521,PPT0060A,-44,0,False
EDDQN,506,PPT1013A,4,4,True
EDDQN,507,PPT1056A,92,92,True
EDDQN,540,PPT0809A,12,12,True
EDDQN,518,PPT1010A,36,36,True
EDDQN,546,PPT1012A,81,81,True
EDDQN,547,BQM4853A,51,51,True
EDDQN,448,PPT0003A,-53,0,False
EDDQN,463,PPT0801A,68,68,True
EDDQN,433,PPT0802A,44,44,True
EDDQN,432,PPT1060A,47,47,True
EDDQN,453,PPT0802A,6,6,True
EDDQN,484,PPT0004A,-47,0,False
EDDQN,485,PPT1060A,36,36,True
EDDQN,472,PPT1056A,131,131,True
EDDQN,471,PPT1008A,45,45,True
EDDQN,476,PPT0056A,30,30,True
EDDQN,477,PPT0060A,-4,0,False
EDDQN,454,BQM4810A,-11,0,False
EDDQN,498,PPT1013A,26,26,True
EDDQN,455,PPT0808A,-47,0,False
EDDQN,499,PPT1055A,-32,0,False
EDDQN,377,BQM4503A,519,519,True
EDDQN,436,BQM4803A,431,431,True
EDDQN,402,PPT0810A,-20,0,False
EDDQN,489,PPT1062A,-19,0,False
EDDQN,495,PPT0058A,55,55,True
EDDQN,456,PPT1002A,-25,0,False
EDDQN,478,BQM4504A,150,150,True
EDDQN,479,PPT1061A,-45,0,False
EDDQN,490,PPT1062A,-39,0,False
EDDQN,473,PPT1057A,57,57,True
EDDQN,474,PPT0051A,95,95,True
EDDQN,486,PPT0002A,29,29,True
EDDQN,441,PPT0059A,27,27,True
EDDQN,442,PPT0060A,11,11,True
EDDQN,439,BQM4810A,46,46,True
EDDQN,440,BQM4810A,13,13,True
EDDQN,408,BQM4503A,486,486,True
EDDQN,434,PPT0056A,43,43,True
EDDQN,407,BQM4803A,443,443,True
EDDQN,427,PPT1012A,95,95,True
EDDQN,426,PPT0809A,54,54,True
EDDQN,425,PPT0053A,29,29,True
EDDQN,430,PPT1051A,-51,0,False
EDDQN,431,PPT1054A,36,36,True
EDDQN,428,PPT0809A,36,36,True
EDDQN,429,PPT1012A,119,119,True
EDDQN,437,PPT1002A,24,24,True
EDDQN,465,PPT1011A,0,0,False
EDDQN,464,BQM4202A,-1,0,False
EDDQN,444,PPT1002A,-6,0,False
EDDQN,435,PPT1062A,34,34,True
EDDQN,492,PPT1060A,16,16,True
EDDQN,491,PPT1012A,86,86,True
EDDQN,458,PPT0802A,29,29,True
EDDQN,457,PPT1059A,-33,0,False
EDDQN,515,PPT0001A,-13,0,False
EDDQN,475,PPT0858A,-27,0,False
EDDQN,443,PPT1008A,69,69,True
EDDQN,488,PPT0053A,24,24,True
EDDQN,487,PPT1053A,3,3,True
EDDQN,508,PPT0053A,-20,0,False
EDDQN,466,PPT1058A,-22,0,False
EDDQN,415,PPT0801A,82,82,True
EDDQN,414,BQM4810A,67,67,True
EDDQN,390,PPT0056A,46,46,True
EDDQN,378,PPT1003A,-29,0,False
EDDQN,379,BQM4803A,523,523,True
EDDQN,403,BQM4853A,32,32,True
EDDQN,330,PPT0804A,39,39,True
EDDQN,413,PPT1013A,52,52,True
EDDQN,373,PPT0060A,70,70,True
EDDQN,412,PPT0054A,-46,0,False
EDDQN,417,PPT0811A,30,30,True
EDDQN,411,PPT0001A,-27,0,False
EDDQN,416,PPT1008A,88,88,True
EDDQN,353,BQM4803A,640,640,True
EDDQN,351,BQM4803A,557,557,True
EDDQN,381,PPT1057A,52,52,True
EDDQN,380,PPT0060A,32,32,True
EDDQN,398,BQM4503A,564,564,True
EDDQN,422,PPT1013A,79,79,True
EDDQN,421,PPT0857A,-37,0,False
EDDQN,410,PPT0052A,25,25,True
EDDQN,409,PPT0060A,25,25,True
EDDQN,357,BQM4803A,599,599,True
EDDQN,392,PPT0803A,-44,0,False
EDDQN,391,PPT0863A,-49,0,False
EDDQN,324,BQM4803A,730,730,True
EDDQN,325,BQM4503A,560,560,True
EDDQN,394,BQM4853A,55,55,True
EDDQN,393,PPT0802A,52,52,True
EDDQN,372,PPT0808A,-38,0,False
EDDQN,395,PPT0859A,73,73,True
EDDQN,360,BQM4810A,88,88,True
EDDQN,400,PPT0808A,-55,0,False
EDDQN,399,PPT0861A,96,96,True
EDDQN,385,PPT1060A,54,54,True
EDDQN,363,PPT0809A,58,58,True
EDDQN,361,PPT0059A,57,57,True
EDDQN,374,PPT0804A,16,16,True
EDDQN,375,PPT0808A,-11,0,False
EDDQN,387,PPT1054A,28,28,True
EDDQN,401,PPT1057A,41,41,True
EDDQN,356,PPT0863A,-12,0,False
EDDQN,354,PPT0057A,65,65,True
EDDQN,355,PPT0810A,11,11,True
EDDQN,405,PPT1009A,98,98,True
EDDQN,376,PPT1059A,-44,0,False
EDDQN,404,PPT0861A,119,119,True
EDDQN,388,PPT0059A,46,46,True
EDDQN,389,PPT0863A,-22,0,False
EDDQN,362,PPT1055A,-9,0,False
EDDQN,369,PPT0053A,18,18,True
EDDQN,370,PPT1004A,30,30,True
EDDQN,358,PPT0054A,-51,0,False
EDDQN,364,BQM4810A,62,62,True
EDDQN,396,PPT1061A,-38,0,False
EDDQN,397,PPT0809A,48,48,True
EDDQN,365,PPT0808A,12,12,True
EDDQN,340,PPT0857A,-57,0,False
EDDQN,339,PPT1003A,-11,0,False
EDDQN,349,PPT1005A,-64,0,False
EDDQN,350,PPT0803A,-45,0,False
EDDQN,382,PPT1060A,82,82,True
EDDQN,383,PPT1056A,125,125,True
EDDQN,386,PPT0059A,22,22,True
EDDQN,384,PPT1013A,75,75,True
EDDQN,341,PPT0810A,-8,0,False
EDDQN,368,PPT0060A,98,98,True
EDDQN,333,PPT1057A,62,62,True
EDDQN,336,PPT1012A,104,104,True
EDDQN,371,BQM4202A,-31,0,False
EDDQN,359,PPT0809A,84,84,True
EDDQN,342,PPT0807A,42,42,True
EDDQN,343,PPT0001A,-49,0,False
EDDQN,344,PPT1010A,-15,0,False
EDDQN,345,PPT1012A,89,89,True
EDDQN,307,PPT0052A,9,9,True
EDDQN,308,PPT0058A,9,9,True
EDDQN,346,BQM4803A,701,701,True
EDDQN,347,BQM4803A,717,717,True
EDDQN,366,PPT1061A,-31,0,False
EDDQN,367,PPT1059A,-28,0,False
EDDQN,326,PPT1061A,31,31,True
EDDQN,327,PPT1013A,85,85,True
EDDQN,279,BQM4503A,603,603,True
EDDQN,280,BQM4803A,810,810,True
EDDQN,213,BQM4503A,658,658,True
EDDQN,214,BQM4853A,99,99,True
EDDQN,348,PPT1061A,-21,0,False
EDDQN,281,PPT1004A,56,56,True
EDDQN,282,PPT1003A,4,4,True
EDDQN,283,PPT1062A,13,13,True
EDDQN,284,PPT1002A,5,5,True
EDDQN,221,PPT1055A,5,5,True
EDDQN,222,PPT0056A,26,26,True
EDDQN,223,PPT0055A,-11,0,False
EDDQN,224,BQM4504A,74,74,True
EDDQN,229,PPT1010A,10,10,True
EDDQN,230,PPT0810A,32,32,True
EDDQN,231,BQM4803A,899,899,True
EDDQN,232,BQM4853A,80,80,True
EDDQN,332,BQM4803A,671,671,True
EDDQN,352,PPT0863A,18,18,True
EDDQN,317,PPT1008A,55,55,True
EDDQN,318,PPT1007A,-21,0,False
EDDQN,319,PPT0060A,100,100,True
EDDQN,320,PPT1002A,-6,0,False
EDDQN,311,PPT0861A,90,90,True
EDDQN,312,PPT1054A,16,16,True
EDDQN,305,PPT0810A,31,31,True
EDDQN,306,PPT0059A,80,80,True
EDDQN,255,PPT0053A,23,23,True
EDDQN,256,PPT1060A,83,83,True
EDDQN,253,PPT1055A,-13,0,False
EDDQN,254,PPT1062A,30,30,True
EDDQN,200,BQM4803A,921,921,True
EDDQN,329,PPT1013A,71,71,True
EDDQN,328,PPT0002A,21,21,True
EDDQN,338,PPT0802A,43,43,True
EDDQN,337,PPT1010A,-7,0,False
EDDQN,270,PPT0057A,70,70,True
EDDQN,310,PPT1061A,-6,0,False
EDDQN,309,PPT1061A,14,14,True
EDDQN,335,PPT0052A,-3,0,False
EDDQN,334,PPT0058A,-3,0,False
EDDQN,257,PPT0859A,65,65,True
EDDQN,258,PPT1003A,13,13,True
EDDQN,268,PPT1005A,-47,0,False
EDDQN,292,BQM4803A,756,756,True
EDDQN,313,PPT0003A,-37,0,False
EDDQN,314,PPT0053A,20,20,True
EDDQN,267,PPT0802A,48,48,True
EDDQN,251,BQM4503A,621,621,True
EDDQN,252,BQM4803A,859,859,True
EDDQN,227,PPT0804A,48,48,True
EDDQN,228,PPT1008A,86,86,True
EDDQN,225,BQM4202A,-21,0,False
EDDQN,226,PPT0803A,-24,0,False
EDDQN,248,PPT0864A,-25,0,False
EDDQN,243,PPT0808A,25,25,True
EDDQN,244,PPT0807A,70,70,True
EDDQN,266,PPT0801A,44,44,True
EDDQN,265,BQM4803A,830,830,True
EDDQN,271,PPT1007A,-14,0,False
EDDQN,272,PPT0811A,13,13,True
EDDQN,273,PPT1001A,-16,0,False
EDDQN,274,PPT1054A,37,37,True
EDDQN,288,BQM4803A,782,782,True
EDDQN,287,PPT0811A,-6,0,False
EDDQN,241,PPT1059A,-37,0,False
EDDQN,297,PPT0807A,67,67,True
EDDQN,298,PPT1004A,41,41,True
EDDQN,299,PPT1061A,71,71,True
EDDQN,300,PPT0809A,108,108,True
EDDQN,289,PPT1001A,-35,0,False
EDDQN,233,PPT1001A,-5,0,False
EDDQN,234,PPT0811A,24,24,True
EDDQN,235,PPT1004A,69,69,True
EDDQN,236,BQM4810A,147,147,True
EDDQN,205,PPT1052A,-64,0,False
EDDQN,206,PPT1011A,29,29,True
EDDQN,301,PPT0809A,91,91,True
EDDQN,302,PPT0859A,63,63,True
EDDQN,303,BQM4503A,584,584,True
EDDQN,304,BQM4853A,45,45,True
EDDQN,285,PPT1061A,44,44,True
EDDQN,237,BQM4503A,645,645,True
EDDQN,238,BQM4803A,883,883,True
EDDQN,215,PPT1003A,39,39,True
EDDQN,216,PPT1055A,21,21,True
EDDQN,296,PPT0807A,47,47,True
EDDQN,295,PPT1051A,-55,0,False
EDDQN,180,BQM4803A,1018,1018,True
EDDQN,181,BQM4503A,737,737,True
EDDQN,275,PPT1054A,21,21,True
EDDQN,276,PPT0864A,5,5,True
EDDQN,277,PPT0858A,-45,0,False
EDDQN,278,PPT1011A,-26,0,False
EDDQN,260,PPT0001A,-36,0,False
EDDQN,259,BQM4853A,61,61,True
EDDQN,152,PPT1061A,107,107,True
EDDQN,153,PPT1054A,44,44,True
EDDQN,154,PPT0059A,53,53,True
EDDQN,155,PPT0060A,75,75,True
EDDQN,219,PPT0808A,-7,0,False
EDDQN,220,PPT0056A,48,48,True
EDDQN,217,PPT0001A,-21,0,False
EDDQN,218,BQM4504A,96,96,True
EDDQN,184,PPT1010A,15,15,True
EDDQN,185,PPT1061A,97,97,True
EDDQN,186,PPT0864A,0,0,False
EDDQN,187,PPT0857A,-37,0,False
EDDQN,250,PPT0055A,-28,0,False
EDDQN,249,BQM4810A,127,127,True
EDDQN,198,BQM4503A,683,683,True
EDDQN,199,BQM4803A,957,957,True
EDDQN,162,PPT1010A,28,28,True
EDDQN,163,PPT0811A,16,16,True
EDDQN,164,BQM4503A,749,749,True
EDDQN,165,BQM4803A,1058,1058,True
EDDQN,246,PPT1011A,-55,0,False
EDDQN,247,BQM4810A,93,93,True
EDDQN,207,PPT1061A,85,85,True
EDDQN,208,PPT1007A,-11,0,False
EDDQN,209,PPT1053A,-28,0,False
EDDQN,210,PPT1003A,20,20,True
EDDQN,203,PPT0051A,26,26,True
EDDQN,204,PPT1003A,48,48,True
EDDQN,201,PPT1003A,61,61,True
EDDQN,202,PPT0804A,70,70,True
EDDQN,290,PPT0059A,64,64,True
EDDQN,291,PPT0810A,15,15,True
EDDQN,176,PPT1054A,28,28,True
EDDQN,177,PPT1011A,35,35,True
EDDQN,286,PPT0055A,-53,0,False
EDDQN,172,PPT0056A,99,99,True
EDDQN,173,PPT0051A,31,31,True
EDDQN,188,BQM4803A,989,989,True
EDDQN,269,PPT0058A,19,19,True
EDDQN,322,PPT0857A,-25,0,False
EDDQN,321,PPT1062A,0,0,False
EDDQN,331,PPT1006A,-20,0,False
EDDQN,294,BQM4202A,-26,0,False
EDDQN,239,PPT0802A,71,71,True
EDDQN,240,PPT1008A,58,58,True
EDDQN,316,PPT1004A,24,24,True
EDDQN,315,PPT1010A,4,4,True
EDDQN,323,PPT0051A,36,36,True
EDDQN,293,PPT1060A,69,69,True
EDDQN,170,PPT1062A,46,46,True
EDDQN,171,PPT0056A,65,65,True
EDDQN,245,PPT1011A,-12,0,False
EDDQN,263,PPT1062A,53,53,True
EDDQN,264,PPT1061A,80,80,True
EDDQN,261,PPT1053A,-33,0,False
EDDQN,262,PPT0803A,-33,0,False
EDDQN,211,PPT0801A,63,63,True
EDDQN,212,PPT0001A,11,11,True
EDDQN,242,PPT0863A,14,14,True
EDDQN,139,PPT1010A,43,43,True
EDDQN,140,BQM4503A,764,764,True
EDDQN,150,PPT1012A,82,82,True
EDDQN,151,PPT0857A,-31,0,False
EDDQN,148,PPT0811A,32,32,True
EDDQN,149,PPT0053A,34,34,True
EDDQN,146,PPT0808A,46,46,True
EDDQN,147,PPT1001A,-21,0,False
EDDQN,182,PPT1008A,101,101,True
EDDQN,183,PPT0863A,41,41,True
EDDQN,178,PPT1051A,-47,0,False
EDDQN,179,PPT1055A,40,40,True
EDDQN,156,PPT1002A,-7,0,False
EDDQN,145,PPT0051A,48,48,True
EDDQN,157,BQM4803A,1080,1080,True
EDDQN,189,PPT0053A,22,22,True
EDDQN,190,PPT1055A,26,26,True
EDDQN,191,PPT1004A,69,69,True
EDDQN,192,PPT0863A,26,26,True
EDDQN,193,BQM4202A,-2,0,False
EDDQN,194,PPT1011A,5,5,True
EDDQN,195,PPT1009A,45,45,True
EDDQN,196,BQM4853A,121,121,True
EDDQN,197,BQM4503A,714,714,True
EDDQN,166,PPT1007A,-9,0,False
EDDQN,167,PPT0002A,-7,0,False
EDDQN,135,PPT0810A,21,21,True
EDDQN,136,BQM4202A,1,1,True
EDDQN,133,PPT0054A,-56,0,False
EDDQN,134,PPT0808A,10,10,True
EDDQN,161,BQM4803A,1032,1032,True
EDDQN,169,PPT1051A,-43,0,False
EDDQN,132,PPT1061A,122,122,True
EDDQN,131,PPT0060A,89,89,True
EDDQN,168,PPT0803A,-10,0,False
EDDQN,129,PPT0811A,59,59,True
EDDQN,130,PPT1054A,85,85,True
EDDQN,174,PPT0804A,79,79,True
EDDQN,175,PPT0058A,18,18,True
EDDQN,120,PPT0803A,14,14,True
EDDQN,119,BQM4803A,1096,1096,True
EDDQN,107,PPT1053A,-31,0,False
EDDQN,106,PPT0003A,-38,0,False
EDDQN,117,PPT0803A,47,47,True
EDDQN,118,BQM4503A,787,787,True
EDDQN,143,PPT1010A,73,73,True
EDDQN,144,PPT0803A,-4,0,False
EDDQN,158,PPT1013A,51,51,True
EDDQN,159,PPT1054A,64,64,True
EDDQN,114,PPT1011A,33,33,True
EDDQN,99,PPT0058A,2,2,True
EDDQN,123,PPT1008A,98,98,True
EDDQN,124,PPT0003A,-50,0,False
EDDQN,121,PPT0059A,65,65,True
EDDQN,122,PPT0002A,11,11,True
EDDQN,160,BQM4853A,127,127,True
EDDQN,35,BQM4503A,903,903,True
EDDQN,141,PPT1054A,76,76,True
EDDQN,127,PPT1007A,3,3,True
EDDQN,128,PPT1056A,58,58,True
EDDQN,125,PPT0809A,69,69,True
EDDQN,126,PPT0804A,72,72,True
EDDQN,137,PPT1012A,110,110,True
EDDQN,138,PPT1053A,-37,0,False
EDDQN,90,PPT0003A,-2,0,False
EDDQN,91,PPT0054A,-39,0,False
EDDQN,142,PPT1058A,-67,0,False
EDDQN,82,BQM4503A,845,845,True
EDDQN,83,BQM4503A,809,809,True
EDDQN,84,PPT0857A,9,9,True
EDDQN,85,PPT0054A,-13,0,False
EDDQN,115,PPT1005A,-47,0,False
EDDQN,94,PPT0003A,25,25,True
EDDQN,116,PPT1003A,41,41,True
EDDQN,93,PPT0804A,100,100,True
EDDQN,80,BQM4853A,128,128,True
EDDQN,102,PPT1001A,-12,0,False
EDDQN,103,PPT0863A,21,21,True
EDDQN,104,PPT0864A,-19,0,False
EDDQN,105,PPT0807A,53,53,True
EDDQN,7,BQM4503A,1049,1049,True
EDDQN,33,PPT1007A,7,7,True
EDDQN,34,BQM4503A,1002,1002,True
EDDQN,40,PPT0057A,2,2,True
EDDQN,41,PPT1002A,-3,0,False
EDDQN,88,PPT0858A,-42,0,False
EDDQN,89,PPT0857A,-21,0,False
EDDQN,86,BQM4810A,108,108,True
EDDQN,87,BQM4810A,143,143,True
EDDQN,49,PPT0001A,-43,0,False
EDDQN,54,BQM4853A,181,181,True
EDDQN,79,PPT1006A,-40,0,False
EDDQN,50,PPT0810A,16,16,True
EDDQN,36,BQM4503A,864,864,True
EDDQN,37,BQM4503A,968,968,True
EDDQN,81,BQM4202A,18,18,True
EDDQN,67,PPT1058A,-31,0,False
EDDQN,66,PPT1001A,12,12,True
EDDQN,59,PPT1005A,-15,0,False
EDDQN,60,PPT1005A,-46,0,False
EDDQN,64,PPT0055A,-48,0,False
EDDQN,63,PPT0858A,-17,0,False
EDDQN,70,BQM4202A,39,39,True
EDDQN,71,PPT1007A,-5,0,False
EDDQN,68,PPT1051A,-54,0,False
EDDQN,69,PPT1056A,50,50,True
EDDQN,97,PPT0052A,-8,0,False
EDDQN,98,PPT0053A,39,39,True
EDDQN,95,PPT1058A,-37,0,False
EDDQN,96,BQM4202A,9,9,True
EDDQN,57,BQM4853A,155,155,True
EDDQN,73,PPT0807A,60,60,True
EDDQN,74,PPT1053A,-13,0,False
EDDQN,110,PPT0804A,82,82,True
EDDQN,111,PPT1062A,64,64,True
EDDQN,108,PPT1013A,46,46,True
EDDQN,109,PPT0807A,32,32,True
EDDQN,112,PPT1062A,49,49,True
EDDQN,113,PPT1011A,61,61,True
EDDQN,100,PPT0052A,-29,0,False
EDDQN,101,PPT1001A,4,4,True
EDDQN,45,PPT1009A,-1,0,False
EDDQN,42,PPT1058A,-18,0,False
EDDQN,77,PPT0058A,33,33,True
EDDQN,78,PPT1055A,8,8,True
EDDQN,72,PPT0861A,24,24,True
EDDQN,58,PPT1006A,16,16,True
EDDQN,22,PPT0858A,-3,0,False
EDDQN,23,PPT1052A,-58,0,False
EDDQN,62,PPT1005A,14,14,True
EDDQN,76,PPT1002A,-11,0,False
EDDQN,61,PPT0054A,9,9,True
EDDQN,75,PPT1003A,43,43,True
EDDQN,48,PPT1051A,-33,0,False
EDDQN,13,PPT0801A,-3,0,False
EDDQN,14,BQM4853A,199,199,True
EDDQN,46,BQM4503A,1040,1040,True
EDDQN,47,PPT0004A,-51,0,False
EDDQN,25,PPT0054A,48,48,True
EDDQN,24,PPT1052A,-5,0,False
EDDQN,6,PPT1058A,-5,0,False
EDDQN,5,PPT0004A,-12,0,False
EDDQN,56,PPT1006A,-20,0,False
EDDQN,55,PPT1004A,31,31,True
EDDQN,12,PPT0058A,46,46,True
EDDQN,4,PPT0859A,-22,0,False
EDDQN,29,PPT0861A,23,23,True
EDDQN,30,PPT1005A,38,38,True
EDDQN,26,PPT1059A,-54,0,False
EDDQN,27,PPT0003A,35,35,True
EDDQN,51,PPT1060A,23,23,True
EDDQN,53,BQM4803A,1095,1095,True
EDDQN,52,PPT1006A,0,0,False
EDDQN,19,PPT0054A,17,17,True
EDDQN,18,PPT0004A,-32,0,False
EDDQN,43,PPT1005A,23,23,True
EDDQN,44,PPT1009A,26,26,True
EDDQN,38,PPT0057A,35,35,True
EDDQN,39,PPT0002A,-12,0,False
EDDQN,10,PPT1004A,38,38,True
EDDQN,21,PPT1005A,57,57,True
EDDQN,32,PPT1060A,35,35,True
EDDQN,11,PPT1053A,-1,0,False
EDDQN,20,PPT1051A,-15,0,False
EDDQN,31,PPT1052A,-21,0,False
EDDQN,2,PPT0857A,-3,0,False
EDDQN,1,PPT0001A,-41,0,False
EDDQN,9,PPT1008A,67,67,True
EDDQN,8,PPT1054A,67,67,True
Earliest Start,757,PPT1001A,-119,0,False
Earliest Start,758,PPT1002A,-118,0,False
Earliest Start,823,PPT0801A,-78,0,False
Earliest Start,822,BQM4810A,-78,0,False
Earliest Start,819,BQM4503A,-78,0,False
Earliest Start,881,PPT1010A,-45,0,False
Earliest Start,856,PPT1011A,-58,0,False
Earliest Start,810,BQM4202A,-83,0,False
Earliest Start,809,PPT1007A,-83,0,False
Earliest Start,847,PPT0058A,-74,0,False
Earliest Start,803,PPT1008A,-78,0,False
Earliest Start,802,PPT1009A,-78,0,False
Earliest Start,880,PPT1003A,-38,0,False
Earliest Start,869,PPT1055A,-61,0,False
Earliest Start,874,BQM4503A,4,4,True
Earliest Start,793,PPT1012A,-75,0,False
Earliest Start,794,BQM4803A,-75,0,False
Earliest Start,867,PPT0060A,-57,0,False
Earliest Start,870,PPT1004A,-56,0,False
Earliest Start,830,PPT1056A,-61,0,False
Earliest Start,831,PPT1057A,-61,0,False
Earliest Start,857,BQM4504A,-39,0,False
Earliest Start,828,PPT1013A,-60,0,False
Earliest Start,829,PPT0059A,-60,0,False
Earliest Start,804,PPT1053A,-63,0,False
Earliest Start,864,PPT1062A,-52,0,False
Earliest Start,865,PPT0001A,-52,0,False
Earliest Start,805,PPT1054A,-62,0,False
Earliest Start,861,PPT1060A,-55,0,False
Earliest Start,848,PPT1061A,-58,0,False
Earliest Start,879,PPT0053A,-37,0,False
Earliest Start,862,BQM4853A,-54,0,False
Earliest Start,871,BQM4853A,8,8,True
Earliest Start,797,PPT0002A,-62,0,False
Earliest Start,866,PPT0051A,-54,0,False
Earliest Start,787,BQM4803A,10,10,True
Earliest Start,863,PPT0052A,-54,0,False
Earliest Start,792,BQM4803A,-31,0,False
Earliest Start,843,BQM4503A,26,26,True
Earliest Start,842,PPT0056A,-50,0,False
Earliest Start,859,PPT0803A,-45,0,False
Earliest Start,858,PPT0804A,-45,0,False
Earliest Start,878,PPT0807A,-38,0,False
Earliest Start,877,PPT0808A,-38,0,False
Earliest Start,760,PPT0057A,-75,0,False
Earliest Start,759,PPT0802A,-76,0,False
Earliest Start,849,PPT0809A,-47,0,False
Earliest Start,850,PPT0810A,-47,0,False
Earliest Start,795,PPT0859A,-60,0,False
Earliest Start,796,PPT0861A,-60,0,False
Earliest Start,765,PPT0811A,-72,0,False
Earliest Start,761,BQM4503A,25,25,True
Earliest Start,853,PPT1005A,-43,0,False
Earliest Start,852,PPT0863A,-43,0,False
Earliest Start,873,PPT0864A,-41,0,False
Earliest Start,872,PPT0058A,-34,0,False
Earliest Start,824,PPT1010A,-45,0,False
Earliest Start,812,PPT0060A,-35,0,False
Earliest Start,815,PPT0051A,-46,0,False
Earliest Start,811,BQM4803A,52,52,True
Earliest Start,825,BQM4202A,-43,0,False
Earliest Start,789,PPT1007A,-50,0,False
Earliest Start,788,PPT1055A,-50,0,False
Earliest Start,838,PPT1011A,-39,0,False
Earliest Start,839,PPT1003A,-38,0,False
Earliest Start,844,PPT1051A,-38,0,False
Earliest Start,777,BQM4504A,-51,0,False
Earliest Start,771,PPT0052A,-60,0,False
Earliest Start,772,PPT1006A,-62,0,False
Earliest Start,820,PPT0801A,-31,0,False
Earliest Start,821,PPT0001A,-34,0,False
Earliest Start,766,PPT1004A,-57,0,False
Earliest Start,776,PPT1062A,-52,0,False
Earliest Start,875,PPT1013A,-22,0,False
Earliest Start,876,PPT0059A,-22,0,False
Earliest Start,767,PPT1060A,-56,0,False
Earliest Start,779,PPT1008A,-53,0,False
Earliest Start,778,PPT1009A,-53,0,False
Earliest Start,840,BQM4803A,95,95,True
Earliest Start,836,BQM4810A,-28,0,False
Earliest Start,841,PPT1061A,-26,0,False
Earliest Start,845,PPT0056A,-28,0,False
Earliest Start,791,PPT0810A,-37,0,False
Earliest Start,790,PPT1058A,-43,0,False
Earliest Start,832,BQM4803A,116,116,True
Earliest Start,833,PPT0864A,-34,0,False
Earliest Start,846,PPT0809A,-28,0,False
Earliest Start,783,PPT1002A,-44,0,False
Earliest Start,784,PPT0053A,-44,0,False
Earliest Start,816,PPT1001A,-37,0,False
Earliest Start,817,PPT1052A,-40,0,False
Earliest Start,798,PPT0863A,-30,0,False
Earliest Start,834,PPT1012A,-23,0,False
Earliest Start,780,PPT1010A,-38,0,False
Earliest Start,835,BQM4853A,33,33,True
Earliest Start,818,PPT0804A,-27,0,False
Earliest Start,813,PPT0058A,-27,0,False
Earliest Start,800,PPT0803A,-27,0,False
Earliest Start,799,BQM4810A,-5,0,False
Earliest Start,762,BQM4503A,77,77,True
Earliest Start,851,BQM4503A,139,139,True
Earliest Start,774,PPT0859A,-46,0,False
Earliest Start,773,PPT0861A,-46,0,False
Earliest Start,769,PPT0807A,-46,0,False
Earliest Start,770,PPT0808A,-46,0,False
Earliest Start,827,PPT0059A,-18,0,False
Earliest Start,826,PPT0003A,-29,0,False
Earliest Start,801,PPT1003A,-29,0,False
Earliest Start,755,PPT1053A,-45,0,False
Earliest Start,756,PPT1054A,-44,0,False
Earliest Start,806,PPT1056A,-25,0,False
Earliest Start,814,PPT0864A,-15,0,False
Earliest Start,855,PPT1007A,-11,0,False
Earliest Start,854,PPT1001A,-11,0,False
Earliest Start,775,PPT1002A,-22,0,False
Earliest Start,860,PPT0053A,-8,0,False
Earliest Start,837,PPT0056A,-13,0,False
Earliest Start,763,PPT1059A,-44,0,False
Earliest Start,764,PPT1011A,-44,0,False
Earliest Start,785,BQM4202A,-39,0,False
Earliest Start,786,PPT1057A,-35,0,False
Earliest Start,736,PPT0004A,-60,0,False
Earliest Start,808,PPT0054A,-31,0,False
Earliest Start,807,PPT0051A,-20,0,False
Earliest Start,685,PPT1055A,-53,0,False
Earliest Start,725,PPT0809A,-52,0,False
Earliest Start,726,BQM4803A,95,95,True
Earliest Start,741,PPT1004A,-46,0,False
Earliest Start,742,PPT1060A,-46,0,False
Earliest Start,656,PPT0002A,-72,0,False
Earliest Start,657,PPT0001A,-71,0,False
Earliest Start,781,PPT0055A,-35,0,False
Earliest Start,782,PPT0060A,-27,0,False
Earliest Start,697,PPT0052A,-64,0,False
Earliest Start,698,PPT1013A,-64,0,False
Earliest Start,768,PPT0803A,-8,0,False
Earliest Start,671,PPT0801A,-61,0,False
Earliest Start,746,BQM4503A,118,118,True
Earliest Start,678,PPT0057A,-59,0,False
Earliest Start,666,PPT1009A,-62,0,False
Earliest Start,667,PPT0811A,-62,0,False
Earliest Start,636,BQM4504A,-73,0,False
Earliest Start,643,PPT0807A,-72,0,False
Earliest Start,595,PPT0808A,-72,0,False
Earliest Start,600,PPT0802A,-68,0,False
Earliest Start,683,PPT1008A,-59,0,False
Earliest Start,684,BQM4803A,124,124,True
Earliest Start,747,PPT1012A,-34,0,False
Earliest Start,748,PPT1061A,-33,0,False
Earliest Start,596,PPT0804A,-68,0,False
Earliest Start,711,BQM4803A,216,216,True
Earliest Start,753,PPT1062A,-31,0,False
Earliest Start,754,PPT0857A,-38,0,False
Earliest Start,658,BQM4503A,124,124,True
Earliest Start,659,BQM4503A,156,156,True
Earliest Start,589,PPT0859A,-66,0,False
Earliest Start,668,PPT0051A,-37,0,False
Earliest Start,613,PPT0864A,-67,0,False
Earliest Start,614,PPT1007A,-66,0,False
Earliest Start,687,PPT0002A,-34,0,False
Earliest Start,679,PPT0058A,-54,0,False
Earliest Start,699,BQM4803A,173,173,True
Earliest Start,680,PPT0861A,-54,0,False
Earliest Start,692,BQM4503A,200,200,True
Earliest Start,700,PPT0858A,-55,0,False
Earliest Start,701,PPT0863A,-41,0,False
Earliest Start,686,PPT1001A,-45,0,False
Earliest Start,615,PPT0053A,-63,0,False
Earliest Start,727,BQM4853A,13,13,True
Earliest Start,728,BQM4503A,250,250,True
Earliest Start,745,PPT1051A,-46,0,False
Earliest Start,693,PPT1056A,-36,0,False
Earliest Start,694,PPT1053A,-35,0,False
Earliest Start,661,PPT0807A,-33,0,False
Earliest Start,628,PPT1005A,-74,0,False
Earliest Start,629,PPT0056A,-61,0,False
Earliest Start,719,PPT0052A,-31,0,False
Earliest Start,660,BQM4810A,-29,0,False
Earliest Start,720,BQM4803A,253,253,True
Earliest Start,650,PPT1003A,-57,0,False
Earliest Start,651,PPT1011A,-56,0,False
Earliest Start,712,PPT1057A,-33,0,False
Earliest Start,730,PPT0059A,-36,0,False
Earliest Start,729,PPT0810A,-36,0,False
Earliest Start,713,PPT1013A,-32,0,False
Earliest Start,731,BQM4202A,-33,0,False
Earliest Start,705,PPT0001A,-25,0,False
Earliest Start,706,BQM4504A,-21,0,False
Earliest Start,707,PPT0803A,-17,0,False
Earliest Start,708,PPT0801A,-13,0,False
Earliest Start,695,PPT1009A,-26,0,False
Earliest Start,696,PPT1010A,-26,0,False
Earliest Start,703,PPT1054A,-34,0,False
Earliest Start,749,PPT1010A,-17,0,False
Earliest Start,750,PPT0060A,-11,0,False
Earliest Start,743,PPT1012A,-15,0,False
Earliest Start,751,PPT1002A,-10,0,False
Earliest Start,752,PPT1061A,-9,0,False
Earliest Start,744,PPT1004A,-12,0,False
Earliest Start,702,PPT1055A,-20,0,False
Earliest Start,733,PPT0864A,-9,0,False
Earliest Start,732,PPT1007A,-8,0,False
Earliest Start,709,PPT1006A,-47,0,False
Earliest Start,704,PPT1060A,-21,0,False
Earliest Start,740,PPT0057A,-10,0,False
Earliest Start,715,PPT0809A,-16,0,False
Earliest Start,739,PPT1003A,-9,0,False
Earliest Start,737,PPT1011A,-8,0,False
Earliest Start,738,PPT0863A,-8,0,False
Earliest Start,714,BQM4202A,-13,0,False
Earliest Start,682,PPT1052A,-53,0,False
Earliest Start,681,PPT1062A,-20,0,False
Earliest Start,722,PPT0811A,-7,0,False
Earliest Start,721,PPT1008A,-6,0,False
Earliest Start,688,PPT0059A,-22,0,False
Earliest Start,689,PPT0810A,-22,0,False
Earliest Start,670,PPT0058A,-22,0,False
Earliest Start,735,PPT0861A,-7,0,False
Earliest Start,734,PPT1001A,-5,0,False
Earliest Start,669,PPT0053A,-20,0,False
Earliest Start,716,BQM4503A,280,280,True
Earliest Start,710,BQM4803A,282,282,True
Earliest Start,665,PPT0808A,-21,0,False
Earliest Start,664,PPT0054A,-52,0,False
Earliest Start,723,PPT0060A,-6,0,False
Earliest Start,724,PPT0802A,-6,0,False
Earliest Start,690,PPT0051A,-4,0,False
Earliest Start,691,PPT0004A,-40,0,False
Earliest Start,717,PPT1002A,-6,0,False
Earliest Start,718,PPT0003A,-37,0,False
Earliest Start,672,PPT1061A,-16,0,False
Earliest Start,673,PPT1058A,-48,0,False
Earliest Start,674,PPT0052A,-15,0,False
Earliest Start,675,PPT0804A,-14,0,False
Earliest Start,481,PPT0859A,-54,0,False
Earliest Start,480,BQM4810A,-21,0,False
Earliest Start,676,BQM4503A,292,292,True
Earliest Start,677,BQM4803A,295,295,True
Earliest Start,639,PPT1012A,-21,0,False
Earliest Start,640,PPT1054A,-21,0,False
Earliest Start,637,PPT0055A,-52,0,False
Earliest Start,638,PPT0001A,-21,0,False
Earliest Start,616,PPT1009A,-28,0,False
Earliest Start,617,PPT1010A,-28,0,False
Earliest Start,585,BQM4503A,293,293,True
Earliest Start,586,BQM4803A,296,296,True
Earliest Start,641,PPT1004A,-24,0,False
Earliest Start,642,PPT1060A,-24,0,False
Earliest Start,630,PPT0056A,-20,0,False
Earliest Start,631,PPT1056A,-19,0,False
Earliest Start,632,BQM4504A,-19,0,False
Earliest Start,633,PPT0002A,-19,0,False
Earliest Start,529,BQM4853A,6,6,True
Earliest Start,590,PPT1013A,-24,0,False
Earliest Start,591,PPT1003A,-24,0,False
Earliest Start,557,PPT1053A,-38,0,False
Earliest Start,558,PPT0059A,-36,0,False
Earliest Start,559,PPT1057A,-36,0,False
Earliest Start,560,PPT0057A,-36,0,False
Earliest Start,574,PPT1059A,-59,0,False
Earliest Start,587,PPT0863A,-24,0,False
Earliest Start,588,PPT0864A,-23,0,False
Earliest Start,618,PPT0810A,-16,0,False
Earliest Start,619,PPT1051A,-48,0,False
Earliest Start,605,PPT0803A,-16,0,False
Earliest Start,606,PPT1011A,-15,0,False
Earliest Start,644,PPT1007A,-11,0,False
Earliest Start,645,PPT0801A,-10,0,False
Earliest Start,562,PPT0861A,-29,0,False
Earliest Start,563,PPT0060A,-27,0,False
Earliest Start,646,PPT0858A,-46,0,False
Earliest Start,647,PPT1001A,-8,0,False
Earliest Start,564,BQM4503A,306,306,True
Earliest Start,565,BQM4853A,47,47,True
Earliest Start,652,PPT1060A,3,3,True
Earliest Start,653,PPT1062A,12,12,True
Earliest Start,634,PPT0802A,-8,0,False
Earliest Start,635,PPT0052A,-7,0,False
Earliest Start,620,PPT0051A,-3,0,False
Earliest Start,621,PPT1053A,0,0,False
Earliest Start,607,PPT0808A,-1,0,False
Earliest Start,608,PPT1013A,0,0,False
Earliest Start,601,PPT1006A,-47,0,False
Earliest Start,602,PPT1055A,-13,0,False
Earliest Start,603,PPT1061A,-13,0,False
Earliest Start,604,PPT1002A,-12,0,False
Earliest Start,581,PPT0058A,-10,0,False
Earliest Start,582,PPT1003A,-10,0,False
Earliest Start,579,PPT0807A,-10,0,False
Earliest Start,580,PPT0059A,-9,0,False
Earliest Start,535,PPT1009A,-34,0,False
Earliest Start,534,PPT1010A,-34,0,False
Earliest Start,648,PPT0804A,-6,0,False
Earliest Start,649,PPT0809A,-6,0,False
Earliest Start,597,BQM4803A,324,324,True
Earliest Start,543,PPT0811A,-34,0,False
Earliest Start,599,PPT1008A,-10,0,False
Earliest Start,542,PPT1004A,-33,0,False
Earliest Start,598,BQM4202A,-9,0,False
Earliest Start,662,PPT1057A,12,12,True
Earliest Start,663,PPT0057A,12,12,True
Earliest Start,494,PPT0863A,-30,0,False
Earliest Start,493,PPT0857A,-74,0,False
Earliest Start,654,PPT0053A,12,12,True
Earliest Start,655,PPT1058A,-33,0,False
Earliest Start,538,PPT1005A,-60,0,False
Earliest Start,539,BQM4503A,320,320,True
Earliest Start,497,PPT0864A,-28,0,False
Earliest Start,496,PPT1007A,-27,0,False
Earliest Start,548,PPT1012A,-15,0,False
Earliest Start,549,PPT1054A,-15,0,False
Earliest Start,609,PPT0060A,7,7,True
Earliest Start,610,PPT0858A,-32,0,False
Earliest Start,611,PPT1056A,7,7,True
Earliest Start,612,BQM4504A,7,7,True
Earliest Start,622,PPT0051A,18,18,True
Earliest Start,623,PPT0802A,18,18,True
Earliest Start,624,BQM4503A,379,379,True
Earliest Start,625,BQM4803A,384,384,True
Earliest Start,501,PPT0861A,-22,0,False
Earliest Start,500,PPT1001A,-21,0,False
Earliest Start,526,PPT0002A,-10,0,False
Earliest Start,567,PPT0808A,5,5,True
Earliest Start,423,PPT1060A,-22,0,False
Earliest Start,528,PPT0810A,-8,0,False
Earliest Start,570,PPT0803A,-1,0,False
Earliest Start,571,PPT1011A,0,0,False
Earliest Start,568,PPT0804A,0,0,False
Earliest Start,569,PPT0809A,0,0,False
Earliest Start,550,PPT0052A,-4,0,False
Earliest Start,561,BQM4503A,384,384,True
Earliest Start,592,PPT0003A,-43,0,False
Earliest Start,575,BQM4202A,5,5,True
Earliest Start,576,PPT1062A,6,6,True
Earliest Start,502,PPT0004A,-51,0,False
Earliest Start,420,PPT1053A,-28,0,False
Earliest Start,419,PPT1055A,-29,0,False
Earliest Start,627,PPT1008A,13,13,True
Earliest Start,626,PPT1013A,13,13,True
Earliest Start,523,PPT1061A,-7,0,False
Earliest Start,522,PPT0001A,-7,0,False
Earliest Start,566,BQM4803A,343,343,True
Earliest Start,424,PPT1002A,-27,0,False
Earliest Start,438,BQM4803A,373,373,True
Earliest Start,467,BQM4803A,414,414,True
Earliest Start,593,PPT0056A,18,18,True
Earliest Start,594,PPT0811A,20,20,True
Earliest Start,584,PPT0801A,-13,0,False
Earliest Start,418,PPT1004A,-25,0,False
Earliest Start,545,PPT1009A,0,0,False
Earliest Start,541,PPT1010A,-1,0,False
Earliest Start,583,PPT0054A,-30,0,False
Earliest Start,536,PPT1057A,1,1,True
Earliest Start,537,PPT0053A,1,1,True
Earliest Start,509,PPT0057A,-5,0,False
Earliest Start,510,PPT0801A,-2,0,False
Earliest Start,531,BQM4504A,4,4,True
Earliest Start,530,PPT0859A,4,4,True
Earliest Start,553,PPT1008A,8,8,True
Earliest Start,554,PPT1013A,8,8,True
Earliest Start,483,PPT0058A,-2,0,False
Earliest Start,482,PPT0807A,-2,0,False
Earliest Start,516,PPT0060A,0,0,False
Earliest Start,517,BQM4503A,399,399,True
Earliest Start,470,PPT0051A,-4,0,False
Earliest Start,469,PPT0802A,-4,0,False
Earliest Start,572,BQM4503A,446,446,True
Earliest Start,460,PPT0811A,-2,0,False
Earliest Start,459,PPT0864A,-2,0,False
Earliest Start,555,PPT1056A,7,7,True
Earliest Start,503,PPT1003A,4,4,True
Earliest Start,468,PPT0059A,-3,0,False
Earliest Start,556,PPT1052A,-34,0,False
Earliest Start,513,PPT1012A,9,9,True
Earliest Start,514,PPT1054A,9,9,True
Earliest Start,511,PPT0055A,-41,0,False
Earliest Start,512,PPT0056A,9,9,True
Earliest Start,573,PPT1007A,23,23,True
Earliest Start,461,PPT0052A,7,7,True
Earliest Start,525,PPT0863A,12,12,True
Earliest Start,524,PPT1011A,13,13,True
Earliest Start,406,BQM4803A,453,453,True
Earliest Start,452,PPT0808A,19,19,True
Earliest Start,462,PPT0803A,3,3,True
Earliest Start,450,BQM4803A,444,444,True
Earliest Start,578,PPT0804A,26,26,True
Earliest Start,577,PPT0809A,26,26,True
Earliest Start,532,PPT1056A,20,20,True
Earliest Start,533,PPT0861A,21,21,True
Earliest Start,504,PPT1001A,16,16,True
Earliest Start,505,PPT1062A,16,16,True
Earliest Start,451,PPT0810A,11,11,True
Earliest Start,446,BQM4810A,22,22,True
Earliest Start,520,PPT1051A,-42,0,False
Earliest Start,519,BQM4202A,14,14,True
Earliest Start,551,PPT0001A,27,27,True
Earliest Start,552,PPT0801A,28,28,True
Earliest Start,449,PPT1007A,21,21,True
Earliest Start,544,PPT0001A,-18,0,False
Earliest Start,447,PPT1008A,7,7,True
Earliest Start,445,BQM4503A,444,444,True
Earliest Start,521,PPT1013A,20,20,True
Earliest Start,506,PPT0002A,19,19,True
Earliest Start,507,PPT0057A,19,19,True
Earliest Start,540,PPT0056A,-18,0,False
Earliest Start,518,PPT1009A,20,20,True
Earliest Start,546,PPT1010A,25,25,True
Earliest Start,547,PPT0858A,-33,0,False
Earliest Start,448,PPT0003A,-47,0,False
Earliest Start,463,PPT1061A,14,14,True
Earliest Start,433,PPT1057A,11,11,True
Earliest Start,432,PPT0053A,11,11,True
Earliest Start,453,BQM4504A,20,20,True
Earliest Start,484,PPT1058A,-47,0,False
Earliest Start,485,PPT0863A,19,19,True
Earliest Start,472,PPT0859A,17,17,True
Earliest Start,471,PPT1012A,18,18,True
Earliest Start,476,PPT1011A,19,19,True
Earliest Start,477,PPT0060A,19,19,True
Earliest Start,454,BQM4810A,59,59,True
Earliest Start,498,PPT1054A,26,26,True
Earliest Start,455,PPT0804A,21,21,True
Earliest Start,499,PPT0056A,26,26,True
Earliest Start,377,BQM4503A,455,455,True
Earliest Start,436,BQM4503A,529,529,True
Earliest Start,402,PPT0809A,-3,0,False
Earliest Start,489,PPT1002A,24,24,True
Earliest Start,495,PPT1053A,26,26,True
Earliest Start,456,PPT1055A,21,21,True
Earliest Start,478,PPT1060A,20,20,True
Earliest Start,479,PPT0051A,21,21,True
Earliest Start,490,BQM4202A,26,26,True
Earliest Start,473,PPT0802A,20,20,True
Earliest Start,474,PPT0058A,23,23,True
Earliest Start,486,PPT1003A,28,28,True
Earliest Start,441,PPT0807A,24,24,True
Earliest Start,442,PPT0811A,24,24,True
Earliest Start,439,BQM4853A,41,41,True
Earliest Start,440,BQM4810A,84,84,True
Earliest Start,408,BQM4803A,515,515,True
Earliest Start,434,PPT1010A,26,26,True
Earliest Start,407,BQM4503A,542,542,True
Earliest Start,427,PPT0864A,14,14,True
Earliest Start,426,PPT1004A,10,10,True
Earliest Start,425,PPT1056A,10,10,True
Earliest Start,430,PPT1006A,-45,0,False
Earliest Start,431,PPT0001A,10,10,True
Earliest Start,428,PPT0801A,11,11,True
Earliest Start,429,PPT0861A,11,11,True
Earliest Start,437,PPT1013A,25,25,True
Earliest Start,465,PPT1001A,31,31,True
Earliest Start,464,PPT1062A,31,31,True
Earliest Start,444,PPT0803A,27,27,True
Earliest Start,435,PPT1009A,25,25,True
Earliest Start,492,PPT0057A,36,36,True
Earliest Start,491,PPT0863A,37,37,True
Earliest Start,458,PPT1011A,32,32,True
Earliest Start,457,PPT1059A,-30,0,False
Earliest Start,515,PPT1008A,46,46,True
Earliest Start,475,PPT1005A,-29,0,False
Earliest Start,443,PPT0059A,27,27,True
Earliest Start,488,PPT0060A,37,37,True
Earliest Start,487,PPT0052A,37,37,True
Earliest Start,508,PPT1054A,46,46,True
Earliest Start,466,PPT0054A,-29,0,False
Earliest Start,415,PPT0002A,21,21,True
Earliest Start,414,BQM4810A,106,106,True
Earliest Start,390,PPT1060A,6,6,True
Earliest Start,378,PPT0051A,4,4,True
Earliest Start,379,BQM4503A,565,565,True
Earliest Start,403,BQM4853A,85,85,True
Earliest Start,330,PPT0056A,-8,0,False
Earliest Start,413,PPT0810A,28,28,True
Earliest Start,373,PPT0058A,4,4,True
Earliest Start,412,PPT0857A,-40,0,False
Earliest Start,417,PPT1053A,22,22,True
Earliest Start,411,PPT1061A,19,19,True
Earliest Start,416,PPT1002A,23,23,True
Earliest Start,353,BQM4503A,596,596,True
Earliest Start,351,BQM4803A,562,562,True
Earliest Start,381,PPT1007A,8,8,True
Earliest Start,380,PPT1003A,8,8,True
Earliest Start,398,BQM4803A,542,542,True
Earliest Start,422,PPT1056A,27,27,True
Earliest Start,421,PPT1052A,-31,0,False
Earliest Start,410,BQM4504A,28,28,True
Earliest Start,409,PPT0859A,29,29,True
Earliest Start,357,BQM4803A,605,605,True
Earliest Start,392,PPT1012A,11,11,True
Earliest Start,391,PPT1001A,12,12,True
Earliest Start,324,BQM4503A,625,625,True
Earliest Start,325,BQM4803A,628,628,True
Earliest Start,394,BQM4853A,43,43,True
Earliest Start,393,PPT0802A,6,6,True
Earliest Start,372,BQM4202A,3,3,True
Earliest Start,395,PPT1004A,14,14,True
Earliest Start,360,BQM4810A,100,100,True
Earliest Start,400,PPT0808A,10,10,True
Earliest Start,399,PPT0001A,12,12,True
Earliest Start,385,PPT1051A,-31,0,False
Earliest Start,363,PPT1062A,2,2,True
Earliest Start,361,PPT0053A,2,2,True
Earliest Start,374,PPT1011A,7,7,True
Earliest Start,375,PPT1057A,8,8,True
Earliest Start,387,PPT0864A,13,13,True
Earliest Start,401,PPT1008A,22,22,True
Earliest Start,356,PPT1054A,5,5,True
Earliest Start,354,PPT1002A,-6,0,False
Earliest Start,355,PPT0002A,-3,0,False
Earliest Start,405,PPT0057A,23,23,True
Earliest Start,376,PPT0055A,-38,0,False
Earliest Start,404,PPT0863A,24,24,True
Earliest Start,388,PPT0060A,18,18,True
Earliest Start,389,PPT0052A,18,18,True
Earliest Start,362,PPT0807A,8,8,True
Earliest Start,369,PPT0811A,13,13,True
Earliest Start,370,PPT1010A,16,16,True
Earliest Start,358,PPT1058A,-45,0,False
Earliest Start,364,BQM4810A,138,138,True
Earliest Start,396,PPT1053A,21,21,True
Earliest Start,397,PPT0803A,25,25,True
Earliest Start,365,PPT0808A,19,19,True
Earliest Start,340,PPT0004A,-51,0,False
Earliest Start,339,PPT1061A,2,2,True
Earliest Start,349,PPT0858A,-60,0,False
Earliest Start,350,PPT1009A,-1,0,False
Earliest Start,382,PPT0801A,9,9,True
Earliest Start,383,PPT0804A,9,9,True
Earliest Start,386,PPT0861A,7,7,True
Earliest Start,384,PPT1055A,7,7,True
Earliest Start,341,PPT0809A,10,10,True
Earliest Start,368,PPT1013A,17,17,True
Earliest Start,333,PPT1056A,-2,0,False
Earliest Start,336,PPT0059A,2,2,True
Earliest Start,371,PPT0001A,21,21,True
Earliest Start,359,PPT0802A,15,15,True
Earliest Start,342,PPT1008A,8,8,True
Earliest Start,343,PPT0057A,8,8,True
Earliest Start,344,PPT0861A,9,9,True
Earliest Start,345,PPT0863A,9,9,True
Earliest Start,307,PPT0810A,-2,0,False
Earliest Start,308,PPT0859A,-2,0,False
Earliest Start,346,BQM4503A,659,659,True
Earliest Start,347,BQM4803A,662,662,True
Earliest Start,366,PPT1055A,22,22,True
Earliest Start,367,PPT0003A,-34,0,False
Earliest Start,326,BQM4202A,1,1,True
Earliest Start,327,PPT1002A,1,1,True
Earliest Start,279,BQM4503A,663,663,True
Earliest Start,280,BQM4803A,666,666,True
Earliest Start,213,BQM4803A,707,707,True
Earliest Start,214,BQM4853A,49,49,True
Earliest Start,348,PPT1004A,16,16,True
Earliest Start,281,PPT1011A,-2,0,False
Earliest Start,282,PPT1012A,-2,0,False
Earliest Start,283,PPT1060A,-2,0,False
Earliest Start,284,PPT0060A,-1,0,False
Earliest Start,221,PPT0002A,-14,0,False
Earliest Start,222,PPT0804A,-14,0,False
Earliest Start,223,PPT1006A,-69,0,False
Earliest Start,224,PPT0864A,-14,0,False
Earliest Start,229,PPT1001A,-9,0,False
Earliest Start,230,PPT1053A,-9,0,False
Earliest Start,231,BQM4503A,739,739,True
Earliest Start,232,BQM4853A,83,83,True
Earliest Start,332,BQM4803A,767,767,True
Earliest Start,352,PPT1057A,26,26,True
Earliest Start,317,PPT0052A,9,9,True
Earliest Start,318,PPT1009A,11,11,True
Earliest Start,319,PPT0051A,11,11,True
Earliest Start,320,PPT0058A,12,12,True
Earliest Start,311,BQM4202A,13,13,True
Earliest Start,312,PPT1002A,13,13,True
Earliest Start,305,PPT0001A,12,12,True
Earliest Start,306,PPT0810A,12,12,True
Earliest Start,255,PPT1013A,6,6,True
Earliest Start,256,PPT1055A,9,9,True
Earliest Start,253,PPT0808A,9,9,True
Earliest Start,254,PPT0056A,10,10,True
Earliest Start,200,BQM4503A,793,793,True
Earliest Start,329,PPT1003A,15,15,True
Earliest Start,328,PPT0811A,15,15,True
Earliest Start,338,PPT0053A,15,15,True
Earliest Start,337,PPT1010A,16,16,True
Earliest Start,270,PPT1056A,24,24,True
Earliest Start,310,PPT1008A,17,17,True
Earliest Start,309,PPT0057A,17,17,True
Earliest Start,335,PPT0859A,17,17,True
Earliest Start,334,PPT0861A,17,17,True
Earliest Start,257,PPT1061A,6,6,True
Earliest Start,258,PPT1011A,8,8,True
Earliest Start,268,PPT0857A,-46,0,False
Earliest Start,292,BQM4803A,698,698,True
Earliest Start,313,PPT1052A,-37,0,False
Earliest Start,314,PPT0002A,34,34,True
Earliest Start,267,PPT0863A,7,7,True
Earliest Start,251,BQM4503A,768,768,True
Earliest Start,252,BQM4803A,778,778,True
Earliest Start,227,PPT0059A,9,9,True
Earliest Start,228,PPT0060A,9,9,True
Earliest Start,225,PPT0052A,9,9,True
Earliest Start,226,PPT0804A,9,9,True
Earliest Start,248,PPT0802A,11,11,True
Earliest Start,243,PPT1012A,8,8,True
Earliest Start,244,PPT1060A,8,8,True
Earliest Start,266,BQM4504A,-8,0,False
Earliest Start,265,BQM4503A,684,684,True
Earliest Start,271,PPT1010A,19,19,True
Earliest Start,272,PPT1002A,19,19,True
Earliest Start,273,PPT1003A,19,19,True
Earliest Start,274,PPT0051A,19,19,True
Earliest Start,288,BQM4503A,723,723,True
Earliest Start,287,PPT0801A,4,4,True
Earliest Start,241,PPT1005A,-41,0,False
Earliest Start,297,PPT0001A,25,25,True
Earliest Start,298,PPT0053A,25,25,True
Earliest Start,299,PPT0810A,25,25,True
Earliest Start,300,BQM4202A,26,26,True
Earliest Start,289,PPT1062A,11,11,True
Earliest Start,233,PPT0864A,13,13,True
Earliest Start,234,PPT1001A,14,14,True
Earliest Start,235,PPT1004A,14,14,True
Earliest Start,236,PPT1053A,14,14,True
Earliest Start,205,PPT0858A,-60,0,False
Earliest Start,206,PPT1009A,3,3,True
Earliest Start,301,BQM4504A,33,33,True
Earliest Start,302,PPT0859A,34,34,True
Earliest Start,303,BQM4803A,914,914,True
Earliest Start,304,BQM4853A,123,123,True
Earliest Start,285,PPT1007A,10,10,True
Earliest Start,237,BQM4803A,803,803,True
Earliest Start,238,BQM4803A,820,820,True
Earliest Start,215,PPT0811A,5,5,True
Earliest Start,216,PPT0058A,6,6,True
Earliest Start,296,PPT0803A,10,10,True
Earliest Start,295,PPT1059A,-30,0,False
Earliest Start,180,BQM4803A,824,824,True
Earliest Start,181,BQM4503A,825,825,True
Earliest Start,275,PPT0861A,21,21,True
Earliest Start,276,PPT1008A,24,24,True
Earliest Start,277,PPT0055A,-40,0,False
Earliest Start,278,PPT0057A,24,24,True
Earliest Start,260,PPT0051A,41,41,True
Earliest Start,259,BQM4810A,136,136,True
Earliest Start,152,PPT0801A,-8,0,False
Earliest Start,153,PPT0803A,-8,0,False
Earliest Start,154,PPT1057A,-6,0,False
Earliest Start,155,PPT1061A,-6,0,False
Earliest Start,219,PPT1011A,20,20,True
Earliest Start,220,PPT1007A,23,23,True
Earliest Start,217,PPT0811A,24,24,True
Earliest Start,218,PPT0058A,25,25,True
Earliest Start,184,PPT1062A,10,10,True
Earliest Start,185,PPT1013A,11,11,True
Earliest Start,186,PPT1009A,13,13,True
Earliest Start,187,PPT1051A,-59,0,False
Earliest Start,250,PPT0003A,-33,0,False
Earliest Start,249,BQM4810A,165,165,True
Earliest Start,198,BQM4803A,854,854,True
Earliest Start,199,BQM4503A,855,855,True
Earliest Start,162,PPT1012A,2,2,True
Earliest Start,163,PPT1060A,2,2,True
Earliest Start,164,BQM4503A,873,873,True
Earliest Start,165,BQM4803A,896,896,True
Earliest Start,246,PPT1054A,10,10,True
Earliest Start,247,PPT0807A,10,10,True
Earliest Start,207,PPT1010A,23,23,True
Earliest Start,208,PPT1002A,23,23,True
Earliest Start,209,PPT1003A,23,23,True
Earliest Start,210,PPT1055A,23,23,True
Earliest Start,203,PPT0053A,20,20,True
Earliest Start,204,PPT0810A,20,20,True
Earliest Start,201,BQM4202A,20,20,True
Earliest Start,202,PPT0002A,20,20,True
Earliest Start,290,PPT0864A,44,44,True
Earliest Start,291,PPT0056A,45,45,True
Earliest Start,176,PPT0861A,14,14,True
Earliest Start,177,PPT1054A,16,16,True
Earliest Start,286,PPT0054A,-26,0,False
Earliest Start,172,PPT0057A,15,15,True
Earliest Start,173,PPT0802A,16,16,True
Earliest Start,188,BQM4803A,935,935,True
Earliest Start,269,PPT0809A,18,18,True
Earliest Start,322,PPT1058A,-21,0,False
Earliest Start,321,PPT1053A,46,46,True
Earliest Start,331,PPT0004A,-20,0,False
Earliest Start,294,PPT0059A,55,55,True
Earliest Start,239,PPT1001A,32,32,True
Earliest Start,240,PPT1004A,32,32,True
Earliest Start,316,PPT0807A,49,49,True
Earliest Start,315,PPT0809A,49,49,True
Earliest Start,323,PPT1061A,60,60,True
Earliest Start,293,BQM4202A,56,56,True
Earliest Start,170,PPT0808A,11,11,True
Earliest Start,171,PPT0863A,12,12,True
Earliest Start,245,PPT0001A,35,35,True
Earliest Start,263,PPT0060A,48,48,True
Earliest Start,264,PPT0052A,48,48,True
Earliest Start,261,PPT0804A,48,48,True
Earliest Start,262,PPT1057A,49,49,True
Earliest Start,211,PPT0053A,44,44,True
Earliest Start,212,PPT0810A,44,44,True
Earliest Start,242,PPT1008A,38,38,True
Earliest Start,139,PPT1056A,7,7,True
Earliest Start,140,BQM4503A,889,889,True
Earliest Start,150,PPT1062A,17,17,True
Earliest Start,151,PPT1052A,-63,0,False
Earliest Start,148,PPT0864A,17,17,True
Earliest Start,149,PPT1013A,18,18,True
Earliest Start,146,BQM4504A,7,7,True
Earliest Start,147,PPT0859A,8,8,True
Earliest Start,182,PPT0056A,29,29,True
Earliest Start,183,PPT1012A,30,30,True
Earliest Start,178,PPT0857A,-47,0,False
Earliest Start,179,PPT1003A,31,31,True
Earliest Start,156,PPT1055A,28,28,True
Earliest Start,145,PPT1060A,21,21,True
Earliest Start,157,BQM4503A,969,969,True
Earliest Start,189,PPT0801A,23,23,True
Earliest Start,190,PPT1009A,35,35,True
Earliest Start,191,PPT1053A,35,35,True
Earliest Start,192,PPT1010A,36,36,True
Earliest Start,193,PPT1002A,36,36,True
Earliest Start,194,PPT0807A,45,45,True
Earliest Start,195,PPT0809A,45,45,True
Earliest Start,196,BQM4853A,119,119,True
Earliest Start,197,BQM4803A,996,996,True
Earliest Start,166,PPT1007A,33,33,True
Earliest Start,167,PPT1054A,34,34,True
Earliest Start,135,PPT1011A,24,24,True
Earliest Start,136,PPT0861A,26,26,True
Earliest Start,133,PPT0055A,-50,0,False
Earliest Start,134,PPT0002A,27,27,True
Earliest Start,161,BQM4803A,955,955,True
Earliest Start,169,PPT1006A,-46,0,False
Earliest Start,132,PPT0051A,24,24,True
Earliest Start,131,PPT0811A,23,23,True
Earliest Start,168,PPT0057A,41,41,True
Earliest Start,129,PPT0052A,23,23,True
Earliest Start,130,PPT0804A,23,23,True
Earliest Start,174,PPT0001A,46,46,True
Earliest Start,175,PPT0802A,46,46,True
Earliest Start,120,PPT0803A,5,5,True
Earliest Start,119,BQM4503A,917,917,True
Earliest Start,107,PPT1061A,13,13,True
Earliest Start,106,PPT0004A,-60,0,False
Earliest Start,117,PPT0060A,18,18,True
Earliest Start,118,BQM4503A,982,982,True
Earliest Start,143,PPT0059A,28,28,True
Earliest Start,144,PPT1001A,28,28,True
Earliest Start,158,PPT0058A,30,30,True
Earliest Start,159,PPT1057A,31,31,True
Earliest Start,114,PPT1004A,19,19,True
Earliest Start,99,PPT0056A,12,12,True
Earliest Start,123,BQM4202A,27,27,True
Earliest Start,124,PPT1051A,-44,0,False
Earliest Start,121,PPT1008A,28,28,True
Earliest Start,122,PPT1012A,28,28,True
Earliest Start,160,BQM4853A,126,126,True
Earliest Start,35,BQM4803A,955,955,True
Earliest Start,141,PPT0002A,11,11,True
Earliest Start,127,PPT0053A,22,22,True
Earliest Start,128,PPT0801A,22,22,True
Earliest Start,125,PPT0810A,22,22,True
Earliest Start,126,PPT1003A,23,23,True
Earliest Start,137,PPT0808A,31,31,True
Earliest Start,138,PPT0863A,31,31,True
Earliest Start,90,PPT1058A,-52,0,False
Earliest Start,91,PPT0003A,-52,0,False
Earliest Start,142,PPT0858A,-34,0,False
Earliest Start,82,BQM4503A,1005,1005,True
Earliest Start,83,BQM4803A,1038,1038,True
Earliest Start,84,PPT1059A,-56,0,False
Earliest Start,85,PPT1005A,-56,0,False
Earliest Start,115,PPT0054A,-41,0,False
Earliest Start,94,PPT0857A,-54,0,False
Earliest Start,116,PPT1009A,25,25,True
Earliest Start,93,PPT1053A,12,12,True
Earliest Start,80,BQM4853A,128,128,True
Earliest Start,102,PPT1010A,16,16,True
Earliest Start,103,PPT1002A,16,16,True
Earliest Start,104,BQM4504A,17,17,True
Earliest Start,105,PPT1056A,18,18,True
Earliest Start,7,BQM4803A,1040,1040,True
Earliest Start,33,PPT0859A,-8,0,False
Earliest Start,34,BQM4503A,1020,1020,True
Earliest Start,40,PPT1057A,-2,0,False
Earliest Start,41,PPT0058A,-1,0,False
Earliest Start,88,PPT0858A,-39,0,False
Earliest Start,89,PPT0055A,-36,0,False
Earliest Start,86,BQM4810A,130,130,True
Earliest Start,87,BQM4810A,166,166,True
Earliest Start,49,PPT0807A,5,5,True
Earliest Start,54,BQM4853A,153,153,True
Earliest Start,79,PPT1006A,-39,0,False
Earliest Start,50,PPT0001A,12,12,True
Earliest Start,36,BQM4503A,1065,1065,True
Earliest Start,37,BQM4503A,1105,1105,True
Earliest Start,81,PPT1060A,11,11,True
Earliest Start,67,PPT1051A,-49,0,False
Earliest Start,66,PPT0803A,9,9,True
Earliest Start,59,PPT1005A,-31,0,False
Earliest Start,60,PPT1059A,-31,0,False
Earliest Start,64,PPT0004A,-37,0,False
Earliest Start,63,PPT0054A,-32,0,False
Earliest Start,70,PPT0864A,10,10,True
Earliest Start,71,PPT1013A,11,11,True
Earliest Start,68,PPT1058A,-38,0,False
Earliest Start,69,PPT0057A,11,11,True
Earliest Start,97,PPT0802A,25,25,True
Earliest Start,98,PPT0059A,26,26,True
Earliest Start,95,PPT0003A,-25,0,False
Earliest Start,96,PPT1001A,26,26,True
Earliest Start,57,BQM4853A,191,191,True
Earliest Start,73,PPT0053A,19,19,True
Earliest Start,74,PPT0801A,19,19,True
Earliest Start,110,PPT1003A,34,34,True
Earliest Start,111,BQM4202A,35,35,True
Earliest Start,108,PPT1007A,36,36,True
Earliest Start,109,PPT1008A,36,36,True
Earliest Start,112,PPT1011A,40,40,True
Earliest Start,113,PPT1002A,40,40,True
Earliest Start,100,PPT0809A,33,33,True
Earliest Start,101,PPT1062A,34,34,True
Earliest Start,45,PPT0808A,7,7,True
Earliest Start,42,PPT0857A,-37,0,False
Earliest Start,77,PPT0810A,20,20,True
Earliest Start,78,PPT0863A,20,20,True
Earliest Start,72,PPT0051A,26,26,True
Earliest Start,58,PPT1052A,-47,0,False
Earliest Start,22,PPT1051A,-38,0,False
Earliest Start,23,PPT0858A,-33,0,False
Earliest Start,62,PPT1006A,-19,0,False
Earliest Start,76,PPT1012A,20,20,True
Earliest Start,61,PPT0003A,-19,0,False
Earliest Start,75,PPT1054A,21,21,True
Earliest Start,48,PPT1052A,-13,0,False
Earliest Start,13,PPT0811A,4,4,True
Earliest Start,14,BQM4853A,202,202,True
Earliest Start,46,BQM4803A,1120,1120,True
Earliest Start,47,PPT0055A,-28,0,False
Earliest Start,25,PPT0004A,-25,0,False
Earliest Start,24,PPT0054A,-20,0,False
Earliest Start,6,PPT1005A,-26,0,False
Earliest Start,5,PPT0003A,-24,0,False
Earliest Start,56,PPT0004A,13,13,True
Earliest Start,55,PPT1051A,14,14,True
Earliest Start,12,BQM4504A,4,4,True
Earliest Start,4,PPT1056A,-6,0,False
Earliest Start,29,PPT0861A,7,7,True
Earliest Start,30,PPT1059A,-15,0,False
Earliest Start,26,PPT1006A,-13,0,False
Earliest Start,27,PPT1058A,-13,0,False
Earliest Start,51,PPT1010A,13,13,True
Earliest Start,53,BQM4503A,1145,1145,True
Earliest Start,52,PPT1058A,-23,0,False
Earliest Start,19,PPT0857A,-9,0,False
Earliest Start,18,PPT0055A,-8,0,False
Earliest Start,43,PPT0054A,7,7,True
Earliest Start,44,PPT1055A,12,12,True
Earliest Start,38,PPT0809A,-4,0,False
Earliest Start,39,PPT1062A,-2,0,False
Earliest Start,10,PPT0002A,3,3,True
Earliest Start,21,PPT0858A,2,2,True
Earliest Start,32,PPT1009A,12,12,True
Earliest Start,11,PPT0052A,6,6,True
Earliest Start,20,PPT1059A,5,5,True
Earliest Start,31,PPT1052A,9,9,True
Earliest Start,2,PPT1006A,-11,0,False
Earliest Start,1,PPT0804A,-9,0,False
Earliest Start,9,PPT0060A,8,8,True
Earliest Start,8,PPT1004A,8,8,True
Longest Processing,757,PPT1001A,-119,0,False
Longest Processing,758,PPT1002A,-118,0,False
Longest Processing,823,PPT0803A,-78,0,False
Longest Processing,822,BQM4810A,117,117,True
Longest Processing,819,BQM4803A,274,274,True
Longest Processing,881,PPT0803A,2,2,True
Longest Processing,856,PPT0056A,-58,0,False
Longest Processing,810,PPT0859A,-83,0,False
Longest Processing,809,PPT0861A,-83,0,False
Longest Processing,847,PPT0056A,87,87,True
Longest Processing,803,PPT0861A,-42,0,False
Longest Processing,802,PPT0056A,-41,0,False
Longest Processing,880,PPT1006A,75,75,True
Longest Processing,869,BQM4202A,216,216,True
Longest Processing,874,BQM4503A,634,634,True
Longest Processing,793,PPT0057A,-75,0,False
Longest Processing,794,BQM4503A,480,480,True
Longest Processing,867,PPT1013A,315,315,True
Longest Processing,870,PPT0060A,317,317,True
Longest Processing,830,PPT0059A,-61,0,False
Longest Processing,831,PPT0060A,-61,0,False
Longest Processing,857,PPT0056A,365,365,True
Longest Processing,828,PPT0808A,357,357,True
Longest Processing,829,PPT0859A,357,357,True
Longest Processing,804,PPT1004A,-63,0,False
Longest Processing,864,PPT1001A,380,380,True
Longest Processing,865,PPT0057A,380,380,True
Longest Processing,805,PPT1013A,-62,0,False
Longest Processing,861,PPT0803A,375,375,True
Longest Processing,848,PPT1054A,335,335,True
Longest Processing,879,PPT1002A,330,330,True
Longest Processing,862,BQM4853A,-54,0,False
Longest Processing,871,BQM4853A,270,270,True
Longest Processing,797,PPT0058A,-62,0,False
Longest Processing,866,PPT0809A,499,499,True
Longest Processing,787,BQM4803A,561,561,True
Longest Processing,863,PPT0861A,498,498,True
Longest Processing,792,BQM4503A,524,524,True
Longest Processing,843,BQM4503A,1438,1438,True
Longest Processing,842,PPT0863A,360,360,True
Longest Processing,859,PPT0053A,335,335,True
Longest Processing,858,PPT0801A,335,335,True
Longest Processing,878,PPT1054A,402,402,True
Longest Processing,877,PPT0001A,402,402,True
Longest Processing,760,PPT1009A,-75,0,False
Longest Processing,759,PPT1007A,-76,0,False
Longest Processing,849,PPT0057A,400,400,True
Longest Processing,850,PPT1057A,402,402,True
Longest Processing,795,PPT1007A,391,391,True
Longest Processing,796,BQM4504A,392,392,True
Longest Processing,765,PPT1011A,-72,0,False
Longest Processing,761,BQM4503A,326,326,True
Longest Processing,853,PPT0004A,323,323,True
Longest Processing,852,PPT0058A,408,408,True
Longest Processing,873,PPT0803A,470,470,True
Longest Processing,872,PPT0811A,470,470,True
Longest Processing,824,BQM4202A,491,491,True
Longest Processing,812,PPT0059A,297,297,True
Longest Processing,815,PPT1054A,266,266,True
Longest Processing,811,BQM4803A,1088,1088,True
Longest Processing,825,PPT1013A,491,491,True
Longest Processing,789,PPT0864A,344,344,True
Longest Processing,788,PPT1009A,345,345,True
Longest Processing,838,PPT0051A,494,494,True
Longest Processing,839,PPT0060A,495,495,True
Longest Processing,844,PPT1051A,342,342,True
Longest Processing,777,PPT0051A,119,119,True
Longest Processing,771,PPT1008A,369,369,True
Longest Processing,772,PPT1058A,294,294,True
Longest Processing,820,PPT0811A,314,314,True
Longest Processing,821,PPT0052A,311,311,True
Longest Processing,766,PPT1003A,289,289,True
Longest Processing,776,PPT1008A,117,117,True
Longest Processing,875,PPT1001A,476,476,True
Longest Processing,876,PPT1057A,477,477,True
Longest Processing,767,PPT0802A,306,306,True
Longest Processing,779,PPT0001A,251,251,True
Longest Processing,778,PPT0807A,251,251,True
Longest Processing,840,BQM4803A,1195,1195,True
Longest Processing,836,PPT1009A,301,301,True
Longest Processing,841,PPT0053A,302,302,True
Longest Processing,845,PPT1007A,466,466,True
Longest Processing,791,PPT1060A,34,34,True
Longest Processing,790,PPT1061A,35,35,True
Longest Processing,832,BQM4803A,1655,1655,True
Longest Processing,833,PPT1008A,473,473,True
Longest Processing,846,BQM4504A,467,467,True
Longest Processing,783,BQM4202A,422,422,True
Longest Processing,784,PPT1011A,422,422,True
Longest Processing,816,PPT1062A,474,474,True
Longest Processing,817,PPT0858A,386,386,True
Longest Processing,798,PPT1055A,130,130,True
Longest Processing,834,PPT0002A,406,406,True
Longest Processing,780,BQM4504A,-46,0,False
Longest Processing,835,BQM4853A,612,612,True
Longest Processing,818,PPT0059A,354,354,True
Longest Processing,813,PPT0001A,329,329,True
Longest Processing,800,PPT0056A,308,308,True
Longest Processing,799,BQM4810A,403,403,True
Longest Processing,762,BQM4503A,902,902,True
Longest Processing,851,BQM4803A,1735,1735,True
Longest Processing,774,PPT0864A,211,211,True
Longest Processing,773,PPT0807A,219,219,True
Longest Processing,769,PPT0810A,338,338,True
Longest Processing,770,PPT0001A,342,342,True
Longest Processing,827,BQM4504A,374,374,True
Longest Processing,826,PPT1059A,282,282,True
Longest Processing,801,PPT0801A,287,287,True
Longest Processing,755,PPT1060A,280,280,True
Longest Processing,756,PPT1061A,280,280,True
Longest Processing,806,PPT0802A,288,288,True
Longest Processing,814,PPT0058A,465,465,True
Longest Processing,855,PPT0863A,453,453,True
Longest Processing,854,PPT0864A,453,453,True
Longest Processing,775,PPT0803A,70,70,True
Longest Processing,860,PPT1057A,484,484,True
Longest Processing,837,PPT0002A,466,466,True
Longest Processing,763,PPT1054A,214,214,True
Longest Processing,764,PPT1008A,214,214,True
Longest Processing,785,PPT0804A,309,309,True
Longest Processing,786,PPT0808A,309,309,True
Longest Processing,736,PPT1058A,245,245,True
Longest Processing,808,PPT0003A,386,386,True
Longest Processing,807,PPT0057A,472,472,True
Longest Processing,685,PPT0808A,-61,0,False
Longest Processing,725,PPT0804A,-60,0,False
Longest Processing,726,BQM4803A,481,481,True
Longest Processing,741,PPT1004A,44,44,True
Longest Processing,742,PPT1008A,57,57,True
Longest Processing,656,PPT0811A,277,277,True
Longest Processing,657,PPT0057A,279,279,True
Longest Processing,781,PPT0858A,249,249,True
Longest Processing,782,PPT0859A,274,274,True
Longest Processing,697,PPT1057A,321,321,True
Longest Processing,698,PPT1007A,323,323,True
Longest Processing,768,PPT0808A,393,393,True
Longest Processing,671,PPT1055A,40,40,True
Longest Processing,746,BQM4803A,740,740,True
Longest Processing,678,PPT0051A,41,41,True
Longest Processing,666,PPT1002A,-70,0,False
Longest Processing,667,PPT0861A,-58,0,False
Longest Processing,636,PPT1012A,286,286,True
Longest Processing,643,PPT0058A,306,306,True
Longest Processing,595,PPT0001A,-81,0,False
Longest Processing,600,PPT0002A,-78,0,False
Longest Processing,683,PPT0863A,-66,0,False
Longest Processing,684,BQM4503A,514,514,True
Longest Processing,747,PPT0859A,295,295,True
Longest Processing,748,PPT0863A,295,295,True
Longest Processing,596,PPT1053A,-79,0,False
Longest Processing,711,BQM4803A,877,877,True
Longest Processing,753,PPT1002A,0,0,False
Longest Processing,754,PPT0054A,-38,0,False
Longest Processing,658,BQM4503A,1031,1031,True
Longest Processing,659,BQM4803A,1062,1062,True
Longest Processing,589,PPT1054A,-79,0,False
Longest Processing,668,PPT0809A,-51,0,False
Longest Processing,613,PPT1004A,284,284,True
Longest Processing,614,PPT1054A,287,287,True
Longest Processing,687,PPT0051A,152,152,True
Longest Processing,679,PPT0060A,115,115,True
Longest Processing,699,BQM4503A,723,723,True
Longest Processing,680,PPT0052A,117,117,True
Longest Processing,692,BQM4503A,601,601,True
Longest Processing,700,PPT0858A,252,252,True
Longest Processing,701,PPT1061A,290,290,True
Longest Processing,686,PPT1053A,185,185,True
Longest Processing,615,PPT1055A,167,167,True
Longest Processing,727,BQM4853A,290,290,True
Longest Processing,728,BQM4503A,845,845,True
Longest Processing,745,PPT1058A,295,295,True
Longest Processing,693,PPT1001A,-54,0,False
Longest Processing,694,PPT0057A,-54,0,False
Longest Processing,661,PPT0801A,-60,0,False
Longest Processing,628,PPT1006A,-74,0,False
Longest Processing,629,PPT0807A,-74,0,False
Longest Processing,719,PPT0811A,135,135,True
Longest Processing,660,BQM4810A,-60,0,False
Longest Processing,720,BQM4503A,914,914,True
Longest Processing,650,PPT1053A,320,320,True
Longest Processing,651,PPT1055A,320,320,True
Longest Processing,712,PPT1060A,-47,0,False
Longest Processing,730,PPT0861A,193,193,True
Longest Processing,729,PPT0051A,195,195,True
Longest Processing,713,PPT1061A,-46,0,False
Longest Processing,731,PPT1012A,288,288,True
Longest Processing,705,PPT0864A,281,281,True
Longest Processing,706,PPT0810A,282,282,True
Longest Processing,707,PPT0807A,287,287,True
Longest Processing,708,PPT0809A,287,287,True
Longest Processing,695,PPT0057A,451,451,True
Longest Processing,696,PPT0803A,451,451,True
Longest Processing,703,PPT1008A,153,153,True
Longest Processing,749,PPT1011A,440,440,True
Longest Processing,750,PPT1053A,440,440,True
Longest Processing,743,PPT0859A,365,365,True
Longest Processing,751,PPT1055A,440,440,True
Longest Processing,752,PPT0807A,440,440,True
Longest Processing,744,PPT0863A,365,365,True
Longest Processing,702,PPT1055A,154,154,True
Longest Processing,733,PPT1010A,300,300,True
Longest Processing,732,PPT1056A,300,300,True
Longest Processing,709,PPT0857A,268,268,True
Longest Processing,704,PPT0864A,356,356,True
Longest Processing,740,PPT1009A,364,364,True
Longest Processing,715,PPT0809A,220,220,True
Longest Processing,739,PPT0059A,364,364,True
Longest Processing,737,PPT0053A,364,364,True
Longest Processing,738,PPT0801A,364,364,True
Longest Processing,714,PPT1053A,221,221,True
Longest Processing,682,PPT0004A,-53,0,False
Longest Processing,681,PPT1007A,-53,0,False
Longest Processing,722,PPT1008A,289,289,True
Longest Processing,721,PPT1053A,289,289,True
Longest Processing,688,PPT0864A,444,444,True
Longest Processing,689,PPT1009A,445,445,True
Longest Processing,670,PPT0864A,-55,0,False
Longest Processing,735,PPT0802A,362,362,True
Longest Processing,734,PPT0804A,362,362,True
Longest Processing,669,PPT0859A,-55,0,False
Longest Processing,716,BQM4803A,1359,1359,True
Longest Processing,710,BQM4503A,1411,1411,True
Longest Processing,665,PPT1056A,35,35,True
Longest Processing,664,PPT1051A,13,13,True
Longest Processing,723,PPT1009A,403,403,True
Longest Processing,724,PPT0059A,403,403,True
Longest Processing,690,PPT1062A,289,289,True
Longest Processing,691,PPT0003A,251,251,True
Longest Processing,717,PPT0053A,402,402,True
Longest Processing,718,PPT1005A,309,309,True
Longest Processing,672,PPT0809A,415,415,True
Longest Processing,673,PPT1005A,318,318,True
Longest Processing,674,PPT0861A,415,415,True
Longest Processing,675,PPT1013A,416,416,True
Longest Processing,481,PPT0802A,-89,0,False
Longest Processing,480,BQM4810A,-52,0,False
Longest Processing,676,BQM4803A,1615,1615,True
Longest Processing,677,BQM4503A,1619,1619,True
Longest Processing,639,PPT1056A,64,64,True
Longest Processing,640,PPT1062A,66,66,True
Longest Processing,637,PPT0809A,95,95,True
Longest Processing,638,PPT0810A,67,67,True
Longest Processing,616,PPT0059A,430,430,True
Longest Processing,617,PPT0053A,430,430,True
Longest Processing,585,BQM4803A,1382,1382,True
Longest Processing,586,BQM4503A,1408,1408,True
Longest Processing,641,PPT0051A,435,435,True
Longest Processing,642,PPT0807A,435,435,True
Longest Processing,630,PPT1013A,168,168,True
Longest Processing,631,PPT0060A,169,169,True
Longest Processing,632,PPT1002A,169,169,True
Longest Processing,633,PPT0052A,171,171,True
Longest Processing,529,BQM4853A,-61,0,False
Longest Processing,590,PPT1061A,335,335,True
Longest Processing,591,PPT0052A,335,335,True
Longest Processing,557,PPT0807A,295,295,True
Longest Processing,558,PPT0809A,295,295,True
Longest Processing,559,PPT0861A,295,295,True
Longest Processing,560,PPT1011A,296,296,True
Longest Processing,574,PPT1005A,-59,0,False
Longest Processing,587,PPT1003A,335,335,True
Longest Processing,588,PPT1060A,335,335,True
Longest Processing,618,PPT0863A,223,223,True
Longest Processing,619,PPT1051A,204,204,True
Longest Processing,605,PPT0810A,223,223,True
Longest Processing,606,PPT1012A,224,224,True
Longest Processing,644,PPT0056A,346,346,True
Longest Processing,645,PPT1010A,347,347,True
Longest Processing,562,PPT0810A,317,317,True
Longest Processing,563,PPT1012A,318,318,True
Longest Processing,646,PPT1059A,265,265,True
Longest Processing,647,PPT1056A,347,347,True
Longest Processing,564,BQM4503A,1545,1545,True
Longest Processing,565,BQM4853A,542,542,True
Longest Processing,652,PPT0051A,373,373,True
Longest Processing,653,PPT1002A,374,374,True
Longest Processing,634,BQM4504A,277,277,True
Longest Processing,635,PPT0002A,280,280,True
Longest Processing,620,PPT0801A,430,430,True
Longest Processing,621,PPT0802A,430,430,True
Longest Processing,607,PPT0060A,433,433,True
Longest Processing,608,PPT1002A,433,433,True
Longest Processing,601,PPT1005A,206,206,True
Longest Processing,602,PPT1010A,235,235,True
Longest Processing,603,PPT1056A,235,235,True
Longest Processing,604,PPT1062A,235,235,True
Longest Processing,581,PPT1055A,181,181,True
Longest Processing,582,PPT0861A,181,181,True
Longest Processing,579,BQM4202A,182,182,True
Longest Processing,580,PPT0051A,183,183,True
Longest Processing,535,PPT0060A,39,39,True
Longest Processing,534,PPT0052A,41,41,True
Longest Processing,648,PPT1013A,318,318,True
Longest Processing,649,PPT0051A,318,318,True
Longest Processing,597,BQM4503A,1114,1114,True
Longest Processing,543,BQM4202A,139,139,True
Longest Processing,599,PPT1001A,267,267,True
Longest Processing,542,PPT1056A,147,147,True
Longest Processing,598,PPT1057A,268,268,True
Longest Processing,662,PPT1013A,368,368,True
Longest Processing,663,PPT0060A,369,369,True
Longest Processing,494,PPT0059A,-74,0,False
Longest Processing,493,PPT1051A,-74,0,False
Longest Processing,654,PPT0801A,383,383,True
Longest Processing,655,PPT1006A,290,290,True
Longest Processing,538,PPT1051A,145,145,True
Longest Processing,539,BQM4503A,1026,1026,True
Longest Processing,497,PPT1062A,-9,0,False
Longest Processing,496,PPT0060A,-7,0,False
Longest Processing,548,PPT1004A,198,198,True
Longest Processing,549,PPT1054A,202,202,True
Longest Processing,609,PPT0863A,392,392,True
Longest Processing,610,PPT0857A,303,303,True
Longest Processing,611,PPT0864A,392,392,True
Longest Processing,612,PPT1009A,393,393,True
Longest Processing,622,BQM4202A,316,316,True
Longest Processing,623,PPT0060A,318,318,True
Longest Processing,624,BQM4503A,1491,1491,True
Longest Processing,625,BQM4503A,1515,1515,True
Longest Processing,501,PPT0056A,-63,0,False
Longest Processing,500,PPT0803A,-63,0,False
Longest Processing,526,PPT1004A,-53,0,False
Longest Processing,567,BQM4504A,-44,0,False
Longest Processing,423,PPT1008A,-65,0,False
Longest Processing,528,PPT0863A,-51,0,False
Longest Processing,570,PPT1013A,184,184,True
Longest Processing,571,PPT0060A,185,185,True
Longest Processing,568,PPT0052A,187,187,True
Longest Processing,569,PPT0056A,189,189,True
Longest Processing,550,PPT1004A,233,233,True
Longest Processing,561,BQM4503A,1284,1284,True
Longest Processing,592,PPT1005A,249,249,True
Longest Processing,575,PPT1055A,243,243,True
Longest Processing,576,PPT0861A,243,243,True
Longest Processing,502,PPT0055A,-51,0,False
Longest Processing,420,PPT1055A,-70,0,False
Longest Processing,419,PPT1056A,-70,0,False
Longest Processing,627,PPT0804A,428,428,True
Longest Processing,626,PPT0808A,428,428,True
Longest Processing,523,PPT0811A,43,43,True
Longest Processing,522,PPT1008A,67,67,True
Longest Processing,566,BQM4803A,1398,1398,True
Longest Processing,424,PPT0051A,-68,0,False
Longest Processing,438,BQM4803A,500,500,True
Longest Processing,467,BQM4803A,541,541,True
Longest Processing,593,PPT0059A,394,394,True
Longest Processing,594,PPT0053A,394,394,True
Longest Processing,584,PPT1061A,342,342,True
Longest Processing,418,PPT1062A,-69,0,False
Longest Processing,545,PPT1007A,247,247,True
Longest Processing,541,PPT0058A,248,248,True
Longest Processing,583,PPT0054A,295,295,True
Longest Processing,536,PPT1002A,174,174,True
Longest Processing,537,PPT1003A,177,177,True
Longest Processing,509,PPT0002A,272,272,True
Longest Processing,510,PPT0808A,275,275,True
Longest Processing,531,PPT1001A,212,212,True
Longest Processing,530,PPT0057A,212,212,True
Longest Processing,553,PPT0051A,377,377,True
Longest Processing,554,PPT0060A,378,378,True
Longest Processing,483,PPT1060A,164,164,True
Longest Processing,482,PPT0803A,165,165,True
Longest Processing,516,PPT1062A,141,141,True
Longest Processing,517,BQM4803A,921,921,True
Longest Processing,470,PPT1008A,243,243,True
Longest Processing,469,PPT1053A,243,243,True
Longest Processing,572,BQM4803A,1341,1341,True
Longest Processing,460,PPT1055A,242,242,True
Longest Processing,459,PPT0807A,242,242,True
Longest Processing,555,PPT1007A,386,386,True
Longest Processing,503,PPT1061A,170,170,True
Longest Processing,468,PPT0060A,-53,0,False
Longest Processing,556,PPT1051A,299,299,True
Longest Processing,513,PPT0052A,332,332,True
Longest Processing,514,PPT1003A,333,333,True
Longest Processing,511,PPT0055A,250,250,True
Longest Processing,512,PPT1060A,333,333,True
Longest Processing,573,PPT1002A,401,401,True
Longest Processing,461,PPT0060A,94,94,True
Longest Processing,525,BQM4504A,377,377,True
Longest Processing,524,PPT0058A,378,378,True
Longest Processing,406,BQM4503A,149,149,True
Longest Processing,452,PPT1057A,203,203,True
Longest Processing,462,PPT0001A,184,184,True
Longest Processing,450,BQM4803A,1101,1101,True
Longest Processing,578,PPT0810A,413,413,True
Longest Processing,577,PPT0859A,413,413,True
Longest Processing,532,PPT1062A,316,316,True
Longest Processing,533,PPT0057A,316,316,True
Longest Processing,504,PPT1011A,226,226,True
Longest Processing,505,PPT1013A,227,227,True
Longest Processing,451,PPT0052A,95,95,True
Longest Processing,446,BQM4810A,45,45,True
Longest Processing,520,PPT1005A,288,288,True
Longest Processing,519,PPT0002A,379,379,True
Longest Processing,551,PPT1061A,396,396,True
Longest Processing,552,PPT0052A,396,396,True
Longest Processing,449,PPT1007A,204,204,True
Longest Processing,544,PPT1009A,421,421,True
Longest Processing,447,PPT1010A,160,160,True
Longest Processing,445,BQM4803A,1036,1036,True
Longest Processing,521,PPT0859A,275,275,True
Longest Processing,506,PPT0809A,254,254,True
Longest Processing,507,PPT0861A,254,254,True
Longest Processing,540,PPT0002A,418,418,True
Longest Processing,518,PPT0863A,274,274,True
Longest Processing,546,PPT0802A,350,350,True
Longest Processing,547,PPT0857A,260,260,True
Longest Processing,448,PPT0053A,112,112,True
Longest Processing,463,PPT1056A,165,165,True
Longest Processing,433,PPT0001A,-51,0,False
Longest Processing,432,PPT0002A,-51,0,False
Longest Processing,453,PPT0807A,186,186,True
Longest Processing,484,PPT1058A,279,279,True
Longest Processing,485,PPT1003A,380,380,True
Longest Processing,472,PPT1062A,161,161,True
Longest Processing,471,PPT0811A,161,161,True
Longest Processing,476,PPT1060A,379,379,True
Longest Processing,477,PPT1062A,379,379,True
Longest Processing,454,BQM4810A,380,380,True
Longest Processing,498,PPT1004A,298,298,True
Longest Processing,455,PPT0803A,226,226,True
Longest Processing,499,PPT1054A,300,300,True
Longest Processing,377,BQM4803A,192,192,True
Longest Processing,436,BQM4503A,1100,1100,True
Longest Processing,402,PPT1010A,-63,0,False
Longest Processing,489,PPT0001A,296,296,True
Longest Processing,495,PPT0056A,326,326,True
Longest Processing,456,PPT1011A,244,244,True
Longest Processing,478,PPT0863A,371,371,True
Longest Processing,479,PPT0864A,371,371,True
Longest Processing,490,PPT1010A,326,326,True
Longest Processing,473,PPT1009A,371,371,True
Longest Processing,474,PPT0059A,371,371,True
Longest Processing,486,PPT1056A,325,325,True
Longest Processing,441,PPT0811A,93,93,True
Longest Processing,442,PPT0057A,95,95,True
Longest Processing,439,BQM4810A,186,186,True
Longest Processing,440,BQM4810A,220,220,True
Longest Processing,408,BQM4803A,671,671,True
Longest Processing,434,PPT0811A,125,125,True
Longest Processing,407,BQM4503A,672,672,True
Longest Processing,427,BQM4504A,189,189,True
Longest Processing,426,PPT0804A,318,318,True
Longest Processing,425,PPT0810A,318,318,True
Longest Processing,430,PPT1051A,244,244,True
Longest Processing,431,PPT0801A,338,338,True
Longest Processing,428,PPT0802A,338,338,True
Longest Processing,429,PPT0804A,338,338,True
Longest Processing,437,PPT1055A,42,42,True
Longest Processing,465,PPT0053A,370,370,True
Longest Processing,464,PPT0801A,370,370,True
Longest Processing,444,PPT1001A,124,124,True
Longest Processing,435,PPT1056A,85,85,True
Longest Processing,492,PPT1008A,295,295,True
Longest Processing,491,PPT1053A,295,295,True
Longest Processing,458,PPT0056A,376,376,True
Longest Processing,457,PPT1059A,275,275,True
Longest Processing,515,PPT0057A,386,386,True
Longest Processing,475,PPT1006A,216,216,True
Longest Processing,443,PPT0057A,123,123,True
Longest Processing,488,PPT1055A,294,294,True
Longest Processing,487,PPT0807A,294,294,True
Longest Processing,508,PPT0803A,385,385,True
Longest Processing,466,PPT1052A,216,216,True
Longest Processing,415,PPT0057A,150,150,True
Longest Processing,414,BQM4810A,242,242,True
Longest Processing,390,PPT0810A,-55,0,False
Longest Processing,378,PPT0052A,-57,0,False
Longest Processing,379,BQM4503A,289,289,True
Longest Processing,403,BQM4853A,226,226,True
Longest Processing,330,BQM4202A,-68,0,False
Longest Processing,413,PPT1062A,81,81,True
Longest Processing,373,PPT0811A,-55,0,False
Longest Processing,412,PPT1052A,219,219,True
Longest Processing,417,PPT1012A,315,315,True
Longest Processing,411,PPT1004A,312,312,True
Longest Processing,416,PPT1054A,317,317,True
Longest Processing,353,BQM4803A,220,220,True
Longest Processing,351,BQM4503A,235,235,True
Longest Processing,381,PPT0808A,-52,0,False
Longest Processing,380,PPT0804A,-52,0,False
Longest Processing,398,BQM4503A,878,878,True
Longest Processing,422,PPT1002A,341,341,True
Longest Processing,421,PPT1006A,242,242,True
Longest Processing,410,BQM4202A,224,224,True
Longest Processing,409,PPT1013A,225,225,True
Longest Processing,357,BQM4803A,315,315,True
Longest Processing,392,PPT0058A,162,162,True
Longest Processing,391,PPT0002A,164,164,True
Longest Processing,324,BQM4803A,1065,1065,True
Longest Processing,325,BQM4503A,1066,1066,True
Longest Processing,394,BQM4853A,285,285,True
Longest Processing,393,PPT0809A,150,150,True
Longest Processing,372,PPT1057A,92,92,True
Longest Processing,395,PPT1001A,131,131,True
Longest Processing,360,BQM4810A,28,28,True
Longest Processing,400,PPT0864A,230,230,True
Longest Processing,399,PPT1009A,231,231,True
Longest Processing,385,PPT0055A,92,92,True
Longest Processing,363,PPT0808A,94,94,True
Longest Processing,361,PPT0801A,59,59,True
Longest Processing,374,PPT0051A,172,172,True
Longest Processing,375,PPT0060A,173,173,True
Longest Processing,387,PPT1002A,230,230,True
Longest Processing,401,PPT0811A,346,346,True
Longest Processing,356,PPT1001A,44,44,True
Longest Processing,354,PPT0811A,327,327,True
Longest Processing,355,BQM4504A,331,331,True
Longest Processing,405,PPT1012A,357,357,True
Longest Processing,376,PPT1059A,149,149,True
Longest Processing,404,PPT1004A,357,357,True
Longest Processing,388,PPT0803A,259,259,True
Longest Processing,389,PPT0811A,259,259,True
Longest Processing,362,PPT1057A,114,114,True
Longest Processing,369,PPT0051A,199,199,True
Longest Processing,370,PPT0060A,200,200,True
Longest Processing,358,PPT1005A,80,80,True
Longest Processing,364,BQM4810A,357,357,True
Longest Processing,396,PPT0808A,313,313,True
Longest Processing,397,PPT0810A,313,313,True
Longest Processing,365,PPT0802A,188,188,True
Longest Processing,340,PPT0857A,-51,0,False
Longest Processing,339,PPT0809A,-51,0,False
Longest Processing,349,PPT0004A,212,212,True
Longest Processing,350,PPT0809A,323,323,True
Longest Processing,382,PPT0058A,99,99,True
Longest Processing,383,PPT0804A,106,106,True
Longest Processing,386,PPT0053A,198,198,True
Longest Processing,384,PPT0801A,197,197,True
Longest Processing,341,PPT0861A,126,126,True
Longest Processing,368,PPT1061A,223,223,True
Longest Processing,333,PPT0001A,-50,0,False
Longest Processing,336,PPT0002A,-49,0,False
Longest Processing,371,PPT0001A,288,288,True
Longest Processing,359,PPT1002A,191,191,True
Longest Processing,342,PPT0802A,309,309,True
Longest Processing,343,PPT0804A,309,309,True
Longest Processing,344,PPT0808A,309,309,True
Longest Processing,345,PPT0810A,309,309,True
Longest Processing,307,PPT0861A,315,315,True
Longest Processing,308,BQM4202A,316,316,True
Longest Processing,346,BQM4803A,1511,1511,True
Longest Processing,347,BQM4503A,1515,1515,True
Longest Processing,366,PPT1062A,270,270,True
Longest Processing,367,PPT1058A,188,188,True
Longest Processing,326,PPT1061A,320,320,True
Longest Processing,327,PPT0052A,320,320,True
Longest Processing,279,BQM4503A,1316,1316,True
Longest Processing,280,BQM4803A,1316,1316,True
Longest Processing,213,BQM4803A,1101,1101,True
Longest Processing,214,BQM4853A,256,256,True
Longest Processing,348,PPT1061A,186,186,True
Longest Processing,281,PPT1001A,219,219,True
Longest Processing,282,PPT1057A,220,220,True
Longest Processing,283,PPT1007A,222,222,True
Longest Processing,284,BQM4504A,223,223,True
Longest Processing,221,PPT0052A,181,181,True
Longest Processing,222,PPT1003A,182,182,True
Longest Processing,223,PPT1052A,103,103,True
Longest Processing,224,PPT1060A,182,182,True
Longest Processing,229,PPT0809A,203,203,True
Longest Processing,230,PPT0861A,203,203,True
Longest Processing,231,BQM4803A,1427,1427,True
Longest Processing,232,BQM4853A,447,447,True
Longest Processing,332,BQM4503A,1131,1131,True
Longest Processing,352,PPT1008A,129,129,True
Longest Processing,317,PPT0058A,234,234,True
Longest Processing,318,PPT0002A,236,236,True
Longest Processing,319,PPT0808A,239,239,True
Longest Processing,320,PPT0859A,239,239,True
Longest Processing,311,PPT1008A,316,316,True
Longest Processing,312,PPT1011A,316,316,True
Longest Processing,305,PPT1003A,318,318,True
Longest Processing,306,PPT1060A,318,318,True
Longest Processing,255,PPT0052A,162,162,True
Longest Processing,256,PPT1003A,163,163,True
Longest Processing,253,PPT1060A,163,163,True
Longest Processing,254,PPT0056A,163,163,True
Longest Processing,200,BQM4803A,226,226,True
Longest Processing,329,BQM4202A,268,268,True
Longest Processing,328,PPT1008A,268,268,True
Longest Processing,338,PPT0859A,301,301,True
Longest Processing,337,PPT1012A,302,302,True
Longest Processing,270,PPT1009A,132,132,True
Longest Processing,310,PPT0057A,250,250,True
Longest Processing,309,PPT0803A,250,250,True
Longest Processing,335,PPT1004A,301,301,True
Longest Processing,334,PPT1008A,303,303,True
Longest Processing,257,PPT1056A,303,303,True
Longest Processing,258,PPT1057A,303,303,True
Longest Processing,268,PPT1006A,87,87,True
Longest Processing,292,BQM4803A,1092,1092,True
Longest Processing,313,PPT1059A,171,171,True
Longest Processing,314,PPT0811A,253,253,True
Longest Processing,267,PPT1053A,101,101,True
Longest Processing,251,BQM4803A,1141,1141,True
Longest Processing,252,BQM4503A,1142,1142,True
Longest Processing,227,PPT1009A,50,50,True
Longest Processing,228,PPT0059A,50,50,True
Longest Processing,225,PPT0053A,50,50,True
Longest Processing,226,PPT0801A,50,50,True
Longest Processing,248,PPT0058A,84,84,True
Longest Processing,243,PPT1013A,299,299,True
Longest Processing,244,PPT1053A,299,299,True
Longest Processing,266,PPT1007A,85,85,True
Longest Processing,265,BQM4503A,957,957,True
Longest Processing,271,PPT1010A,295,295,True
Longest Processing,272,PPT1001A,295,295,True
Longest Processing,273,PPT1056A,295,295,True
Longest Processing,274,PPT1057A,295,295,True
Longest Processing,288,BQM4503A,1089,1089,True
Longest Processing,287,PPT0803A,117,117,True
Longest Processing,241,PPT0858A,38,38,True
Longest Processing,297,PPT0859A,275,275,True
Longest Processing,298,PPT1012A,276,276,True
Longest Processing,299,PPT1004A,276,276,True
Longest Processing,300,PPT1054A,278,278,True
Longest Processing,289,PPT0864A,70,70,True
Longest Processing,233,PPT1061A,271,271,True
Longest Processing,234,PPT0052A,271,271,True
Longest Processing,235,PPT1003A,272,272,True
Longest Processing,236,PPT1060A,272,272,True
Longest Processing,205,PPT0054A,179,179,True
Longest Processing,206,PPT1054A,291,291,True
Longest Processing,301,PPT0056A,202,202,True
Longest Processing,302,PPT1010A,203,203,True
Longest Processing,303,BQM4803A,1396,1396,True
Longest Processing,304,BQM4853A,394,394,True
Longest Processing,285,BQM4504A,93,93,True
Longest Processing,237,BQM4803A,1502,1502,True
Longest Processing,238,BQM4503A,1506,1506,True
Longest Processing,215,PPT1010A,297,297,True
Longest Processing,216,PPT1001A,297,297,True
Longest Processing,296,PPT0059A,189,189,True
Longest Processing,295,PPT1005A,119,119,True
Longest Processing,180,BQM4803A,1316,1316,True
Longest Processing,181,BQM4803A,1341,1341,True
Longest Processing,275,PPT1011A,290,290,True
Longest Processing,276,PPT1053A,290,290,True
Longest Processing,277,PPT1006A,193,193,True
Longest Processing,278,PPT1054A,290,290,True
Longest Processing,260,PPT0059A,128,128,True
Longest Processing,259,BQM4810A,237,237,True
Longest Processing,152,PPT0053A,146,146,True
Longest Processing,153,PPT0801A,146,146,True
Longest Processing,154,PPT0802A,146,146,True
Longest Processing,155,PPT0804A,146,146,True
Longest Processing,219,PPT0802A,50,50,True
Longest Processing,220,PPT0859A,50,50,True
Longest Processing,217,PPT0863A,50,50,True
Longest Processing,218,PPT0810A,51,51,True
Longest Processing,184,PPT0863A,204,204,True
Longest Processing,185,PPT0864A,204,204,True
Longest Processing,186,PPT1009A,205,205,True
Longest Processing,187,PPT0054A,113,113,True
Longest Processing,250,PPT0004A,87,87,True
Longest Processing,249,BQM4810A,266,266,True
Longest Processing,198,BQM4803A,740,740,True
Longest Processing,199,BQM4503A,775,775,True
Longest Processing,162,PPT1056A,161,161,True
Longest Processing,163,PPT1062A,161,161,True
Longest Processing,164,BQM4503A,1378,1378,True
Longest Processing,165,BQM4803A,1378,1378,True
Longest Processing,246,BQM4202A,-29,0,False
Longest Processing,247,PPT0051A,-29,0,False
Longest Processing,207,PPT0059A,214,214,True
Longest Processing,208,PPT0053A,214,214,True
Longest Processing,209,PPT0801A,214,214,True
Longest Processing,210,PPT0802A,214,214,True
Longest Processing,203,PPT1055A,290,290,True
Longest Processing,204,PPT0001A,290,290,True
Longest Processing,201,PPT1062A,292,292,True
Longest Processing,202,PPT0056A,292,292,True
Longest Processing,290,PPT0056A,285,285,True
Longest Processing,291,PPT0803A,285,285,True
Longest Processing,176,PPT0810A,154,154,True
Longest Processing,177,PPT1012A,155,155,True
Longest Processing,286,PPT1051A,109,109,True
Longest Processing,172,PPT1010A,138,138,True
Longest Processing,173,PPT1056A,138,138,True
Longest Processing,188,BQM4803A,841,841,True
Longest Processing,269,PPT0804A,156,156,True
Longest Processing,322,PPT0054A,166,166,True
Longest Processing,321,PPT1011A,262,262,True
Longest Processing,331,PPT0055A,204,204,True
Longest Processing,294,PPT0001A,276,276,True
Longest Processing,239,PPT1004A,56,56,True
Longest Processing,240,PPT1008A,61,61,True
Longest Processing,316,PPT1053A,261,261,True
Longest Processing,315,PPT1055A,261,261,True
Longest Processing,323,PPT1055A,299,299,True
Longest Processing,293,BQM4202A,276,276,True
Longest Processing,170,PPT1001A,-52,0,False
Longest Processing,171,PPT0057A,-51,0,False
Longest Processing,245,PPT1055A,96,96,True
Longest Processing,263,PPT1007A,295,295,True
Longest Processing,264,BQM4504A,296,296,True
Longest Processing,261,PPT0058A,297,297,True
Longest Processing,262,PPT0002A,299,299,True
Longest Processing,211,PPT0807A,244,244,True
Longest Processing,212,PPT0809A,244,244,True
Longest Processing,242,PPT1011A,96,96,True
Longest Processing,139,PPT1056A,-64,0,False
Longest Processing,140,BQM4803A,750,750,True
Longest Processing,150,PPT0001A,-63,0,False
Longest Processing,151,PPT0857A,-63,0,False
Longest Processing,148,PPT0002A,-63,0,False
Longest Processing,149,PPT1062A,-63,0,False
Longest Processing,146,PPT0859A,-13,0,False
Longest Processing,147,PPT0863A,-13,0,False
Longest Processing,182,PPT0001A,265,265,True
Longest Processing,183,PPT0807A,265,265,True
Longest Processing,178,PPT1052A,168,168,True
Longest Processing,179,PPT0863A,277,277,True
Longest Processing,156,PPT0053A,-49,0,False
Longest Processing,145,BQM4202A,65,65,True
Longest Processing,157,BQM4803A,1140,1140,True
Longest Processing,189,BQM4202A,182,182,True
Longest Processing,190,PPT0861A,231,231,True
Longest Processing,191,PPT1013A,232,232,True
Longest Processing,192,PPT0051A,232,232,True
Longest Processing,193,PPT0060A,233,233,True
Longest Processing,194,PPT1062A,149,149,True
Longest Processing,195,PPT0811A,149,149,True
Longest Processing,196,BQM4853A,340,340,True
Longest Processing,197,BQM4503A,1318,1318,True
Longest Processing,166,PPT0002A,54,54,True
Longest Processing,167,PPT0804A,59,59,True
Longest Processing,135,PPT0859A,-50,0,False
Longest Processing,136,PPT0864A,-50,0,False
Longest Processing,133,PPT0863A,-50,0,False
Longest Processing,134,PPT0801A,-50,0,False
Longest Processing,161,BQM4503A,1173,1173,True
Longest Processing,169,PPT1006A,71,71,True
Longest Processing,132,PPT0808A,49,49,True
Longest Processing,131,PPT0864A,48,48,True
Longest Processing,168,PPT0804A,200,200,True
Longest Processing,129,PPT1054A,-49,0,False
Longest Processing,130,PPT0807A,-49,0,False
Longest Processing,174,PPT0810A,204,204,True
Longest Processing,175,PPT0001A,207,207,True
Longest Processing,120,PPT1053A,-49,0,False
Longest Processing,119,BQM4803A,598,598,True
Longest Processing,107,PPT0861A,-60,0,False
Longest Processing,106,PPT0858A,-60,0,False
Longest Processing,117,PPT1013A,-52,0,False
Longest Processing,118,BQM4803A,437,437,True
Longest Processing,143,PPT1012A,186,186,True
Longest Processing,144,PPT1004A,186,186,True
Longest Processing,158,PPT1002A,218,218,True
Longest Processing,159,PPT0811A,240,240,True
Longest Processing,114,PPT1002A,-50,0,False
Longest Processing,99,PPT1057A,-59,0,False
Longest Processing,123,PPT0803A,146,146,True
Longest Processing,124,PPT0054A,66,66,True
Longest Processing,121,PPT0811A,146,146,True
Longest Processing,122,PPT1001A,147,147,True
Longest Processing,160,BQM4853A,260,260,True
Longest Processing,35,BQM4803A,-81,0,False
Longest Processing,141,PPT1007A,272,272,True
Longest Processing,127,PPT1001A,187,187,True
Longest Processing,128,PPT1057A,188,188,True
Longest Processing,125,PPT1007A,190,190,True
Longest Processing,126,BQM4504A,191,191,True
Longest Processing,137,PPT1061A,213,213,True
Longest Processing,138,PPT0052A,213,213,True
Longest Processing,90,PPT0055A,-52,0,False
Longest Processing,91,PPT1051A,-52,0,False
Longest Processing,142,PPT0857A,156,156,True
Longest Processing,82,BQM4503A,579,579,True
Longest Processing,83,BQM4803A,615,615,True
Longest Processing,84,PPT1005A,-56,0,False
Longest Processing,85,PPT1006A,-56,0,False
Longest Processing,115,PPT1052A,31,31,True
Longest Processing,94,PPT1052A,-54,0,False
Longest Processing,116,BQM4202A,79,79,True
Longest Processing,93,PPT0058A,-54,0,False
Longest Processing,80,BQM4853A,-52,0,False
Longest Processing,102,PPT0058A,181,181,True
Longest Processing,103,PPT0002A,183,183,True
Longest Processing,104,PPT0808A,186,186,True
Longest Processing,105,PPT0859A,186,186,True
Longest Processing,7,BQM4503A,-83,0,False
Longest Processing,33,PPT1009A,-69,0,False
Longest Processing,34,BQM4503A,400,400,True
Longest Processing,40,PPT0802A,-66,0,False
Longest Processing,41,PPT0059A,-66,0,False
Longest Processing,88,PPT0804A,-39,0,False
Longest Processing,89,PPT0808A,-39,0,False
Longest Processing,86,BQM4810A,-31,0,False
Longest Processing,87,BQM4810A,5,5,True
Longest Processing,49,PPT0810A,-57,0,False
Longest Processing,54,BQM4853A,120,120,True
Longest Processing,79,PPT1004A,-39,0,False
Longest Processing,50,PPT1003A,-53,0,False
Longest Processing,36,BQM4803A,443,443,True
Longest Processing,37,BQM4503A,445,445,True
Longest Processing,81,PPT1004A,104,104,True
Longest Processing,67,PPT0858A,46,46,True
Longest Processing,66,PPT1011A,130,130,True
Longest Processing,59,PPT1006A,-31,0,False
Longest Processing,60,PPT1052A,-27,0,False
Longest Processing,64,PPT0809A,-40,0,False
Longest Processing,63,PPT0001A,-40,0,False
Longest Processing,70,PPT1054A,151,151,True
Longest Processing,71,PPT1008A,152,152,True
Longest Processing,68,PPT0004A,57,57,True
Longest Processing,69,PPT1053A,152,152,True
Longest Processing,97,PPT1003A,191,191,True
Longest Processing,98,PPT1060A,191,191,True
Longest Processing,95,PPT0004A,92,92,True
Longest Processing,96,PPT0056A,191,191,True
Longest Processing,57,BQM4853A,251,251,True
Longest Processing,73,PPT1060A,-38,0,False
Longest Processing,74,PPT1061A,-38,0,False
Longest Processing,110,PPT1013A,149,149,True
Longest Processing,111,PPT0051A,149,149,True
Longest Processing,108,PPT0060A,150,150,True
Longest Processing,109,PPT1002A,150,150,True
Longest Processing,112,PPT1010A,219,219,True
Longest Processing,113,PPT1001A,219,219,True
Longest Processing,100,PPT1055A,165,165,True
Longest Processing,101,PPT0809A,165,165,True
Longest Processing,45,PPT0051A,14,14,True
Longest Processing,42,PPT0055A,-15,0,False
Longest Processing,77,PPT0056A,-35,0,False
Longest Processing,78,PPT0803A,-35,0,False
Longest Processing,72,PPT0807A,159,159,True
Longest Processing,58,PPT0055A,17,17,True
Longest Processing,22,PPT1058A,-51,0,False
Longest Processing,23,PPT1059A,-51,0,False
Longest Processing,62,PPT0858A,90,90,True
Longest Processing,76,PPT1010A,181,181,True
Longest Processing,61,PPT0003A,92,92,True
Longest Processing,75,PPT1056A,181,181,True
Longest Processing,48,PPT1010A,-39,0,False
Longest Processing,13,PPT1007A,-50,0,False
Longest Processing,14,BQM4853A,-5,0,False
Longest Processing,46,BQM4503A,1366,1366,True
Longest Processing,47,PPT0857A,48,48,True
Longest Processing,25,PPT0003A,33,33,True
Longest Processing,24,PPT0055A,36,36,True
Longest Processing,6,PPT0054A,-60,0,False
Longest Processing,5,PPT0004A,-60,0,False
Longest Processing,56,PPT0054A,4,4,True
Longest Processing,55,PPT0857A,7,7,True
Longest Processing,12,BQM4504A,-50,0,False
Longest Processing,4,PPT1012A,-61,0,False
Longest Processing,29,PPT0861A,137,137,True
Longest Processing,30,PPT0858A,54,54,True
Longest Processing,26,PPT0003A,56,56,True
Longest Processing,27,PPT1051A,59,59,True
Longest Processing,51,PPT1062A,172,172,True
Longest Processing,53,BQM4503A,774,774,True
Longest Processing,52,PPT1058A,90,90,True
Longest Processing,19,PPT0002A,-40,0,False
Longest Processing,18,PPT0857A,-40,0,False
Longest Processing,43,PPT0055A,84,84,True
Longest Processing,44,PPT0057A,168,168,True
Longest Processing,38,PPT0058A,225,225,True
Longest Processing,39,PPT0864A,228,228,True
Longest Processing,10,PPT1002A,34,34,True
Longest Processing,21,PPT1059A,80,80,True
Longest Processing,32,PPT1056A,185,185,True
Longest Processing,11,PPT0052A,36,36,True
Longest Processing,20,PPT1052A,81,81,True
Longest Processing,31,PPT0004A,85,85,True
Longest Processing,2,PPT0003A,-54,0,False
Longest Processing,1,PPT1011A,-54,0,False
Longest Processing,9,PPT1003A,37,37,True
Longest Processing,8,PPT1060A,37,37,True
Resource Utilization,757,PPT0861A,199,199,True
Resource Utilization,758,PPT1004A,170,170,True
Resource Utilization,823,PPT0809A,310,310,True
Resource Utilization,822,BQM4810A,370,370,True
Resource Utilization,819,BQM4503A,1067,1067,True
Resource Utilization,881,PPT1009A,415,415,True
Resource Utilization,856,PPT1004A,295,295,True
Resource Utilization,810,PPT0002A,303,303,True
Resource Utilization,809,PPT1008A,396,396,True
Resource Utilization,847,PPT0056A,333,333,True
Resource Utilization,803,PPT0057A,215,215,True
Resource Utilization,802,PPT0051A,384,384,True
Resource Utilization,880,PPT1058A,355,355,True
Resource Utilization,869,PPT0810A,304,304,True
Resource Utilization,874,BQM4503A,1178,1178,True
Resource Utilization,793,PPT1057A,-75,0,False
Resource Utilization,794,BQM4503A,748,748,True
Resource Utilization,867,PPT1053A,289,289,True
Resource Utilization,870,PPT0060A,273,273,True
Resource Utilization,830,PPT0809A,145,145,True
Resource Utilization,831,PPT0861A,514,514,True
Resource Utilization,857,PPT0060A,-39,0,False
Resource Utilization,828,PPT0057A,331,331,True
Resource Utilization,829,PPT1061A,325,325,True
Resource Utilization,804,PPT0053A,270,270,True
Resource Utilization,864,PPT1003A,43,43,True
Resource Utilization,865,PPT1054A,511,511,True
Resource Utilization,805,PPT0058A,455,455,True
Resource Utilization,861,BQM4202A,396,396,True
Resource Utilization,848,PPT1061A,631,631,True
Resource Utilization,879,PPT0859A,80,80,True
Resource Utilization,862,BQM4853A,497,497,True
Resource Utilization,871,BQM4803A,285,285,True
Resource Utilization,797,PPT0809A,415,415,True
Resource Utilization,866,PPT0859A,481,481,True
Resource Utilization,787,BQM4503A,823,823,True
Resource Utilization,863,BQM4202A,50,50,True
Resource Utilization,792,BQM4503A,1469,1469,True
Resource Utilization,843,BQM4503A,645,645,True
Resource Utilization,842,PPT1013A,356,356,True
Resource Utilization,859,PPT1057A,449,449,True
Resource Utilization,858,BQM4504A,552,552,True
Resource Utilization,878,PPT1053A,500,500,True
Resource Utilization,877,PPT0052A,258,258,True
Resource Utilization,760,PPT1053A,207,207,True
Resource Utilization,759,PPT1062A,471,471,True
Resource Utilization,849,PPT0057A,468,468,True
Resource Utilization,850,PPT0863A,332,332,True
Resource Utilization,795,PPT0804A,221,221,True
Resource Utilization,796,PPT0863A,454,454,True
Resource Utilization,765,PPT1003A,332,332,True
Resource Utilization,761,BQM4503A,1173,1173,True
Resource Utilization,853,PPT1052A,146,146,True
Resource Utilization,852,PPT0059A,537,537,True
Resource Utilization,873,PPT1007A,442,442,True
Resource Utilization,872,PPT1053A,338,338,True
Resource Utilization,824,PPT1002A,297,297,True
Resource Utilization,812,PPT0002A,-47,0,False
Resource Utilization,815,PPT1012A,309,309,True
Resource Utilization,811,BQM4803A,1475,1475,True
Resource Utilization,825,PPT1055A,-52,0,False
Resource Utilization,789,PPT0802A,536,536,True
Resource Utilization,788,PPT1056A,496,496,True
Resource Utilization,838,PPT1007A,382,382,True
Resource Utilization,839,PPT0804A,303,303,True
Resource Utilization,844,PPT1059A,411,411,True
Resource Utilization,777,BQM4504A,301,301,True
Resource Utilization,771,PPT0001A,380,380,True
Resource Utilization,772,PPT0858A,292,292,True
Resource Utilization,820,PPT0861A,310,310,True
Resource Utilization,821,PPT0051A,295,295,True
Resource Utilization,766,PPT1013A,165,165,True
Resource Utilization,776,PPT1054A,306,306,True
Resource Utilization,875,PPT0811A,180,180,True
Resource Utilization,876,PPT1011A,206,206,True
Resource Utilization,767,PPT1010A,155,155,True
Resource Utilization,779,PPT0863A,232,232,True
Resource Utilization,778,PPT1061A,379,379,True
Resource Utilization,840,BQM4503A,1040,1040,True
Resource Utilization,836,PPT0803A,435,435,True
Resource Utilization,841,BQM4202A,69,69,True
Resource Utilization,845,PPT0052A,301,301,True
Resource Utilization,791,PPT1062A,170,170,True
Resource Utilization,790,PPT0857A,145,145,True
Resource Utilization,832,BQM4503A,1547,1547,True
Resource Utilization,833,PPT1001A,299,299,True
Resource Utilization,846,PPT0861A,289,289,True
Resource Utilization,783,PPT1057A,456,456,True
Resource Utilization,784,PPT1004A,450,450,True
Resource Utilization,816,PPT0051A,208,208,True
Resource Utilization,817,PPT1005A,292,292,True
Resource Utilization,798,PPT1057A,320,320,True
Resource Utilization,834,PPT1010A,292,292,True
Resource Utilization,780,PPT0001A,182,182,True
Resource Utilization,835,BQM4853A,603,603,True
Resource Utilization,818,PPT0801A,406,406,True
Resource Utilization,813,PPT0001A,311,311,True
Resource Utilization,800,PPT0863A,295,295,True
Resource Utilization,799,BQM4810A,226,226,True
Resource Utilization,762,BQM4503A,1496,1496,True
Resource Utilization,851,BQM4803A,611,611,True
Resource Utilization,774,PPT0809A,250,250,True
Resource Utilization,773,PPT0051A,323,323,True
Resource Utilization,769,PPT0808A,386,386,True
Resource Utilization,770,PPT0810A,376,376,True
Resource Utilization,827,PPT0864A,398,398,True
Resource Utilization,826,PPT0054A,483,483,True
Resource Utilization,801,PPT1008A,360,360,True
Resource Utilization,755,PPT1007A,268,268,True
Resource Utilization,756,PPT0863A,321,321,True
Resource Utilization,806,PPT1010A,390,390,True
Resource Utilization,814,PPT0861A,469,469,True
Resource Utilization,855,PPT0808A,483,483,True
Resource Utilization,854,PPT1013A,404,404,True
Resource Utilization,775,PPT1009A,449,449,True
Resource Utilization,860,PPT0002A,245,245,True
Resource Utilization,837,PPT0859A,109,109,True
Resource Utilization,763,PPT0055A,330,330,True
Resource Utilization,764,PPT1004A,130,130,True
Resource Utilization,785,PPT1003A,569,569,True
Resource Utilization,786,PPT1002A,364,364,True
Resource Utilization,736,PPT0858A,-60,0,False
Resource Utilization,808,PPT1005A,383,383,True
Resource Utilization,807,PPT0802A,361,361,True
Resource Utilization,685,PPT1008A,226,226,True
Resource Utilization,725,PPT1010A,179,179,True
Resource Utilization,726,BQM4503A,214,214,True
Resource Utilization,741,PPT1001A,490,490,True
Resource Utilization,742,PPT0001A,431,431,True
Resource Utilization,656,PPT0056A,461,461,True
Resource Utilization,657,PPT0808A,437,437,True
Resource Utilization,781,PPT1052A,87,87,True
Resource Utilization,782,PPT0058A,347,347,True
Resource Utilization,697,BQM4504A,219,219,True
Resource Utilization,698,PPT1010A,213,213,True
Resource Utilization,768,PPT1004A,325,325,True
Resource Utilization,671,PPT0807A,263,263,True
Resource Utilization,746,BQM4503A,1215,1215,True
Resource Utilization,678,PPT0811A,216,216,True
Resource Utilization,666,PPT1062A,487,487,True
Resource Utilization,667,PPT0863A,350,350,True
Resource Utilization,636,PPT1056A,190,190,True
Resource Utilization,643,PPT1055A,-2,0,False
Resource Utilization,595,PPT0056A,368,368,True
Resource Utilization,600,PPT0052A,315,315,True
Resource Utilization,683,PPT1062A,530,530,True
Resource Utilization,684,BQM4803A,762,762,True
Resource Utilization,747,PPT0803A,260,260,True
Resource Utilization,748,PPT1012A,252,252,True
Resource Utilization,596,PPT1062A,236,236,True
Resource Utilization,711,BQM4503A,60,60,True
Resource Utilization,753,PPT0859A,280,280,True
Resource Utilization,754,PPT0858A,346,346,True
Resource Utilization,658,BQM4503A,332,332,True
Resource Utilization,659,BQM4803A,117,117,True
Resource Utilization,589,PPT0809A,302,302,True
Resource Utilization,668,PPT0808A,271,271,True
Resource Utilization,613,PPT1011A,328,328,True
Resource Utilization,614,PPT0811A,67,67,True
Resource Utilization,687,PPT0804A,35,35,True
Resource Utilization,679,PPT0804A,351,351,True
Resource Utilization,699,BQM4503A,17,17,True
Resource Utilization,680,PPT0058A,-64,0,False
Resource Utilization,692,BQM4503A,1358,1358,True
Resource Utilization,700,PPT0004A,353,353,True
Resource Utilization,701,PPT0807A,48,48,True
Resource Utilization,686,PPT1057A,219,219,True
Resource Utilization,615,PPT0810A,291,291,True
Resource Utilization,727,BQM4853A,245,245,True
Resource Utilization,728,BQM4803A,1020,1020,True
Resource Utilization,745,PPT0004A,232,232,True
Resource Utilization,693,PPT1062A,405,405,True
Resource Utilization,694,PPT1011A,378,378,True
Resource Utilization,661,PPT0808A,165,165,True
Resource Utilization,628,PPT0003A,300,300,True
Resource Utilization,629,PPT0864A,408,408,True
Resource Utilization,719,PPT0059A,212,212,True
Resource Utilization,660,BQM4810A,116,116,True
Resource Utilization,720,BQM4803A,1493,1493,True
Resource Utilization,650,PPT0811A,118,118,True
Resource Utilization,651,PPT1013A,355,355,True
Resource Utilization,712,PPT1060A,335,335,True
Resource Utilization,730,PPT0058A,379,379,True
Resource Utilization,729,PPT0053A,173,173,True
Resource Utilization,713,PPT0807A,337,337,True
Resource Utilization,731,BQM4202A,185,185,True
Resource Utilization,705,PPT0810A,196,196,True
Resource Utilization,706,PPT0811A,55,55,True
Resource Utilization,707,PPT0804A,230,230,True
Resource Utilization,708,PPT0801A,-46,0,False
Resource Utilization,695,PPT0001A,359,359,True
Resource Utilization,696,PPT0001A,372,372,True
Resource Utilization,703,PPT1007A,465,465,True
Resource Utilization,749,PPT1007A,136,136,True
Resource Utilization,750,PPT1013A,179,179,True
Resource Utilization,743,PPT0808A,487,487,True
Resource Utilization,751,PPT1001A,171,171,True
Resource Utilization,752,PPT0051A,161,161,True
Resource Utilization,744,BQM4202A,161,161,True
Resource Utilization,702,BQM4202A,399,399,True
Resource Utilization,733,BQM4202A,134,134,True
Resource Utilization,732,PPT1060A,404,404,True
Resource Utilization,709,PPT1006A,247,247,True
Resource Utilization,704,PPT0859A,381,381,True
Resource Utilization,740,PPT1003A,287,287,True
Resource Utilization,715,PPT0060A,430,430,True
Resource Utilization,739,PPT1056A,153,153,True
Resource Utilization,737,PPT1053A,163,163,True
Resource Utilization,738,PPT1004A,272,272,True
Resource Utilization,714,PPT0808A,323,323,True
Resource Utilization,682,PPT0054A,292,292,True
Resource Utilization,681,PPT0801A,412,412,True
Resource Utilization,722,PPT1009A,169,169,True
Resource Utilization,721,PPT1056A,351,351,True
Resource Utilization,688,PPT1062A,227,227,True
Resource Utilization,689,PPT0802A,252,252,True
Resource Utilization,670,BQM4202A,-55,0,False
Resource Utilization,735,PPT0052A,116,116,True
Resource Utilization,734,PPT1010A,467,467,True
Resource Utilization,669,PPT1055A,337,337,True
Resource Utilization,716,BQM4803A,1314,1314,True
Resource Utilization,710,BQM4503A,680,680,True
Resource Utilization,665,PPT1054A,402,402,True
Resource Utilization,664,PPT0054A,324,324,True
Resource Utilization,723,PPT0864A,375,375,True
Resource Utilization,724,PPT0808A,228,228,True
Resource Utilization,690,BQM4504A,464,464,True
Resource Utilization,691,PPT1052A,176,176,True
Resource Utilization,717,PPT1056A,169,169,True
Resource Utilization,718,PPT1003A,-37,0,False
Resource Utilization,672,PPT1009A,382,382,True
Resource Utilization,673,PPT1058A,295,295,True
Resource Utilization,674,PPT0859A,286,286,True
Resource Utilization,675,PPT0051A,261,261,True
Resource Utilization,481,PPT0811A,-89,0,False
Resource Utilization,480,BQM4810A,310,310,True
Resource Utilization,676,BQM4803A,418,418,True
Resource Utilization,677,BQM4803A,317,317,True
Resource Utilization,639,PPT0810A,114,114,True
Resource Utilization,640,PPT1008A,161,161,True
Resource Utilization,637,PPT0055A,247,247,True
Resource Utilization,638,PPT0801A,242,242,True
Resource Utilization,616,PPT1004A,179,179,True
Resource Utilization,617,PPT0811A,230,230,True
Resource Utilization,585,BQM4503A,1371,1371,True
Resource Utilization,586,BQM4803A,134,134,True
Resource Utilization,641,PPT1008A,55,55,True
Resource Utilization,642,PPT1003A,539,539,True
Resource Utilization,630,PPT0002A,275,275,True
Resource Utilization,631,PPT0809A,162,162,True
Resource Utilization,632,PPT1057A,312,312,True
Resource Utilization,633,PPT1011A,139,139,True
Resource Utilization,529,BQM4853A,336,336,True
Resource Utilization,590,PPT0804A,-15,0,False
Resource Utilization,591,PPT0810A,138,138,True
Resource Utilization,557,PPT1055A,-69,0,False
Resource Utilization,558,PPT0804A,-50,0,False
Resource Utilization,559,PPT0051A,81,81,True
Resource Utilization,560,PPT1012A,318,318,True
Resource Utilization,574,PPT1052A,282,282,True
Resource Utilization,587,PPT1013A,425,425,True
Resource Utilization,588,PPT0864A,472,472,True
Resource Utilization,618,PPT1012A,-48,0,False
Resource Utilization,619,PPT1058A,216,216,True
Resource Utilization,605,PPT0060A,40,40,True
Resource Utilization,606,PPT0859A,-48,0,False
Resource Utilization,644,PPT0060A,20,20,True
Resource Utilization,645,PPT0058A,131,131,True
Resource Utilization,562,PPT1055A,392,392,True
Resource Utilization,563,PPT0809A,29,29,True
Resource Utilization,646,PPT1004A,-46,0,False
Resource Utilization,647,PPT1001A,282,282,True
Resource Utilization,564,BQM4503A,889,889,True
Resource Utilization,565,BQM4853A,306,306,True
Resource Utilization,652,PPT0803A,304,304,True
Resource Utilization,653,PPT1055A,-16,0,False
Resource Utilization,634,BQM4504A,-44,0,False
Resource Utilization,635,PPT0051A,161,161,True
Resource Utilization,620,PPT1008A,92,92,True
Resource Utilization,621,PPT0804A,-51,0,False
Resource Utilization,607,PPT1004A,282,282,True
Resource Utilization,608,PPT1053A,429,429,True
Resource Utilization,601,PPT0858A,258,258,True
Resource Utilization,602,PPT1011A,168,168,True
Resource Utilization,603,PPT1011A,391,391,True
Resource Utilization,604,PPT1012A,268,268,True
Resource Utilization,581,PPT1056A,334,334,True
Resource Utilization,582,PPT0859A,188,188,True
Resource Utilization,579,PPT0058A,413,413,True
Resource Utilization,580,BQM4504A,361,361,True
Resource Utilization,535,PPT0810A,227,227,True
Resource Utilization,534,PPT1008A,-3,0,False
Resource Utilization,648,PPT1009A,118,118,True
Resource Utilization,649,PPT0864A,221,221,True
Resource Utilization,597,BQM4803A,1154,1154,True
Resource Utilization,543,PPT0801A,276,276,True
Resource Utilization,599,PPT0052A,18,18,True
Resource Utilization,542,PPT1001A,221,221,True
Resource Utilization,598,PPT0802A,159,159,True
Resource Utilization,662,PPT0053A,182,182,True
Resource Utilization,663,PPT0807A,148,148,True
Resource Utilization,494,PPT0058A,-74,0,False
Resource Utilization,493,PPT1051A,161,161,True
Resource Utilization,654,PPT1061A,217,217,True
Resource Utilization,655,PPT1005A,210,210,True
Resource Utilization,538,PPT0004A,271,271,True
Resource Utilization,539,BQM4803A,-61,0,False
Resource Utilization,497,PPT1013A,143,143,True
Resource Utilization,496,PPT1012A,-54,0,False
Resource Utilization,548,PPT1062A,528,528,True
Resource Utilization,549,PPT0052A,252,252,True
Resource Utilization,609,PPT0052A,121,121,True
Resource Utilization,610,PPT0857A,257,257,True
Resource Utilization,611,PPT1001A,431,431,True
Resource Utilization,612,PPT1013A,209,209,True
Resource Utilization,622,PPT0802A,379,379,True
Resource Utilization,623,BQM4504A,354,354,True
Resource Utilization,624,BQM4503A,380,380,True
Resource Utilization,625,BQM4503A,-31,0,False
Resource Utilization,501,PPT1002A,320,320,True
Resource Utilization,500,PPT0058A,191,191,True
Resource Utilization,526,PPT0861A,79,79,True
Resource Utilization,567,PPT1060A,385,385,True
Resource Utilization,423,PPT0802A,154,154,True
Resource Utilization,528,PPT0808A,335,335,True
Resource Utilization,570,PPT0059A,216,216,True
Resource Utilization,571,PPT1009A,152,152,True
Resource Utilization,568,PPT0809A,-2,0,False
Resource Utilization,569,PPT0807A,35,35,True
Resource Utilization,550,PPT0802A,292,292,True
Resource Utilization,561,BQM4503A,208,208,True
Resource Utilization,592,PPT0003A,225,225,True
Resource Utilization,575,PPT1055A,258,258,True
Resource Utilization,576,PPT0801A,257,257,True
Resource Utilization,502,PPT1006A,297,297,True
Resource Utilization,420,PPT0810A,-21,0,False
Resource Utilization,419,PPT1054A,283,283,True
Resource Utilization,627,PPT0060A,266,266,True
Resource Utilization,626,PPT0808A,471,471,True
Resource Utilization,523,PPT1009A,173,173,True
Resource Utilization,522,PPT0809A,-48,0,False
Resource Utilization,566,BQM4503A,831,831,True
Resource Utilization,424,PPT1055A,317,317,True
Resource Utilization,438,BQM4803A,455,455,True
Resource Utilization,467,BQM4803A,752,752,True
Resource Utilization,593,PPT0803A,332,332,True
Resource Utilization,594,PPT0060A,249,249,True
Resource Utilization,584,PPT0059A,291,291,True
Resource Utilization,418,PPT0810A,-69,0,False
Resource Utilization,545,PPT1013A,207,207,True
Resource Utilization,541,PPT1007A,169,169,True
Resource Utilization,583,PPT0054A,198,198,True
Resource Utilization,536,PPT1060A,199,199,True
Resource Utilization,537,PPT0802A,395,395,True
Resource Utilization,509,PPT1009A,438,438,True
Resource Utilization,510,PPT1008A,39,39,True
Resource Utilization,531,PPT1009A,413,413,True
Resource Utilization,530,PPT0811A,-31,0,False
Resource Utilization,553,PPT1008A,208,208,True
Resource Utilization,554,PPT1013A,346,346,True
Resource Utilization,483,PPT0052A,206,206,True
Resource Utilization,482,PPT0060A,-54,0,False
Resource Utilization,516,PPT1054A,183,183,True
Resource Utilization,517,BQM4803A,859,859,True
Resource Utilization,470,PPT0802A,298,298,True
Resource Utilization,469,PPT1008A,224,224,True
Resource Utilization,572,BQM4803A,646,646,True
Resource Utilization,460,PPT0801A,142,142,True
Resource Utilization,459,PPT1057A,239,239,True
Resource Utilization,555,PPT1001A,165,165,True
Resource Utilization,503,PPT0058A,229,229,True
Resource Utilization,468,PPT0052A,6,6,True
Resource Utilization,556,PPT1059A,165,165,True
Resource Utilization,513,PPT1011A,274,274,True
Resource Utilization,514,BQM4202A,246,246,True
Resource Utilization,511,PPT0004A,206,206,True
Resource Utilization,512,PPT0803A,214,214,True
Resource Utilization,573,PPT0807A,331,331,True
Resource Utilization,461,PPT1002A,-47,0,False
Resource Utilization,525,PPT1009A,389,389,True
Resource Utilization,524,PPT0052A,318,318,True
Resource Utilization,406,BQM4503A,1428,1428,True
Resource Utilization,452,PPT1061A,390,390,True
Resource Utilization,462,PPT1061A,232,232,True
Resource Utilization,450,BQM4803A,1211,1211,True
Resource Utilization,578,PPT1010A,333,333,True
Resource Utilization,577,PPT1007A,357,357,True
Resource Utilization,532,PPT1053A,261,261,True
Resource Utilization,533,PPT1007A,390,390,True
Resource Utilization,504,PPT0803A,392,392,True
Resource Utilization,505,PPT0803A,155,155,True
Resource Utilization,451,PPT0053A,54,54,True
Resource Utilization,446,BQM4810A,412,412,True
Resource Utilization,520,PPT0004A,186,186,True
Resource Utilization,519,PPT0801A,325,325,True
Resource Utilization,551,PPT1008A,225,225,True
Resource Utilization,552,BQM4810A,55,55,True
Resource Utilization,449,PPT0807A,-46,0,False
Resource Utilization,544,PPT0802A,340,340,True
Resource Utilization,447,PPT0804A,3,3,True
Resource Utilization,445,BQM4803A,117,117,True
Resource Utilization,521,PPT0001A,267,267,True
Resource Utilization,506,PPT0809A,101,101,True
Resource Utilization,507,PPT0859A,-21,0,False
Resource Utilization,540,PPT0811A,26,26,True
Resource Utilization,518,PPT0052A,-38,0,False
Resource Utilization,546,PPT0809A,86,86,True
Resource Utilization,547,PPT0857A,140,140,True
Resource Utilization,448,PPT0055A,167,167,True
Resource Utilization,463,PPT1002A,-14,0,False
Resource Utilization,433,PPT1053A,459,459,True
Resource Utilization,432,PPT0810A,24,24,True
Resource Utilization,453,PPT0803A,9,9,True
Resource Utilization,484,PPT1058A,256,256,True
Resource Utilization,485,PPT1009A,-47,0,False
Resource Utilization,472,PPT0002A,78,78,True
Resource Utilization,471,PPT0861A,25,25,True
Resource Utilization,476,PPT0052A,65,65,True
Resource Utilization,477,PPT1056A,230,230,True
Resource Utilization,454,BQM4810A,449,449,True
Resource Utilization,498,PPT0801A,128,128,True
Resource Utilization,455,PPT0859A,16,16,True
Resource Utilization,499,PPT0057A,330,330,True
Resource Utilization,377,BQM4503A,366,366,True
Resource Utilization,436,BQM4803A,1178,1178,True
Resource Utilization,402,PPT1057A,82,82,True
Resource Utilization,489,PPT0804A,138,138,True
Resource Utilization,495,PPT0861A,377,377,True
Resource Utilization,456,PPT0002A,338,338,True
Resource Utilization,478,PPT1013A,-40,0,False
Resource Utilization,479,PPT1008A,-40,0,False
Resource Utilization,490,PPT0002A,146,146,True
Resource Utilization,473,PPT1007A,207,207,True
Resource Utilization,474,PPT1013A,214,214,True
Resource Utilization,486,PPT1057A,-34,0,False
Resource Utilization,441,PPT0864A,325,325,True
Resource Utilization,442,PPT0057A,367,367,True
Resource Utilization,439,BQM4853A,28,28,True
Resource Utilization,440,BQM4810A,139,139,True
Resource Utilization,408,BQM4503A,1233,1233,True
Resource Utilization,434,PPT1012A,78,78,True
Resource Utilization,407,BQM4803A,1122,1122,True
Resource Utilization,427,PPT1056A,236,236,True
Resource Utilization,426,PPT1053A,175,175,True
Resource Utilization,425,BQM4202A,158,158,True
Resource Utilization,430,PPT0055A,130,130,True
Resource Utilization,431,PPT1062A,217,217,True
Resource Utilization,428,PPT1012A,324,324,True
Resource Utilization,429,PPT0059A,102,102,True
Resource Utilization,437,PPT1002A,65,65,True
Resource Utilization,465,PPT0051A,306,306,True
Resource Utilization,464,PPT1061A,185,185,True
Resource Utilization,444,PPT0807A,32,32,True
Resource Utilization,435,PPT0057A,57,57,True
Resource Utilization,492,PPT0810A,154,154,True
Resource Utilization,491,PPT1061A,147,147,True
Resource Utilization,458,PPT1009A,208,208,True
Resource Utilization,457,PPT1052A,-30,0,False
Resource Utilization,515,PPT1002A,353,353,True
Resource Utilization,475,PPT1051A,277,277,True
Resource Utilization,443,PPT0859A,273,273,True
Resource Utilization,488,PPT0052A,102,102,True
Resource Utilization,487,PPT1057A,300,300,True
Resource Utilization,508,PPT0059A,176,176,True
Resource Utilization,466,PPT1059A,182,182,True
Resource Utilization,415,BQM4504A,263,263,True
Resource Utilization,414,BQM4810A,161,161,True
Resource Utilization,390,PPT0056A,230,230,True
Resource Utilization,378,PPT1003A,300,300,True
Resource Utilization,379,BQM4503A,59,59,True
Resource Utilization,403,BQM4853A,41,41,True
Resource Utilization,330,PPT0060A,194,194,True
Resource Utilization,413,PPT0052A,135,135,True
Resource Utilization,373,PPT0861A,-55,0,False
Resource Utilization,412,PPT1052A,185,185,True
Resource Utilization,417,BQM4504A,157,157,True
Resource Utilization,411,PPT0052A,302,302,True
Resource Utilization,416,PPT0809A,331,331,True
Resource Utilization,353,BQM4803A,523,523,True
Resource Utilization,351,BQM4803A,457,457,True
Resource Utilization,381,PPT0001A,119,119,True
Resource Utilization,380,PPT0861A,229,229,True
Resource Utilization,398,BQM4503A,1510,1510,True
Resource Utilization,422,PPT0803A,-31,0,False
Resource Utilization,421,PPT1052A,209,209,True
Resource Utilization,410,PPT1007A,206,206,True
Resource Utilization,409,PPT1055A,184,184,True
Resource Utilization,357,BQM4803A,231,231,True
Resource Utilization,392,PPT0058A,15,15,True
Resource Utilization,391,PPT0808A,34,34,True
Resource Utilization,324,BQM4503A,291,291,True
Resource Utilization,325,BQM4803A,311,311,True
Resource Utilization,394,BQM4853A,-35,0,False
Resource Utilization,393,PPT0811A,58,58,True
Resource Utilization,372,PPT0864A,363,363,True
Resource Utilization,395,PPT1001A,284,284,True
Resource Utilization,360,BQM4810A,-49,0,False
Resource Utilization,400,PPT0801A,136,136,True
Resource Utilization,399,PPT0002A,130,130,True
Resource Utilization,385,PPT0857A,-31,0,False
Resource Utilization,363,PPT0053A,150,150,True
Resource Utilization,361,BQM4504A,313,313,True
Resource Utilization,374,PPT0864A,208,208,True
Resource Utilization,375,PPT1057A,327,327,True
Resource Utilization,387,BQM4202A,168,168,True
Resource Utilization,401,PPT1012A,80,80,True
Resource Utilization,356,PPT0001A,-47,0,False
Resource Utilization,354,PPT0863A,262,262,True
Resource Utilization,355,PPT0808A,281,281,True
Resource Utilization,405,PPT0810A,268,268,True
Resource Utilization,376,PPT1005A,291,291,True
Resource Utilization,404,BQM4504A,103,103,True
Resource Utilization,388,PPT1009A,149,149,True
Resource Utilization,389,PPT0811A,164,164,True
Resource Utilization,362,PPT1053A,283,283,True
Resource Utilization,369,PPT1054A,422,422,True
Resource Utilization,370,PPT1004A,273,273,True
Resource Utilization,358,PPT1058A,258,258,True
Resource Utilization,364,BQM4810A,302,302,True
Resource Utilization,396,PPT1057A,145,145,True
Resource Utilization,397,PPT0864A,84,84,True
Resource Utilization,365,PPT0864A,49,49,True
Resource Utilization,340,PPT0003A,235,235,True
Resource Utilization,339,PPT1002A,48,48,True
Resource Utilization,349,PPT1058A,203,203,True
Resource Utilization,350,PPT0002A,41,41,True
Resource Utilization,382,PPT1060A,111,111,True
Resource Utilization,383,PPT0864A,183,183,True
Resource Utilization,386,PPT0059A,180,180,True
Resource Utilization,384,PPT1001A,325,325,True
Resource Utilization,341,PPT0864A,420,420,True
Resource Utilization,368,PPT1056A,156,156,True
Resource Utilization,333,PPT0059A,292,292,True
Resource Utilization,336,PPT1011A,91,91,True
Resource Utilization,371,PPT0803A,-12,0,False
Resource Utilization,359,PPT0053A,225,225,True
Resource Utilization,342,BQM4202A,191,191,True
Resource Utilization,343,PPT0001A,-25,0,False
Resource Utilization,344,PPT1004A,-47,0,False
Resource Utilization,345,PPT1055A,76,76,True
Resource Utilization,307,PPT1003A,206,206,True
Resource Utilization,308,PPT1053A,153,153,True
Resource Utilization,346,BQM4503A,687,687,True
Resource Utilization,347,BQM4803A,582,582,True
Resource Utilization,366,PPT1055A,206,206,True
Resource Utilization,367,PPT0858A,99,99,True
Resource Utilization,326,PPT1054A,258,258,True
Resource Utilization,327,PPT0057A,122,122,True
Resource Utilization,279,BQM4803A,802,802,True
Resource Utilization,280,BQM4503A,231,231,True
Resource Utilization,213,BQM4803A,885,885,True
Resource Utilization,214,BQM4853A,412,412,True
Resource Utilization,348,PPT0057A,234,234,True
Resource Utilization,281,PPT1008A,9,9,True
Resource Utilization,282,PPT0056A,303,303,True
Resource Utilization,283,PPT1011A,110,110,True
Resource Utilization,284,PPT1060A,-59,0,False
Resource Utilization,221,PPT1055A,87,87,True
Resource Utilization,222,PPT1012A,223,223,True
Resource Utilization,223,PPT0858A,202,202,True
Resource Utilization,224,PPT1060A,31,31,True
Resource Utilization,229,PPT1011A,313,313,True
Resource Utilization,230,PPT0059A,156,156,True
Resource Utilization,231,BQM4503A,1075,1075,True
Resource Utilization,232,BQM4853A,541,541,True
Resource Utilization,332,BQM4503A,820,820,True
Resource Utilization,352,PPT1010A,-29,0,False
Resource Utilization,317,PPT1001A,90,90,True
Resource Utilization,318,PPT1061A,239,239,True
Resource Utilization,319,PPT1004A,225,225,True
Resource Utilization,320,PPT0810A,245,245,True
Resource Utilization,311,PPT0002A,246,246,True
Resource Utilization,312,PPT1062A,20,20,True
Resource Utilization,305,PPT0051A,177,177,True
Resource Utilization,306,PPT1054A,-52,0,False
Resource Utilization,255,PPT1062A,224,224,True
Resource Utilization,256,PPT0058A,-58,0,False
Resource Utilization,253,PPT1007A,-58,0,False
Resource Utilization,254,PPT0803A,137,137,True
Resource Utilization,200,BQM4803A,976,976,True
Resource Utilization,329,PPT0057A,107,107,True
Resource Utilization,328,PPT0053A,-40,0,False
Resource Utilization,338,PPT0060A,120,120,True
Resource Utilization,337,PPT0801A,261,261,True
Resource Utilization,270,PPT0864A,68,68,True
Resource Utilization,310,PPT1004A,185,185,True
Resource Utilization,309,PPT1001A,223,223,True
Resource Utilization,335,PPT0053A,284,284,True
Resource Utilization,334,PPT1061A,189,189,True
Resource Utilization,257,PPT1011A,120,120,True
Resource Utilization,258,PPT0060A,38,38,True
Resource Utilization,268,PPT1006A,259,259,True
Resource Utilization,292,BQM4503A,477,477,True
Resource Utilization,313,PPT1059A,155,155,True
Resource Utilization,314,PPT0001A,-13,0,False
Resource Utilization,267,PPT0001A,141,141,True
Resource Utilization,251,BQM4503A,1425,1425,True
Resource Utilization,252,BQM4503A,595,595,True
Resource Utilization,227,PPT0801A,-61,0,False
Resource Utilization,228,PPT1009A,134,134,True
Resource Utilization,225,PPT1056A,262,262,True
Resource Utilization,226,PPT1061A,355,355,True
Resource Utilization,248,PPT0057A,-51,0,False
Resource Utilization,243,PPT0863A,70,70,True
Resource Utilization,244,BQM4202A,221,221,True
Resource Utilization,266,PPT1009A,-43,0,False
Resource Utilization,265,BQM4503A,686,686,True
Resource Utilization,271,PPT0056A,218,218,True
Resource Utilization,272,PPT0056A,366,366,True
Resource Utilization,273,PPT0051A,-47,0,False
Resource Utilization,274,PPT1012A,190,190,True
Resource Utilization,288,BQM4503A,504,504,True
Resource Utilization,287,PPT0807A,44,44,True
Resource Utilization,241,PPT1051A,148,148,True
Resource Utilization,297,PPT1056A,258,258,True
Resource Utilization,298,PPT1013A,36,36,True
Resource Utilization,299,PPT1054A,353,353,True
Resource Utilization,300,PPT1062A,-38,0,False
Resource Utilization,289,PPT1010A,274,274,True
Resource Utilization,233,PPT1054A,179,179,True
Resource Utilization,234,PPT0859A,51,51,True
Resource Utilization,235,PPT0809A,146,146,True
Resource Utilization,236,PPT0053A,249,249,True
Resource Utilization,205,PPT1052A,91,91,True
Resource Utilization,206,BQM4202A,-60,0,False
Resource Utilization,301,PPT1011A,306,306,True
Resource Utilization,302,PPT1054A,335,335,True
Resource Utilization,303,BQM4803A,1264,1264,True
Resource Utilization,304,BQM4853A,276,276,True
Resource Utilization,285,PPT0059A,251,251,True
Resource Utilization,237,BQM4803A,717,717,True
Resource Utilization,238,BQM4803A,-46,0,False
Resource Utilization,215,BQM4202A,61,61,True
Resource Utilization,216,PPT1007A,152,152,True
Resource Utilization,296,PPT0861A,253,253,True
Resource Utilization,295,PPT1059A,86,86,True
Resource Utilization,180,BQM4803A,443,443,True
Resource Utilization,181,BQM4803A,679,679,True
Resource Utilization,275,PPT1054A,365,365,True
Resource Utilization,276,PPT0808A,93,93,True
Resource Utilization,277,PPT0003A,247,247,True
Resource Utilization,278,PPT0863A,176,176,True
Resource Utilization,260,PPT0804A,181,181,True
Resource Utilization,259,BQM4853A,456,456,True
Resource Utilization,152,PPT1007A,231,231,True
Resource Utilization,153,PPT0807A,120,120,True
Resource Utilization,154,PPT0811A,109,109,True
Resource Utilization,155,PPT0808A,-70,0,False
Resource Utilization,219,PPT0859A,153,153,True
Resource Utilization,220,PPT1012A,-46,0,False
Resource Utilization,217,PPT0863A,273,273,True
Resource Utilization,218,PPT0053A,212,212,True
Resource Utilization,184,PPT0802A,-11,0,False
Resource Utilization,185,PPT1053A,334,334,True
Resource Utilization,186,PPT0053A,125,125,True
Resource Utilization,187,PPT1051A,230,230,True
Resource Utilization,250,PPT0055A,-33,0,False
Resource Utilization,249,BQM4810A,299,299,True
Resource Utilization,198,BQM4503A,728,728,True
Resource Utilization,199,BQM4803A,311,311,True
Resource Utilization,162,PPT1002A,-66,0,False
Resource Utilization,163,PPT1008A,-48,0,False
Resource Utilization,164,BQM4503A,1113,1113,True
Resource Utilization,165,BQM4803A,1278,1278,True
Resource Utilization,246,PPT1012A,49,49,True
Resource Utilization,247,PPT1004A,285,285,True
Resource Utilization,207,PPT1056A,23,23,True
Resource Utilization,208,PPT1010A,227,227,True
Resource Utilization,209,PPT0863A,12,12,True
Resource Utilization,210,PPT1011A,-46,0,False
Resource Utilization,203,PPT0053A,-19,0,False
Resource Utilization,204,PPT1013A,-51,0,False
Resource Utilization,201,PPT1010A,276,276,True
Resource Utilization,202,PPT0807A,84,84,True
Resource Utilization,290,PPT0056A,357,357,True
Resource Utilization,291,PPT0059A,317,317,True
Resource Utilization,176,PPT1013A,149,149,True
Resource Utilization,177,PPT1056A,-57,0,False
Resource Utilization,286,PPT1051A,279,279,True
Resource Utilization,172,PPT0053A,142,142,True
Resource Utilization,173,PPT1003A,295,295,True
Resource Utilization,188,BQM4503A,1474,1474,True
Resource Utilization,269,PPT0807A,-10,0,False
Resource Utilization,322,PPT1052A,61,61,True
Resource Utilization,321,PPT0801A,24,24,True
Resource Utilization,331,PPT1059A,133,133,True
Resource Utilization,294,PPT0060A,333,333,True
Resource Utilization,239,PPT0002A,274,274,True
Resource Utilization,240,PPT0051A,51,51,True
Resource Utilization,316,PPT0864A,381,381,True
Resource Utilization,315,PPT0802A,280,280,True
Resource Utilization,323,PPT1001A,271,271,True
Resource Utilization,293,PPT1004A,196,196,True
Resource Utilization,170,PPT0802A,-52,0,False
Resource Utilization,171,PPT0807A,41,41,True
Resource Utilization,245,PPT1001A,-30,0,False
Resource Utilization,263,PPT0059A,202,202,True
Resource Utilization,264,BQM4202A,106,106,True
Resource Utilization,261,PPT0808A,150,150,True
Resource Utilization,262,PPT0056A,158,158,True
Resource Utilization,211,PPT0002A,-36,0,False
Resource Utilization,212,PPT1060A,119,119,True
Resource Utilization,242,PPT1054A,149,149,True
Resource Utilization,139,PPT1062A,14,14,True
Resource Utilization,140,BQM4503A,-64,0,False
Resource Utilization,150,PPT1061A,292,292,True
Resource Utilization,151,PPT1051A,180,180,True
Resource Utilization,148,PPT1010A,100,100,True
Resource Utilization,149,PPT1003A,311,311,True
Resource Utilization,146,PPT1007A,158,158,True
Resource Utilization,147,PPT0801A,-57,0,False
Resource Utilization,182,PPT1001A,17,17,True
Resource Utilization,183,PPT1010A,-25,0,False
Resource Utilization,178,PPT1006A,121,121,True
Resource Utilization,179,PPT1002A,180,180,True
Resource Utilization,156,BQM4504A,117,117,True
Resource Utilization,145,PPT0864A,-53,0,False
Resource Utilization,157,BQM4803A,919,919,True
Resource Utilization,189,PPT0804A,-24,0,False
Resource Utilization,190,PPT0804A,-39,0,False
Resource Utilization,191,PPT0059A,199,199,True
Resource Utilization,192,PPT1002A,92,92,True
Resource Utilization,193,PPT1053A,-39,0,False
Resource Utilization,194,PPT1054A,43,43,True
Resource Utilization,195,PPT1057A,299,299,True
Resource Utilization,196,BQM4853A,324,324,True
Resource Utilization,197,BQM4803A,908,908,True
Resource Utilization,166,PPT1002A,114,114,True
Resource Utilization,167,PPT0802A,338,338,True
Resource Utilization,135,PPT0863A,-50,0,False
Resource Utilization,136,PPT0859A,-19,0,False
Resource Utilization,133,PPT0003A,35,35,True
Resource Utilization,134,PPT0057A,114,114,True
Resource Utilization,161,BQM4503A,895,895,True
Resource Utilization,169,PPT1006A,30,30,True
Resource Utilization,132,PPT0811A,-5,0,False
Resource Utilization,131,PPT0060A,201,201,True
Resource Utilization,168,PPT0804A,127,127,True
Resource Utilization,129,PPT1001A,128,128,True
Resource Utilization,130,PPT0059A,-49,0,False
Resource Utilization,174,PPT0803A,162,162,True
Resource Utilization,175,PPT0864A,90,90,True
Resource Utilization,120,PPT0056A,14,14,True
Resource Utilization,119,BQM4803A,59,59,True
Resource Utilization,107,PPT1056A,28,28,True
Resource Utilization,106,PPT0004A,-60,0,False
Resource Utilization,117,PPT0802A,78,78,True
Resource Utilization,118,BQM4803A,187,187,True
Resource Utilization,143,PPT1007A,-45,0,False
Resource Utilization,144,PPT0859A,209,209,True
Resource Utilization,158,PPT1057A,-39,0,False
Resource Utilization,159,PPT0859A,-36,0,False
Resource Utilization,114,PPT1003A,162,162,True
Resource Utilization,99,PPT0060A,-59,0,False
Resource Utilization,123,PPT1009A,171,171,True
Resource Utilization,124,PPT1052A,-44,0,False
Resource Utilization,121,PPT0058A,151,151,True
Resource Utilization,122,PPT1053A,158,158,True
Resource Utilization,160,BQM4853A,331,331,True
Resource Utilization,35,BQM4503A,42,42,True
Resource Utilization,141,PPT1002A,92,92,True
Resource Utilization,127,PPT0002A,166,166,True
Resource Utilization,128,PPT1053A,131,131,True
Resource Utilization,125,PPT1001A,-29,0,False
Resource Utilization,126,PPT0056A,228,228,True
Resource Utilization,137,PPT1012A,128,128,True
Resource Utilization,138,PPT0802A,281,281,True
Resource Utilization,90,PPT1051A,51,51,True
Resource Utilization,91,PPT1005A,96,96,True
Resource Utilization,142,PPT0858A,119,119,True
Resource Utilization,82,BQM4803A,512,512,True
Resource Utilization,83,BQM4803A,754,754,True
Resource Utilization,84,PPT0055A,186,186,True
Resource Utilization,85,PPT0004A,64,64,True
Resource Utilization,115,PPT0857A,-41,0,False
Resource Utilization,94,PPT1005A,48,48,True
Resource Utilization,116,PPT1003A,242,242,True
Resource Utilization,93,PPT1061A,194,194,True
Resource Utilization,80,BQM4853A,54,54,True
Resource Utilization,102,PPT1057A,315,315,True
Resource Utilization,103,PPT0060A,246,246,True
Resource Utilization,104,PPT1060A,-44,0,False
Resource Utilization,105,PPT1060A,159,159,True
Resource Utilization,7,BQM4803A,1083,1083,True
Resource Utilization,33,PPT0002A,89,89,True
Resource Utilization,34,BQM4503A,269,269,True
Resource Utilization,40,PPT0056A,-66,0,False
Resource Utilization,41,PPT1002A,-27,0,False
Resource Utilization,88,PPT0857A,-2,0,False
Resource Utilization,89,PPT0004A,-27,0,False
Resource Utilization,86,BQM4853A,96,96,True
Resource Utilization,87,BQM4810A,60,60,True
Resource Utilization,49,PPT1062A,85,85,True
Resource Utilization,54,BQM4853A,403,403,True
Resource Utilization,79,PPT0055A,-39,0,False
Resource Utilization,50,PPT0861A,55,55,True
Resource Utilization,36,BQM4503A,314,314,True
Resource Utilization,37,BQM4503A,1020,1020,True
Resource Utilization,81,BQM4202A,-25,0,False
Resource Utilization,67,PPT1058A,123,123,True
Resource Utilization,66,PPT1003A,3,3,True
Resource Utilization,59,PPT1006A,38,38,True
Resource Utilization,60,PPT1058A,-25,0,False
Resource Utilization,64,PPT0055A,111,111,True
Resource Utilization,63,PPT0857A,81,81,True
Resource Utilization,70,PPT1003A,26,26,True
Resource Utilization,71,PPT0001A,166,166,True
Resource Utilization,68,PPT1058A,-48,0,False
Resource Utilization,69,PPT1053A,148,148,True
Resource Utilization,97,PPT1060A,242,242,True
Resource Utilization,98,PPT1062A,-34,0,False
Resource Utilization,95,PPT0857A,121,121,True
Resource Utilization,96,BQM4504A,-34,0,False
Resource Utilization,57,BQM4853A,441,441,True
Resource Utilization,73,PPT1053A,244,244,True
Resource Utilization,74,PPT0804A,42,42,True
Resource Utilization,110,PPT1062A,141,141,True
Resource Utilization,111,PPT1061A,-24,0,False
Resource Utilization,108,PPT1013A,200,200,True
Resource Utilization,109,PPT1055A,11,11,True
Resource Utilization,112,PPT0060A,30,30,True
Resource Utilization,113,PPT1055A,-22,0,False
Resource Utilization,100,PPT0057A,123,123,True
Resource Utilization,101,PPT1054A,-29,0,False
Resource Utilization,45,PPT0060A,126,126,True
Resource Utilization,42,PPT1006A,76,76,True
Resource Utilization,77,PPT1011A,67,67,True
Resource Utilization,78,PPT1057A,267,267,True
Resource Utilization,72,PPT0861A,149,149,True
Resource Utilization,58,PPT0858A,-47,0,False
Resource Utilization,22,PPT0054A,-51,0,False
Resource Utilization,23,PPT0003A,174,174,True
Resource Utilization,62,PPT1059A,-40,0,False
Resource Utilization,76,PPT0803A,-37,0,False
Resource Utilization,61,PPT1005A,195,195,True
Resource Utilization,75,PPT1013A,207,207,True
Resource Utilization,48,PPT1052A,-7,0,False
Resource Utilization,13,PPT1003A,-50,0,False
Resource Utilization,14,BQM4853A,-50,0,False
Resource Utilization,46,BQM4803A,650,650,True
Resource Utilization,47,PPT1005A,117,117,True
Resource Utilization,25,PPT0054A,126,126,True
Resource Utilization,24,PPT1052A,113,113,True
Resource Utilization,6,PPT0857A,-10,0,False
Resource Utilization,5,PPT0054A,138,138,True
Resource Utilization,56,PPT0054A,38,38,True
Resource Utilization,55,PPT0003A,-34,0,False
Resource Utilization,12,PPT0057A,-41,0,False
Resource Utilization,4,PPT0058A,-61,0,False
Resource Utilization,29,PPT1010A,78,78,True
Resource Utilization,30,PPT1051A,-48,0,False
Resource Utilization,26,PPT1006A,-48,0,False
Resource Utilization,27,PPT1005A,134,134,True
Resource Utilization,51,PPT1007A,-39,0,False
Resource Utilization,53,BQM4803A,59,59,True
Resource Utilization,52,PPT1006A,147,147,True
Resource Utilization,19,PPT0003A,41,41,True
Resource Utilization,18,PPT0055A,126,126,True
Resource Utilization,43,PPT0858A,-3,0,False
Resource Utilization,44,PPT0001A,-38,0,False
Resource Utilization,38,PPT0863A,103,103,True
Resource Utilization,39,PPT1061A,157,157,True
Resource Utilization,10,PPT1060A,49,49,True
Resource Utilization,21,PPT1005A,-38,0,False
Resource Utilization,32,BQM4202A,119,119,True
Resource Utilization,11,PPT1010A,10,10,True
Resource Utilization,20,PPT1051A,81,81,True
Resource Utilization,31,PPT0054A,6,6,True
Resource Utilization,2,PPT1059A,46,46,True
Resource Utilization,1,PPT0803A,143,143,True
Resource Utilization,9,PPT1061A,298,298,True
Resource Utilization,8,PPT0056A,-2,0,False
Response Time,757,PPT0863A,212,212,True
Response Time,758,PPT1060A,225,225,True
Response Time,823,PPT0803A,385,385,True
Response Time,822,BQM4810A,407,407,True
Response Time,819,BQM4503A,1030,1030,True
Response Time,881,PPT1056A,425,425,True
Response Time,856,BQM4504A,339,339,True
Response Time,810,PPT1004A,352,352,True
Response Time,809,PPT0861A,495,495,True
Response Time,847,BQM4504A,261,261,True
Response Time,803,PPT1008A,189,189,True
Response Time,802,PPT0811A,471,471,True
Response Time,880,PPT1052A,300,300,True
Response Time,869,PPT0810A,401,401,True
Response Time,874,BQM4803A,1115,1115,True
Response Time,793,PPT1057A,-75,0,False
Response Time,794,BQM4803A,708,708,True
Response Time,867,PPT0001A,183,183,True
Response Time,870,PPT1053A,334,334,True
Response Time,830,PPT0059A,254,254,True
Response Time,831,PPT0808A,518,518,True
Response Time,857,PPT0060A,-39,0,False
Response Time,828,PPT0803A,328,328,True
Response Time,829,PPT0859A,204,204,True
Response Time,804,PPT0802A,299,299,True
Response Time,864,PPT1003A,43,43,True
Response Time,865,PPT1011A,432,432,True
Response Time,805,PPT0053A,472,472,True
Response Time,861,PPT1011A,453,453,True
Response Time,848,PPT0810A,525,525,True
Response Time,879,PPT0859A,80,80,True
Response Time,862,BQM4853A,497,497,True
Response Time,871,BQM4803A,317,317,True
Response Time,797,PPT0052A,465,465,True
Response Time,866,PPT1056A,533,533,True
Response Time,787,BQM4803A,796,796,True
Response Time,863,PPT0809A,115,115,True
Response Time,792,BQM4803A,1408,1408,True
Response Time,843,BQM4803A,601,601,True
Response Time,842,PPT0810A,347,347,True
Response Time,859,PPT0809A,395,395,True
Response Time,858,PPT1001A,525,525,True
Response Time,878,BQM4202A,437,437,True
Response Time,877,PPT1057A,323,323,True
Response Time,760,PPT1003A,36,36,True
Response Time,759,PPT0059A,399,399,True
Response Time,849,PPT0864A,495,495,True
Response Time,850,PPT0801A,300,300,True
Response Time,795,PPT1061A,314,314,True
Response Time,796,PPT0051A,461,461,True
Response Time,765,PPT1053A,254,254,True
Response Time,761,BQM4503A,1104,1104,True
Response Time,853,PPT0804A,207,207,True
Response Time,852,PPT0803A,502,502,True
Response Time,873,PPT1001A,445,445,True
Response Time,872,BQM4202A,246,246,True
Response Time,824,PPT0859A,360,360,True
Response Time,812,PPT0002A,-47,0,False
Response Time,815,PPT1013A,337,337,True
Response Time,811,BQM4803A,1542,1542,True
Response Time,825,PPT1055A,-52,0,False
Response Time,789,PPT0001A,486,486,True
Response Time,788,PPT0051A,498,498,True
Response Time,838,PPT1010A,371,371,True
Response Time,839,PPT1003A,403,403,True
Response Time,844,PPT1006A,396,396,True
Response Time,777,PPT0810A,293,293,True
Response Time,771,PPT1009A,400,400,True
Response Time,772,PPT1058A,265,265,True
Response Time,820,PPT0809A,307,307,True
Response Time,821,PPT0002A,352,352,True
Response Time,766,PPT0811A,134,134,True
Response Time,776,PPT0051A,239,239,True
Response Time,875,PPT1010A,320,320,True
Response Time,876,PPT0810A,114,114,True
Response Time,767,PPT0859A,106,106,True
Response Time,779,PPT0801A,176,176,True
Response Time,778,PPT0861A,297,297,True
Response Time,840,BQM4503A,1003,1003,True
Response Time,836,PPT1004A,461,461,True
Response Time,841,BQM4810A,185,185,True
Response Time,845,PPT1057A,358,358,True
Response Time,791,PPT1057A,-34,0,False
Response Time,790,BQM4202A,113,113,True
Response Time,832,BQM4503A,1483,1483,True
Response Time,833,PPT0056A,308,308,True
Response Time,846,PPT1061A,283,283,True
Response Time,783,PPT1009A,384,384,True
Response Time,784,PPT1008A,486,486,True
Response Time,816,PPT1012A,215,215,True
Response Time,817,PPT0864A,209,209,True
Response Time,798,PPT0052A,278,278,True
Response Time,834,PPT0808A,316,316,True
Response Time,780,PPT0861A,244,244,True
Response Time,835,BQM4853A,603,603,True
Response Time,818,PPT0861A,451,451,True
Response Time,813,PPT1012A,342,342,True
Response Time,800,PPT0802A,268,268,True
Response Time,799,BQM4810A,263,263,True
Response Time,762,BQM4503A,1432,1432,True
Response Time,851,BQM4803A,630,630,True
Response Time,774,PPT0861A,330,330,True
Response Time,773,PPT0802A,404,404,True
Response Time,769,PPT0053A,339,339,True
Response Time,770,PPT0859A,446,446,True
Response Time,827,PPT1061A,366,366,True
Response Time,826,PPT1005A,394,394,True
Response Time,801,PPT0863A,453,453,True
Response Time,755,PPT0803A,250,250,True
Response Time,756,PPT0053A,298,298,True
Response Time,806,PPT1012A,398,398,True
Response Time,814,PPT0861A,477,477,True
Response Time,855,PPT0001A,457,457,True
Response Time,854,PPT0808A,397,397,True
Response Time,775,PPT1013A,441,441,True
Response Time,860,PPT1008A,291,291,True
Response Time,837,PPT1012A,182,182,True
Response Time,763,PPT1058A,285,285,True
Response Time,764,PPT1062A,156,156,True
Response Time,785,BQM4504A,478,478,True
Response Time,786,PPT1055A,424,424,True
Response Time,736,PPT0858A,-60,0,False
Response Time,808,PPT1051A,320,320,True
Response Time,807,PPT1062A,283,283,True
Response Time,685,PPT0801A,329,329,True
Response Time,725,PPT1009A,192,192,True
Response Time,726,BQM4803A,216,216,True
Response Time,741,PPT1060A,490,490,True
Response Time,742,PPT0807A,480,480,True
Response Time,656,PPT0002A,381,381,True
Response Time,657,PPT0804A,404,404,True
Response Time,781,PPT1056A,175,175,True
Response Time,782,PPT0001A,384,384,True
Response Time,697,BQM4504A,180,180,True
Response Time,698,PPT1003A,225,225,True
Response Time,768,PPT0803A,339,339,True
Response Time,671,PPT0053A,380,380,True
Response Time,746,BQM4803A,1139,1139,True
Response Time,678,PPT0810A,367,367,True
Response Time,666,PPT1062A,397,397,True
Response Time,667,PPT0863A,335,335,True
Response Time,636,PPT1007A,186,186,True
Response Time,643,PPT0864A,163,163,True
Response Time,595,PPT0811A,292,292,True
Response Time,600,PPT0809A,394,394,True
Response Time,683,PPT1056A,431,431,True
Response Time,684,BQM4503A,809,809,True
Response Time,747,PPT0808A,253,253,True
Response Time,748,PPT1009A,290,290,True
Response Time,596,PPT0807A,198,198,True
Response Time,711,BQM4503A,60,60,True
Response Time,753,PPT1062A,346,346,True
Response Time,754,PPT0054A,325,325,True
Response Time,658,BQM4503A,341,341,True
Response Time,659,BQM4503A,77,77,True
Response Time,589,PPT0804A,352,352,True
Response Time,668,PPT0811A,249,249,True
Response Time,613,PPT1010A,330,330,True
Response Time,614,PPT1010A,192,192,True
Response Time,687,PPT0808A,138,138,True
Response Time,679,PPT0863A,455,455,True
Response Time,699,BQM4503A,17,17,True
Response Time,680,PPT0058A,-64,0,False
Response Time,692,BQM4803A,1297,1297,True
Response Time,700,PPT0054A,343,343,True
Response Time,701,PPT0811A,61,61,True
Response Time,686,PPT1055A,160,160,True
Response Time,615,PPT1056A,359,359,True
Response Time,727,BQM4853A,245,245,True
Response Time,728,BQM4803A,1092,1092,True
Response Time,745,PPT0859A,187,187,True
Response Time,693,PPT0864A,340,340,True
Response Time,694,PPT0811A,385,385,True
Response Time,661,PPT0802A,158,158,True
Response Time,628,PPT0858A,234,234,True
Response Time,629,PPT0864A,359,359,True
Response Time,719,PPT0052A,135,135,True
Response Time,660,BQM4810A,153,153,True
Response Time,720,BQM4803A,1560,1560,True
Response Time,650,PPT0059A,253,253,True
Response Time,651,PPT1053A,354,354,True
Response Time,712,PPT1002A,317,317,True
Response Time,730,PPT0802A,410,410,True
Response Time,729,PPT0052A,204,204,True
Response Time,713,PPT1009A,450,450,True
Response Time,731,PPT1055A,253,253,True
Response Time,705,PPT0808A,291,291,True
Response Time,706,PPT0804A,126,126,True
Response Time,707,PPT0807A,315,315,True
Response Time,708,PPT0801A,-46,0,False
Response Time,695,BQM4504A,387,387,True
Response Time,696,BQM4504A,419,419,True
Response Time,703,PPT0057A,475,475,True
Response Time,749,PPT0052A,78,78,True
Response Time,750,PPT1012A,168,168,True
Response Time,743,PPT1011A,472,472,True
Response Time,751,PPT1013A,60,60,True
Response Time,752,PPT1007A,156,156,True
Response Time,744,PPT1004A,221,221,True
Response Time,702,BQM4504A,475,475,True
Response Time,733,PPT0809A,214,214,True
Response Time,732,PPT0863A,393,393,True
Response Time,709,PPT0055A,184,184,True
Response Time,704,PPT0060A,444,444,True
Response Time,740,PPT1056A,215,215,True
Response Time,715,PPT1055A,436,436,True
Response Time,739,PPT0060A,72,72,True
Response Time,737,PPT1055A,-40,0,False
Response Time,738,PPT1002A,282,282,True
Response Time,714,PPT1008A,282,282,True
Response Time,682,PPT0003A,220,220,True
Response Time,681,PPT0803A,462,462,True
Response Time,722,PPT1003A,204,204,True
Response Time,721,PPT1004A,352,352,True
Response Time,688,PPT0059A,173,173,True
Response Time,689,BQM4202A,159,159,True
Response Time,670,BQM4202A,-55,0,False
Response Time,735,PPT1002A,176,176,True
Response Time,734,PPT0053A,474,474,True
Response Time,669,PPT1061A,385,385,True
Response Time,716,BQM4503A,1378,1378,True
Response Time,710,BQM4503A,633,633,True
Response Time,665,PPT0060A,344,344,True
Response Time,664,PPT0054A,255,255,True
Response Time,723,PPT1007A,330,330,True
Response Time,724,PPT0053A,189,189,True
Response Time,690,PPT0859A,438,438,True
Response Time,691,PPT1058A,204,204,True
Response Time,717,BQM4504A,109,109,True
Response Time,718,PPT1003A,-37,0,False
Response Time,672,PPT1010A,368,368,True
Response Time,673,PPT0054A,239,239,True
Response Time,674,PPT1055A,338,338,True
Response Time,675,PPT1054A,328,328,True
Response Time,481,PPT0811A,-89,0,False
Response Time,480,BQM4810A,347,347,True
Response Time,676,BQM4803A,438,438,True
Response Time,677,BQM4803A,311,311,True
Response Time,639,PPT1001A,204,204,True
Response Time,640,PPT1056A,272,272,True
Response Time,637,PPT0858A,199,199,True
Response Time,638,PPT0051A,293,293,True
Response Time,616,PPT1010A,213,213,True
Response Time,617,PPT1011A,394,394,True
Response Time,585,BQM4803A,1310,1310,True
Response Time,586,BQM4503A,135,135,True
Response Time,641,PPT1010A,99,99,True
Response Time,642,BQM4202A,440,440,True
Response Time,630,PPT1060A,319,319,True
Response Time,631,PPT0804A,239,239,True
Response Time,632,PPT0809A,262,262,True
Response Time,633,PPT1060A,91,91,True
Response Time,529,BQM4853A,336,336,True
Response Time,590,BQM4810A,75,75,True
Response Time,591,PPT1062A,228,228,True
Response Time,557,PPT0058A,-64,0,False
Response Time,558,PPT0801A,-64,0,False
Response Time,559,PPT0809A,-5,0,False
Response Time,560,PPT0051A,353,353,True
Response Time,574,PPT1052A,309,309,True
Response Time,587,PPT0058A,435,435,True
Response Time,588,PPT0001A,393,393,True
Response Time,618,PPT1012A,-48,0,False
Response Time,619,PPT1056A,155,155,True
Response Time,605,PPT1007A,137,137,True
Response Time,606,PPT0859A,-48,0,False
Response Time,644,PPT0002A,86,86,True
Response Time,645,PPT0811A,199,199,True
Response Time,562,PPT1054A,435,435,True
Response Time,563,PPT0803A,106,106,True
Response Time,646,PPT1004A,-46,0,False
Response Time,647,PPT1010A,279,279,True
Response Time,564,BQM4803A,860,860,True
Response Time,565,BQM4853A,306,306,True
Response Time,652,PPT0057A,309,309,True
Response Time,653,PPT0859A,92,92,True
Response Time,634,BQM4504A,-44,0,False
Response Time,635,PPT0810A,192,192,True
Response Time,620,PPT1008A,196,196,True
Response Time,621,PPT0804A,-51,0,False
Response Time,607,PPT1054A,296,296,True
Response Time,608,PPT1009A,363,363,True
Response Time,601,PPT1006A,243,243,True
Response Time,602,PPT0060A,152,152,True
Response Time,603,PPT1002A,385,385,True
Response Time,604,PPT0808A,289,289,True
Response Time,581,PPT0808A,346,346,True
Response Time,582,BQM4202A,260,260,True
Response Time,579,PPT1004A,421,421,True
Response Time,580,PPT1012A,347,347,True
Response Time,535,PPT1008A,321,321,True
Response Time,534,PPT1055A,-11,0,False
Response Time,648,PPT0057A,113,113,True
Response Time,649,PPT0058A,171,171,True
Response Time,597,BQM4503A,1218,1218,True
Response Time,543,PPT0060A,344,344,True
Response Time,599,PPT0058A,-24,0,False
Response Time,542,PPT1003A,224,224,True
Response Time,598,BQM4202A,81,81,True
Response Time,662,PPT1054A,214,214,True
Response Time,663,PPT1056A,253,253,True
Response Time,494,PPT0811A,-40,0,False
Response Time,493,PPT1057A,-8,0,False
Response Time,654,PPT0052A,25,25,True
Response Time,655,PPT0857A,103,103,True
Response Time,538,PPT1059A,271,271,True
Response Time,539,BQM4803A,-61,0,False
Response Time,497,PPT1062A,147,147,True
Response Time,496,PPT1012A,-54,0,False
Response Time,548,PPT0809A,406,406,True
Response Time,549,PPT1004A,325,325,True
Response Time,609,PPT0804A,197,197,True
Response Time,610,PPT0857A,250,250,True
Response Time,611,PPT1057A,440,440,True
Response Time,612,PPT1061A,184,184,True
Response Time,622,PPT0807A,317,317,True
Response Time,623,PPT0801A,339,339,True
Response Time,624,BQM4503A,363,363,True
Response Time,625,BQM4503A,-31,0,False
Response Time,501,PPT1012A,379,379,True
Response Time,500,PPT1054A,230,230,True
Response Time,526,PPT0801A,58,58,True
Response Time,567,PPT1054A,382,382,True
Response Time,423,PPT1053A,97,97,True
Response Time,528,PPT0859A,305,305,True
Response Time,570,PPT0056A,173,173,True
Response Time,571,PPT1055A,172,172,True
Response Time,568,PPT0002A,2,2,True
Response Time,569,PPT0051A,108,108,True
Response Time,550,BQM4202A,225,225,True
Response Time,561,BQM4503A,179,179,True
Response Time,592,PPT0001A,168,168,True
Response Time,575,PPT0811A,316,316,True
Response Time,576,PPT1062A,323,323,True
Response Time,502,PPT1052A,252,252,True
Response Time,420,PPT0052A,11,11,True
Response Time,419,PPT0804A,222,222,True
Response Time,627,PPT1010A,308,308,True
Response Time,626,PPT0801A,447,447,True
Response Time,523,PPT0864A,198,198,True
Response Time,522,PPT0809A,-48,0,False
Response Time,566,BQM4503A,819,819,True
Response Time,424,PPT1060A,364,364,True
Response Time,438,BQM4503A,502,502,True
Response Time,467,BQM4803A,767,767,True
Response Time,593,PPT0001A,358,358,True
Response Time,594,PPT0809A,289,289,True
Response Time,584,PPT0056A,262,262,True
Response Time,418,PPT0810A,-69,0,False
Response Time,545,PPT1009A,177,177,True
Response Time,541,PPT1008A,131,131,True
Response Time,583,PPT0857A,68,68,True
Response Time,536,PPT0001A,178,178,True
Response Time,537,PPT1003A,336,336,True
Response Time,509,PPT1002A,412,412,True
Response Time,510,PPT0051A,123,123,True
Response Time,531,PPT1013A,388,388,True
Response Time,530,PPT1055A,-43,0,False
Response Time,553,PPT1057A,276,276,True
Response Time,554,PPT1008A,355,355,True
Response Time,483,PPT1053A,276,276,True
Response Time,482,PPT0002A,-54,0,False
Response Time,516,BQM4504A,93,93,True
Response Time,517,BQM4803A,899,899,True
Response Time,470,PPT0059A,226,226,True
Response Time,469,PPT1060A,306,306,True
Response Time,572,BQM4803A,666,666,True
Response Time,460,PPT0053A,182,182,True
Response Time,459,PPT0863A,182,182,True
Response Time,555,PPT1053A,160,160,True
Response Time,503,PPT1012A,266,266,True
Response Time,468,PPT0060A,23,23,True
Response Time,556,BQM4202A,87,87,True
Response Time,513,PPT0060A,280,280,True
Response Time,514,PPT1001A,309,309,True
Response Time,511,PPT1052A,195,195,True
Response Time,512,PPT1061A,195,195,True
Response Time,573,PPT0802A,433,433,True
Response Time,461,PPT1002A,-47,0,False
Response Time,525,PPT1053A,369,369,True
Response Time,524,PPT1054A,400,400,True
Response Time,406,BQM4503A,1364,1364,True
Response Time,452,PPT0056A,305,305,True
Response Time,462,PPT0053A,141,141,True
Response Time,450,BQM4503A,1275,1275,True
Response Time,578,PPT1062A,346,346,True
Response Time,577,BQM4202A,350,350,True
Response Time,532,PPT1003A,199,199,True
Response Time,533,PPT1057A,395,395,True
Response Time,504,PPT0056A,396,396,True
Response Time,505,PPT0803A,143,143,True
Response Time,451,PPT0002A,9,9,True
Response Time,446,BQM4810A,449,449,True
Response Time,520,PPT0054A,174,174,True
Response Time,519,PPT1012A,359,359,True
Response Time,551,PPT0057A,292,292,True
Response Time,552,PPT0001A,56,56,True
Response Time,449,PPT0807A,-46,0,False
Response Time,544,PPT1013A,270,270,True
Response Time,447,PPT1057A,136,136,True
Response Time,445,BQM4503A,118,118,True
Response Time,521,PPT1007A,293,293,True
Response Time,506,PPT0002A,192,192,True
Response Time,507,PPT0810A,12,12,True
Response Time,540,PPT0859A,147,147,True
Response Time,518,PPT0052A,-38,0,False
Response Time,546,PPT0859A,178,178,True
Response Time,547,PPT0808A,147,147,True
Response Time,448,PPT0001A,106,106,True
Response Time,463,PPT1013A,0,0,False
Response Time,433,PPT0059A,392,392,True
Response Time,432,PPT0057A,101,101,True
Response Time,453,PPT1057A,-44,0,False
Response Time,484,PPT1051A,195,195,True
Response Time,485,PPT1009A,-47,0,False
Response Time,472,PPT0803A,101,101,True
Response Time,471,PPT0804A,-46,0,False
Response Time,476,PPT1007A,122,122,True
Response Time,477,PPT0056A,223,223,True
Response Time,454,BQM4810A,486,486,True
Response Time,498,PPT1002A,172,172,True
Response Time,455,PPT0861A,114,114,True
Response Time,499,BQM4202A,350,350,True
Response Time,377,BQM4503A,349,349,True
Response Time,436,BQM4503A,1242,1242,True
Response Time,402,PPT0060A,39,39,True
Response Time,489,PPT0052A,226,226,True
Response Time,495,PPT0804A,382,382,True
Response Time,456,PPT1011A,369,369,True
Response Time,478,PPT1013A,-40,0,False
Response Time,479,PPT1008A,-40,0,False
Response Time,490,PPT1054A,189,189,True
Response Time,473,PPT1009A,184,184,True
Response Time,474,PPT0803A,189,189,True
Response Time,486,BQM4202A,-34,0,False
Response Time,441,PPT0002A,292,292,True
Response Time,442,PPT0811A,395,395,True
Response Time,439,BQM4853A,28,28,True
Response Time,440,BQM4810A,176,176,True
Response Time,408,BQM4803A,1172,1172,True
Response Time,434,PPT0801A,105,105,True
Response Time,407,BQM4503A,1186,1186,True
Response Time,427,PPT1009A,238,238,True
Response Time,426,PPT1060A,86,86,True
Response Time,425,PPT1053A,219,219,True
Response Time,430,PPT0001A,69,69,True
Response Time,431,PPT1060A,178,178,True
Response Time,428,PPT1053A,382,382,True
Response Time,429,BQM4202A,-32,0,False
Response Time,437,PPT1054A,121,121,True
Response Time,465,PPT0864A,392,392,True
Response Time,464,PPT0861A,22,22,True
Response Time,444,PPT0060A,134,134,True
Response Time,435,PPT0859A,-35,0,False
Response Time,492,PPT0802A,261,261,True
Response Time,491,PPT0060A,-24,0,False
Response Time,458,PPT0001A,221,221,True
Response Time,457,PPT1052A,-30,0,False
Response Time,515,PPT0859A,405,405,True
Response Time,475,PPT0004A,190,190,True
Response Time,443,PPT0803A,337,337,True
Response Time,488,PPT0059A,180,180,True
Response Time,487,PPT1060A,251,251,True
Response Time,508,PPT1055A,132,132,True
Response Time,466,PPT1051A,149,149,True
Response Time,415,PPT0804A,259,259,True
Response Time,414,BQM4810A,198,198,True
Response Time,390,PPT1055A,172,172,True
Response Time,378,PPT0052A,210,210,True
Response Time,379,BQM4803A,61,61,True
Response Time,403,BQM4803A,39,39,True
Response Time,330,PPT1002A,239,239,True
Response Time,413,PPT1004A,190,190,True
Response Time,373,PPT0861A,-55,0,False
Response Time,412,PPT1059A,209,209,True
Response Time,417,PPT0002A,141,141,True
Response Time,411,PPT0864A,389,389,True
Response Time,416,PPT0807A,361,361,True
Response Time,353,BQM4503A,566,566,True
Response Time,351,BQM4803A,507,507,True
Response Time,381,PPT0058A,159,159,True
Response Time,380,PPT1011A,227,227,True
Response Time,398,BQM4503A,1446,1446,True
Response Time,422,PPT0803A,-31,0,False
Response Time,421,PPT0004A,246,246,True
Response Time,410,PPT1057A,193,193,True
Response Time,409,PPT0059A,232,232,True
Response Time,357,BQM4803A,225,225,True
Response Time,392,PPT0807A,80,80,True
Response Time,391,PPT1055A,-34,0,False
Response Time,324,BQM4503A,274,274,True
Response Time,325,BQM4503A,358,358,True
Response Time,394,BQM4853A,-35,0,False
Response Time,393,PPT0864A,207,207,True
Response Time,372,PPT0810A,301,301,True
Response Time,395,PPT1010A,297,297,True
Response Time,360,BQM4810A,-49,0,False
Response Time,400,PPT0864A,182,182,True
Response Time,399,PPT1010A,174,174,True
Response Time,385,PPT0857A,-31,0,False
Response Time,363,PPT0801A,169,169,True
Response Time,361,PPT0808A,298,298,True
Response Time,374,PPT1011A,170,170,True
Response Time,375,PPT0807A,250,250,True
Response Time,387,PPT1008A,236,236,True
Response Time,401,PPT1002A,114,114,True
Response Time,356,PPT0001A,-47,0,False
Response Time,354,PPT0051A,245,245,True
Response Time,355,PPT0051A,232,232,True
Response Time,405,PPT0057A,357,357,True
Response Time,376,PPT0857A,224,224,True
Response Time,404,PPT0053A,49,49,True
Response Time,388,PPT1001A,165,165,True
Response Time,389,PPT1053A,335,335,True
Response Time,362,PPT0053A,214,214,True
Response Time,369,PPT0052A,355,355,True
Response Time,370,PPT1008A,309,309,True
Response Time,358,PPT1058A,215,215,True
Response Time,364,BQM4810A,339,339,True
Response Time,396,PPT0859A,102,102,True
Response Time,397,PPT0804A,-7,0,False
Response Time,365,PPT0801A,-40,0,False
Response Time,340,PPT1005A,157,157,True
Response Time,339,PPT0051A,111,111,True
Response Time,349,PPT1051A,159,159,True
Response Time,350,PPT1008A,72,72,True
Response Time,382,PPT1001A,86,86,True
Response Time,383,PPT1013A,152,152,True
Response Time,386,PPT0859A,143,143,True
Response Time,384,PPT1002A,333,333,True
Response Time,341,PPT0804A,340,340,True
Response Time,368,PPT0052A,147,147,True
Response Time,333,PPT0058A,260,260,True
Response Time,336,PPT0801A,76,76,True
Response Time,371,PPT1007A,5,5,True
Response Time,359,PPT1057A,261,261,True
Response Time,342,PPT0057A,246,246,True
Response Time,343,PPT0811A,-45,0,False
Response Time,344,PPT0804A,-47,0,False
Response Time,345,PPT0056A,112,112,True
Response Time,307,PPT1001A,114,114,True
Response Time,308,PPT0808A,74,74,True
Response Time,346,BQM4503A,629,629,True
Response Time,347,BQM4803A,602,602,True
Response Time,366,PPT0861A,262,262,True
Response Time,367,BQM4202A,31,31,True
Response Time,326,PPT0002A,186,186,True
Response Time,327,PPT0861A,108,108,True
Response Time,279,BQM4803A,842,842,True
Response Time,280,BQM4803A,238,238,True
Response Time,213,BQM4503A,964,964,True
Response Time,214,BQM4853A,412,412,True
Response Time,348,PPT1054A,247,247,True
Response Time,281,PPT1012A,123,123,True
Response Time,282,PPT1013A,231,231,True
Response Time,283,PPT1056A,99,99,True
Response Time,284,PPT1060A,-59,0,False
Response Time,221,PPT1007A,133,133,True
Response Time,222,PPT1061A,275,275,True
Response Time,223,PPT0858A,189,189,True
Response Time,224,PPT0051A,-38,0,False
Response Time,229,PPT0002A,300,300,True
Response Time,230,PPT0863A,119,119,True
Response Time,231,BQM4503A,998,998,True
Response Time,232,BQM4853A,511,511,True
Response Time,332,BQM4803A,791,791,True
Response Time,352,PPT1010A,-29,0,False
Response Time,317,PPT1013A,95,95,True
Response Time,318,PPT1061A,155,155,True
Response Time,319,PPT0809A,249,249,True
Response Time,320,PPT1013A,329,329,True
Response Time,311,PPT1055A,275,275,True
Response Time,312,BQM4504A,-51,0,False
Response Time,305,PPT1001A,259,259,True
Response Time,306,PPT1054A,-52,0,False
Response Time,255,PPT0001A,155,155,True
Response Time,256,PPT0859A,-28,0,False
Response Time,253,PPT1007A,-58,0,False
Response Time,254,PPT0807A,130,130,True
Response Time,200,BQM4803A,1056,1056,True
Response Time,329,PPT1004A,97,97,True
Response Time,328,PPT0053A,-40,0,False
Response Time,338,PPT1003A,166,166,True
Response Time,337,PPT0051A,302,302,True
Response Time,270,PPT1009A,-5,0,False
Response Time,310,PPT1001A,204,204,True
Response Time,309,PPT0052A,217,217,True
Response Time,335,PPT1003A,337,337,True
Response Time,334,PPT0810A,99,99,True
Response Time,257,PPT1054A,112,112,True
Response Time,258,PPT0053A,77,77,True
Response Time,268,PPT1059A,207,207,True
Response Time,292,BQM4803A,449,449,True
Response Time,313,PPT0003A,128,128,True
Response Time,314,PPT0810A,-3,0,False
Response Time,267,PPT1003A,172,172,True
Response Time,251,BQM4503A,1361,1361,True
Response Time,252,BQM4503A,578,578,True
Response Time,227,PPT0810A,-61,0,False
Response Time,228,PPT1008A,151,151,True
Response Time,225,PPT1007A,268,268,True
Response Time,226,BQM4202A,271,271,True
Response Time,248,PPT0057A,-51,0,False
Response Time,243,PPT1012A,27,27,True
Response Time,244,PPT1062A,284,284,True
Response Time,266,PPT1009A,-43,0,False
Response Time,265,BQM4803A,642,642,True
Response Time,271,PPT1062A,127,127,True
Response Time,272,PPT1007A,309,309,True
Response Time,273,PPT0051A,-47,0,False
Response Time,274,PPT1003A,216,216,True
Response Time,288,BQM4503A,457,457,True
Response Time,287,PPT0802A,153,153,True
Response Time,241,PPT0857A,62,62,True
Response Time,297,BQM4504A,266,266,True
Response Time,298,PPT0052A,32,32,True
Response Time,299,PPT0058A,283,283,True
Response Time,300,PPT1062A,-38,0,False
Response Time,289,PPT1010A,288,288,True
Response Time,233,PPT0801A,110,110,True
Response Time,234,PPT0051A,119,119,True
Response Time,235,PPT0002A,185,185,True
Response Time,236,PPT0058A,291,291,True
Response Time,205,PPT0004A,113,113,True
Response Time,206,PPT0057A,-12,0,False
Response Time,301,PPT1004A,295,295,True
Response Time,302,PPT1007A,265,265,True
Response Time,303,BQM4803A,1331,1331,True
Response Time,304,BQM4853A,276,276,True
Response Time,285,PPT1007A,231,231,True
Response Time,237,BQM4503A,749,749,True
Response Time,238,BQM4803A,-46,0,False
Response Time,215,PPT0056A,111,111,True
Response Time,216,PPT1002A,130,130,True
Response Time,296,PPT0807A,248,248,True
Response Time,295,PPT1054A,29,29,True
Response Time,180,BQM4503A,486,486,True
Response Time,181,BQM4503A,711,711,True
Response Time,275,PPT1003A,287,287,True
Response Time,276,PPT0804A,55,55,True
Response Time,277,PPT1006A,167,167,True
Response Time,278,PPT1009A,146,146,True
Response Time,260,PPT0810A,294,294,True
Response Time,259,BQM4810A,432,432,True
Response Time,152,PPT1001A,233,233,True
Response Time,153,PPT1056A,226,226,True
Response Time,154,PPT1008A,284,284,True
Response Time,155,PPT0808A,-70,0,False
Response Time,219,PPT0803A,217,217,True
Response Time,220,PPT0053A,-44,0,False
Response Time,217,PPT0801A,282,282,True
Response Time,218,PPT0807A,254,254,True
Response Time,184,PPT1003A,-59,0,False
Response Time,185,PPT1001A,269,269,True
Response Time,186,PPT0810A,143,143,True
Response Time,187,PPT1005A,148,148,True
Response Time,250,PPT0055A,-33,0,False
Response Time,249,BQM4810A,336,336,True
Response Time,198,BQM4803A,699,699,True
Response Time,199,BQM4503A,358,358,True
Response Time,162,PPT1060A,-37,0,False
Response Time,163,BQM4504A,59,59,True
Response Time,164,BQM4503A,1036,1036,True
Response Time,165,BQM4803A,1345,1345,True
Response Time,246,PPT0060A,92,92,True
Response Time,247,PPT0001A,324,324,True
Response Time,207,PPT0053A,0,0,False
Response Time,208,PPT0056A,231,231,True
Response Time,209,PPT1008A,-46,0,False
Response Time,210,PPT1011A,-46,0,False
Response Time,203,PPT1009A,-2,0,False
Response Time,204,PPT1012A,-51,0,False
Response Time,201,PPT0808A,279,279,True
Response Time,202,PPT0861A,196,196,True
Response Time,290,PPT0057A,296,296,True
Response Time,291,PPT0060A,281,281,True
Response Time,176,PPT0060A,133,133,True
Response Time,177,PPT1056A,-57,0,False
Response Time,286,PPT1051A,203,203,True
Response Time,172,PPT0059A,166,166,True
Response Time,173,PPT0859A,208,208,True
Response Time,188,BQM4503A,1410,1410,True
Response Time,269,BQM4202A,94,94,True
Response Time,322,PPT1051A,99,99,True
Response Time,321,PPT0057A,67,67,True
Response Time,331,PPT1006A,110,110,True
Response Time,294,PPT1012A,325,325,True
Response Time,239,PPT0060A,309,309,True
Response Time,240,PPT0001A,102,102,True
Response Time,316,PPT1003A,313,313,True
Response Time,315,PPT0808A,220,220,True
Response Time,323,PPT1009A,282,282,True
Response Time,293,PPT0057A,209,209,True
Response Time,170,PPT0802A,-52,0,False
Response Time,171,PPT0056A,152,152,True
Response Time,245,PPT1001A,-30,0,False
Response Time,263,PPT1013A,175,175,True
Response Time,264,PPT1053A,167,167,True
Response Time,261,PPT1004A,99,99,True
Response Time,262,PPT0804A,89,89,True
Response Time,211,PPT0803A,-36,0,False
Response Time,212,PPT1002A,93,93,True
Response Time,242,PPT0058A,77,77,True
Response Time,139,PPT0002A,-62,0,False
Response Time,140,BQM4503A,-64,0,False
Response Time,150,PPT1060A,210,210,True
Response Time,151,PPT0055A,96,96,True
Response Time,148,PPT1055A,124,124,True
Response Time,149,PPT0056A,229,229,True
Response Time,146,PPT1013A,156,156,True
Response Time,147,PPT1001A,-34,0,False
Response Time,182,PPT0052A,-17,0,False
Response Time,183,BQM4504A,-48,0,False
Response Time,178,PPT0055A,54,54,True
Response Time,179,PPT1054A,223,223,True
Response Time,156,PPT0863A,117,117,True
Response Time,145,PPT0864A,-53,0,False
Response Time,157,BQM4803A,999,999,True
Response Time,189,PPT1012A,70,70,True
Response Time,190,PPT0057A,56,56,True
Response Time,191,PPT1054A,182,182,True
Response Time,192,PPT0859A,155,155,True
Response Time,193,PPT1053A,-39,0,False
Response Time,194,PPT1055A,-33,0,False
Response Time,195,PPT0057A,226,226,True
Response Time,196,BQM4853A,324,324,True
Response Time,197,BQM4803A,988,988,True
Response Time,166,BQM4504A,183,183,True
Response Time,167,PPT1007A,294,294,True
Response Time,135,PPT0863A,-50,0,False
Response Time,136,PPT1011A,55,55,True
Response Time,133,PPT0055A,-45,0,False
Response Time,134,BQM4504A,118,118,True
Response Time,161,BQM4803A,832,832,True
Response Time,169,PPT1003A,-46,0,False
Response Time,132,PPT0058A,145,145,True
Response Time,131,PPT1053A,199,199,True
Response Time,168,PPT0801A,242,242,True
Response Time,129,PPT0861A,133,133,True
Response Time,130,PPT0059A,-49,0,False
Response Time,174,PPT0053A,189,189,True
Response Time,175,PPT0809A,56,56,True
Response Time,120,PPT0807A,-49,0,False
Response Time,119,BQM4503A,51,51,True
Response Time,107,PPT1007A,24,24,True
Response Time,106,PPT0004A,-60,0,False
Response Time,117,PPT0864A,6,6,True
Response Time,118,BQM4803A,207,207,True
Response Time,143,PPT1054A,-45,0,False
Response Time,144,PPT1055A,272,272,True
Response Time,158,PPT1002A,-39,0,False
Response Time,159,PPT0058A,26,26,True
Response Time,114,PPT1060A,77,77,True
Response Time,99,PPT1012A,-9,0,False
Response Time,123,PPT0809A,167,167,True
Response Time,124,PPT0808A,-23,0,False
Response Time,121,PPT1055A,169,169,True
Response Time,122,PPT0002A,77,77,True
Response Time,160,BQM4853A,331,331,True
Response Time,35,BQM4503A,51,51,True
Response Time,141,PPT1057A,149,149,True
Response Time,127,PPT1009A,202,202,True
Response Time,128,PPT0807A,59,59,True
Response Time,125,PPT0861A,-46,0,False
Response Time,126,PPT0802A,146,146,True
Response Time,137,PPT0001A,139,139,True
Response Time,138,PPT0057A,225,225,True
Response Time,90,PPT0804A,-37,0,False
Response Time,91,PPT0055A,40,40,True
Response Time,142,PPT1059A,94,94,True
Response Time,82,BQM4503A,559,559,True
Response Time,83,BQM4503A,820,820,True
Response Time,84,PPT0857A,142,142,True
Response Time,85,PPT0003A,67,67,True
Response Time,115,PPT1003A,-35,0,False
Response Time,94,PPT1059A,-5,0,False
Response Time,116,PPT1057A,151,151,True
Response Time,93,BQM4202A,113,113,True
Response Time,80,BQM4853A,54,54,True
Response Time,102,PPT0802A,242,242,True
Response Time,103,PPT0863A,227,227,True
Response Time,104,PPT0058A,-44,0,False
Response Time,105,PPT0051A,133,133,True
Response Time,7,BQM4803A,1150,1150,True
Response Time,33,PPT0052A,137,137,True
Response Time,34,BQM4803A,225,225,True
Response Time,40,PPT0056A,-66,0,False
Response Time,41,PPT0859A,36,36,True
Response Time,88,PPT0004A,11,11,True
Response Time,89,PPT0857A,-39,0,False
Response Time,86,BQM4853A,96,96,True
Response Time,87,BQM4810A,97,97,True
Response Time,49,PPT0060A,41,41,True
Response Time,54,BQM4853A,373,373,True
Response Time,79,PPT1052A,-39,0,False
Response Time,50,PPT1001A,64,64,True
Response Time,36,BQM4803A,270,270,True
Response Time,37,BQM4503A,943,943,True
Response Time,81,PPT1008A,27,27,True
Response Time,67,PPT0003A,91,91,True
Response Time,66,PPT1062A,-49,0,False
Response Time,59,PPT1006A,-10,0,False
Response Time,60,PPT1010A,-48,0,False
Response Time,64,PPT0004A,74,74,True
Response Time,63,PPT0858A,73,73,True
Response Time,70,PPT1002A,-38,0,False
Response Time,71,PPT1061A,228,228,True
Response Time,68,PPT1058A,-48,0,False
Response Time,69,PPT1011A,79,79,True
Response Time,97,PPT1062A,242,242,True
Response Time,98,PPT0809A,-34,0,False
Response Time,95,PPT0003A,127,127,True
Response Time,96,PPT1057A,-34,0,False
Response Time,57,BQM4853A,411,411,True
Response Time,73,PPT1057A,182,182,True
Response Time,74,PPT0801A,157,157,True
Response Time,110,PPT0057A,85,85,True
Response Time,111,PPT1061A,-24,0,False
Response Time,108,PPT1003A,204,204,True
Response Time,109,PPT1007A,57,57,True
Response Time,112,PPT0051A,83,83,True
Response Time,113,PPT1056A,19,19,True
Response Time,100,BQM4504A,127,127,True
Response Time,101,PPT1004A,-29,0,False
Response Time,45,PPT1061A,124,124,True
Response Time,42,PPT1052A,31,31,True
Response Time,77,PPT0058A,77,77,True
Response Time,78,PPT0002A,195,195,True
Response Time,72,PPT0058A,147,147,True
Response Time,58,PPT0858A,-47,0,False
Response Time,22,PPT0054A,-51,0,False
Response Time,23,PPT0004A,107,107,True
Response Time,62,PPT1059A,-40,0,False
Response Time,76,PPT0810A,-37,0,False
Response Time,61,PPT0055A,123,123,True
Response Time,75,PPT0802A,207,207,True
Response Time,48,PPT1059A,21,21,True
Response Time,13,PPT1013A,-50,0,False
Response Time,14,BQM4853A,-50,0,False
Response Time,46,BQM4503A,682,682,True
Response Time,47,PPT1006A,57,57,True
Response Time,25,PPT1058A,43,43,True
Response Time,24,PPT1006A,113,113,True
Response Time,6,PPT1005A,-11,0,False
Response Time,5,PPT0857A,40,40,True
Response Time,56,PPT0055A,-26,0,False
Response Time,55,PPT0003A,-34,0,False
Response Time,12,BQM4202A,-43,0,False
Response Time,4,PPT0057A,-9,0,False
Response Time,29,PPT1061A,95,95,True
Response Time,30,PPT1051A,-48,0,False
Response Time,26,PPT1006A,-48,0,False
Response Time,27,PPT1058A,66,66,True
Response Time,51,PPT0811A,-39,0,False
Response Time,53,BQM4803A,53,53,True
Response Time,52,PPT0858A,93,93,True
Response Time,19,PPT0857A,0,0,False
Response Time,18,PPT0055A,77,77,True
Response Time,43,PPT0004A,-38,0,False
Response Time,44,PPT1057A,-6,0,False
Response Time,38,PPT1056A,83,83,True
Response Time,39,PPT1007A,74,74,True
Response Time,10,PPT1062A,45,45,True
Response Time,21,PPT1005A,-38,0,False
Response Time,32,PPT0864A,176,176,True
Response Time,11,PPT0811A,32,32,True
Response Time,20,PPT1005A,-20,0,False
Response Time,31,PPT0002A,-35,0,False
Response Time,2,PPT1051A,44,44,True
Response Time,1,PPT0059A,157,157,True
Response Time,9,PPT1010A,210,210,True
Response Time,8,PPT1011A,-34,0,False
Shortest Processing,757,BQM4504A,499,499,True
Shortest Processing,758,PPT1057A,500,500,True
Shortest Processing,823,PPT0801A,524,524,True
Shortest Processing,822,BQM4810A,691,691,True
Shortest Processing,819,BQM4803A,1607,1607,True
Shortest Processing,881,PPT0863A,499,499,True
Shortest Processing,856,PPT1060A,508,508,True
Shortest Processing,810,PPT0058A,475,475,True
Shortest Processing,809,PPT1003A,475,475,True
Shortest Processing,847,PPT0807A,438,438,True
Shortest Processing,803,PPT1002A,460,460,True
Shortest Processing,802,PPT1004A,460,460,True
Shortest Processing,880,PPT1052A,406,406,True
Shortest Processing,869,PPT0809A,394,394,True
Shortest Processing,874,BQM4503A,1175,1175,True
Shortest Processing,793,PPT0809A,481,481,True
Shortest Processing,794,BQM4503A,1348,1348,True
Shortest Processing,867,PPT1009A,340,340,True
Shortest Processing,870,PPT1011A,341,341,True
Shortest Processing,830,BQM4202A,499,499,True
Shortest Processing,831,PPT1009A,501,501,True
Shortest Processing,857,PPT0059A,328,328,True
Shortest Processing,828,PPT1012A,290,290,True
Shortest Processing,829,PPT0053A,290,290,True
Shortest Processing,804,PPT1054A,499,499,True
Shortest Processing,864,PPT0002A,285,285,True
Shortest Processing,865,PPT0051A,285,285,True
Shortest Processing,805,PPT1007A,495,495,True
Shortest Processing,861,PPT0001A,281,281,True
Shortest Processing,848,PPT0801A,318,318,True
Shortest Processing,879,PPT0059A,354,354,True
Shortest Processing,862,BQM4853A,829,829,True
Shortest Processing,871,BQM4853A,676,676,True
Shortest Processing,797,PPT0053A,509,509,True
Shortest Processing,866,BQM4803A,-54,0,False
Shortest Processing,787,BQM4803A,1287,1287,True
Shortest Processing,863,BQM4803A,-39,0,False
Shortest Processing,792,BQM4503A,1267,1267,True
Shortest Processing,843,BQM4803A,380,380,True
Shortest Processing,842,PPT0864A,293,293,True
Shortest Processing,859,PPT0809A,332,332,True
Shortest Processing,858,PPT0810A,332,332,True
Shortest Processing,878,PPT0808A,279,279,True
Shortest Processing,877,PPT1012A,280,280,True
Shortest Processing,760,PPT0808A,488,488,True
Shortest Processing,759,PPT0864A,489,489,True
Shortest Processing,849,PPT0057A,247,247,True
Shortest Processing,850,PPT0801A,247,247,True
Shortest Processing,795,PPT1053A,235,235,True
Shortest Processing,796,PPT1057A,235,235,True
Shortest Processing,765,PPT0059A,478,478,True
Shortest Processing,761,BQM4503A,1508,1508,True
Shortest Processing,853,PPT1010A,251,251,True
Shortest Processing,852,BQM4504A,250,250,True
Shortest Processing,873,PPT1056A,177,177,True
Shortest Processing,872,PPT0809A,177,177,True
Shortest Processing,824,BQM4803A,-31,0,False
Shortest Processing,812,PPT0802A,350,350,True
Shortest Processing,815,PPT1009A,357,357,True
Shortest Processing,811,BQM4503A,731,731,True
Shortest Processing,825,BQM4803A,-15,0,False
Shortest Processing,789,PPT0057A,278,278,True
Shortest Processing,788,PPT0801A,278,278,True
Shortest Processing,838,BQM4803A,4,4,True
Shortest Processing,839,PPT0058A,11,11,True
Shortest Processing,844,PPT0055A,201,201,True
Shortest Processing,777,PPT0002A,405,405,True
Shortest Processing,771,PPT0053A,246,246,True
Shortest Processing,772,PPT1058A,245,245,True
Shortest Processing,820,PPT0859A,333,333,True
Shortest Processing,821,PPT0863A,336,336,True
Shortest Processing,766,PPT1054A,311,311,True
Shortest Processing,776,PPT0051A,404,404,True
Shortest Processing,875,PPT0810A,182,182,True
Shortest Processing,876,PPT0001A,184,184,True
Shortest Processing,767,PPT0811A,303,303,True
Shortest Processing,779,BQM4202A,340,340,True
Shortest Processing,778,PPT1011A,342,342,True
Shortest Processing,840,BQM4803A,542,542,True
Shortest Processing,836,PPT1010A,351,351,True
Shortest Processing,841,PPT1003A,352,352,True
Shortest Processing,845,PPT0002A,171,171,True
Shortest Processing,791,PPT1013A,436,436,True
Shortest Processing,790,PPT0003A,364,364,True
Shortest Processing,832,BQM4803A,191,191,True
Shortest Processing,833,PPT1055A,147,147,True
Shortest Processing,846,PPT0052A,171,171,True
Shortest Processing,783,PPT1053A,187,187,True
Shortest Processing,784,BQM4504A,187,187,True
Shortest Processing,816,PPT0803A,75,75,True
Shortest Processing,817,PPT0004A,-40,0,False
Shortest Processing,798,PPT0052A,416,416,True
Shortest Processing,834,PPT1003A,247,247,True
Shortest Processing,780,PPT0060A,477,477,True
Shortest Processing,835,BQM4803A,259,259,True
Shortest Processing,818,PPT1053A,288,288,True
Shortest Processing,813,PPT1053A,313,313,True
Shortest Processing,800,PPT0807A,336,336,True
Shortest Processing,799,BQM4853A,369,369,True
Shortest Processing,762,BQM4503A,878,878,True
Shortest Processing,851,BQM4803A,29,29,True
Shortest Processing,774,PPT0810A,366,366,True
Shortest Processing,773,PPT0811A,366,366,True
Shortest Processing,769,BQM4504A,272,272,True
Shortest Processing,770,PPT0802A,276,276,True
Shortest Processing,827,PPT0861A,274,274,True
Shortest Processing,826,PPT0858A,278,278,True
Shortest Processing,801,PPT1013A,339,339,True
Shortest Processing,755,PPT1055A,302,302,True
Shortest Processing,756,PPT1001A,304,304,True
Shortest Processing,806,PPT1061A,341,341,True
Shortest Processing,814,PPT0803A,168,168,True
Shortest Processing,855,PPT1061A,186,186,True
Shortest Processing,854,PPT1062A,186,186,True
Shortest Processing,775,PPT0808A,422,422,True
Shortest Processing,860,PPT0002A,85,85,True
Shortest Processing,837,PPT1054A,170,170,True
Shortest Processing,763,PPT1006A,302,302,True
Shortest Processing,764,PPT0060A,363,363,True
Shortest Processing,785,PPT0060A,308,308,True
Shortest Processing,786,PPT0001A,309,309,True
Shortest Processing,736,PPT1006A,257,257,True
Shortest Processing,808,PPT0054A,-31,0,False
Shortest Processing,807,PPT0001A,74,74,True
Shortest Processing,685,PPT0802A,442,442,True
Shortest Processing,725,PPT0810A,445,445,True
Shortest Processing,726,BQM4503A,1355,1355,True
Shortest Processing,741,PPT1012A,397,397,True
Shortest Processing,742,PPT0053A,397,397,True
Shortest Processing,656,PPT0859A,239,239,True
Shortest Processing,657,PPT0863A,242,242,True
Shortest Processing,781,PPT1052A,283,283,True
Shortest Processing,782,PPT1062A,327,327,True
Shortest Processing,697,PPT0052A,224,224,True
Shortest Processing,698,PPT0803A,224,224,True
Shortest Processing,768,PPT0058A,232,232,True
Shortest Processing,671,PPT0864A,379,379,True
Shortest Processing,746,BQM4503A,1084,1084,True
Shortest Processing,678,PPT0057A,381,381,True
Shortest Processing,666,PPT0807A,410,410,True
Shortest Processing,667,PPT0808A,411,411,True
Shortest Processing,636,PPT1057A,219,219,True
Shortest Processing,643,PPT0804A,207,207,True
Shortest Processing,595,PPT0001A,421,421,True
Shortest Processing,600,PPT0002A,425,425,True
Shortest Processing,683,PPT1013A,425,425,True
Shortest Processing,684,BQM4503A,1257,1257,True
Shortest Processing,747,PPT0002A,295,295,True
Shortest Processing,748,PPT0051A,295,295,True
Shortest Processing,596,PPT1055A,431,431,True
Shortest Processing,711,BQM4803A,871,871,True
Shortest Processing,753,PPT0811A,421,421,True
Shortest Processing,754,PPT0857A,359,359,True
Shortest Processing,658,BQM4803A,690,690,True
Shortest Processing,659,BQM4503A,705,705,True
Shortest Processing,589,PPT1001A,432,432,True
Shortest Processing,668,PPT1008A,440,440,True
Shortest Processing,613,PPT1010A,218,218,True
Shortest Processing,614,PPT1003A,218,218,True
Shortest Processing,687,PPT0809A,363,363,True
Shortest Processing,679,PPT0058A,350,350,True
Shortest Processing,699,BQM4803A,1085,1085,True
Shortest Processing,680,PPT0802A,353,353,True
Shortest Processing,692,BQM4803A,1122,1122,True
Shortest Processing,700,PPT1051A,230,230,True
Shortest Processing,701,PPT1007A,254,254,True
Shortest Processing,686,PPT0001A,334,334,True
Shortest Processing,615,PPT0002A,316,316,True
Shortest Processing,727,BQM4853A,584,584,True
Shortest Processing,728,BQM4503A,962,962,True
Shortest Processing,745,PPT1006A,155,155,True
Shortest Processing,693,PPT1012A,423,423,True
Shortest Processing,694,PPT0053A,423,423,True
Shortest Processing,661,PPT0809A,474,474,True
Shortest Processing,628,PPT1005A,350,350,True
Shortest Processing,629,PPT0811A,418,418,True
Shortest Processing,719,PPT0056A,369,369,True
Shortest Processing,660,BQM4810A,734,734,True
Shortest Processing,720,BQM4503A,890,890,True
Shortest Processing,650,PPT0864A,197,197,True
Shortest Processing,651,PPT0057A,198,198,True
Shortest Processing,712,PPT0861A,448,448,True
Shortest Processing,730,PPT0051A,342,342,True
Shortest Processing,729,PPT0052A,342,342,True
Shortest Processing,713,PPT0804A,450,450,True
Shortest Processing,731,BQM4202A,289,289,True
Shortest Processing,705,PPT0052A,281,281,True
Shortest Processing,706,PPT0803A,281,281,True
Shortest Processing,707,PPT0861A,281,281,True
Shortest Processing,708,PPT0804A,283,283,True
Shortest Processing,695,PPT0058A,-64,0,False
Shortest Processing,696,PPT0059A,-64,0,False
Shortest Processing,703,PPT1010A,359,359,True
Shortest Processing,749,PPT1056A,114,114,True
Shortest Processing,750,PPT0809A,114,114,True
Shortest Processing,743,PPT1061A,206,206,True
Shortest Processing,751,PPT0810A,114,114,True
Shortest Processing,752,PPT0001A,116,116,True
Shortest Processing,744,PPT1062A,206,206,True
Shortest Processing,702,PPT1003A,359,359,True
Shortest Processing,733,PPT1009A,262,262,True
Shortest Processing,732,PPT1011A,262,262,True
Shortest Processing,709,BQM4810A,199,199,True
Shortest Processing,704,PPT1056A,200,200,True
Shortest Processing,740,PPT1060A,207,207,True
Shortest Processing,715,PPT0059A,311,311,True
Shortest Processing,739,PPT0809A,207,207,True
Shortest Processing,737,PPT0810A,207,207,True
Shortest Processing,738,PPT0811A,207,207,True
Shortest Processing,714,PPT0859A,311,311,True
Shortest Processing,682,PPT1059A,339,339,True
Shortest Processing,681,PPT1011A,404,404,True
Shortest Processing,722,PPT1057A,272,272,True
Shortest Processing,721,BQM4504A,272,272,True
Shortest Processing,688,PPT0001A,-60,0,False
Shortest Processing,689,PPT0002A,-60,0,False
Shortest Processing,670,PPT1061A,422,422,True
Shortest Processing,735,PPT0001A,207,207,True
Shortest Processing,734,PPT0002A,207,207,True
Shortest Processing,669,PPT1062A,422,422,True
Shortest Processing,716,BQM4803A,433,433,True
Shortest Processing,710,BQM4503A,341,341,True
Shortest Processing,665,PPT0801A,375,375,True
Shortest Processing,664,PPT1051A,274,274,True
Shortest Processing,723,BQM4810A,136,136,True
Shortest Processing,724,PPT1056A,138,138,True
Shortest Processing,690,PPT1054A,252,252,True
Shortest Processing,691,PPT0003A,227,227,True
Shortest Processing,717,PPT0809A,137,137,True
Shortest Processing,718,PPT0055A,53,53,True
Shortest Processing,672,PPT0002A,91,91,True
Shortest Processing,673,PPT0858A,-48,0,False
Shortest Processing,674,PPT0052A,91,91,True
Shortest Processing,675,PPT0803A,91,91,True
Shortest Processing,481,PPT0802A,420,420,True
Shortest Processing,480,BQM4810A,631,631,True
Shortest Processing,676,BQM4803A,48,48,True
Shortest Processing,677,BQM4803A,65,65,True
Shortest Processing,639,PPT0803A,349,349,True
Shortest Processing,640,PPT0861A,349,349,True
Shortest Processing,637,PPT0055A,256,256,True
Shortest Processing,638,PPT0804A,351,351,True
Shortest Processing,616,PPT0051A,-60,0,False
Shortest Processing,617,PPT0052A,-60,0,False
Shortest Processing,585,BQM4803A,324,324,True
Shortest Processing,586,BQM4503A,338,338,True
Shortest Processing,641,PPT1003A,-57,0,False
Shortest Processing,642,PPT1004A,-57,0,False
Shortest Processing,630,PPT0803A,314,314,True
Shortest Processing,631,PPT0861A,314,314,True
Shortest Processing,632,PPT0804A,316,316,True
Shortest Processing,633,PPT1007A,318,318,True
Shortest Processing,529,BQM4853A,692,692,True
Shortest Processing,590,BQM4803A,131,131,True
Shortest Processing,591,PPT1001A,133,133,True
Shortest Processing,557,PPT0801A,173,173,True
Shortest Processing,558,PPT1053A,174,174,True
Shortest Processing,559,PPT1057A,174,174,True
Shortest Processing,560,BQM4504A,174,174,True
Shortest Processing,574,PPT1058A,339,339,True
Shortest Processing,587,PPT1002A,132,132,True
Shortest Processing,588,PPT0864A,132,132,True
Shortest Processing,618,PPT1008A,277,277,True
Shortest Processing,619,PPT1051A,234,234,True
Shortest Processing,605,PPT0056A,276,276,True
Shortest Processing,606,PPT1056A,278,278,True
Shortest Processing,644,PPT1012A,149,149,True
Shortest Processing,645,PPT1053A,150,150,True
Shortest Processing,562,PPT0051A,162,162,True
Shortest Processing,563,PPT0052A,162,162,True
Shortest Processing,646,PPT0003A,128,128,True
Shortest Processing,647,PPT1057A,150,150,True
Shortest Processing,564,BQM4503A,179,179,True
Shortest Processing,565,BQM4853A,185,185,True
Shortest Processing,652,BQM4503A,139,139,True
Shortest Processing,653,PPT1061A,141,141,True
Shortest Processing,634,PPT0807A,240,240,True
Shortest Processing,635,PPT0808A,241,241,True
Shortest Processing,620,PPT0053A,-51,0,False
Shortest Processing,621,PPT0056A,-51,0,False
Shortest Processing,607,PPT1053A,-52,0,False
Shortest Processing,608,PPT1054A,-52,0,False
Shortest Processing,601,PPT1059A,220,220,True
Shortest Processing,602,PPT1002A,257,257,True
Shortest Processing,603,PPT1004A,257,257,True
Shortest Processing,604,PPT0808A,263,263,True
Shortest Processing,581,PPT1054A,272,272,True
Shortest Processing,582,PPT1055A,272,272,True
Shortest Processing,579,PPT1001A,274,274,True
Shortest Processing,580,PPT1002A,274,274,True
Shortest Processing,535,BQM4202A,324,324,True
Shortest Processing,534,PPT1007A,324,324,True
Shortest Processing,648,PPT1010A,196,196,True
Shortest Processing,649,PPT1003A,196,196,True
Shortest Processing,597,BQM4503A,474,474,True
Shortest Processing,543,BQM4202A,291,291,True
Shortest Processing,599,PPT1055A,228,228,True
Shortest Processing,542,PPT1009A,293,293,True
Shortest Processing,598,PPT1001A,229,229,True
Shortest Processing,662,PPT0058A,134,134,True
Shortest Processing,663,PPT1062A,136,136,True
Shortest Processing,494,PPT0864A,362,362,True
Shortest Processing,493,PPT1052A,297,297,True
Shortest Processing,654,PPT0810A,118,118,True
Shortest Processing,655,PPT1052A,39,39,True
Shortest Processing,538,PPT0054A,207,207,True
Shortest Processing,539,BQM4803A,685,685,True
Shortest Processing,497,PPT1053A,330,330,True
Shortest Processing,496,PPT1057A,330,330,True
Shortest Processing,548,PPT1060A,252,252,True
Shortest Processing,549,PPT0809A,253,253,True
Shortest Processing,609,PPT0053A,94,94,True
Shortest Processing,610,BQM4853A,45,45,True
Shortest Processing,611,PPT0056A,94,94,True
Shortest Processing,612,PPT0057A,94,94,True
Shortest Processing,622,PPT0058A,196,196,True
Shortest Processing,623,PPT1013A,197,197,True
Shortest Processing,624,BQM4503A,220,220,True
Shortest Processing,625,BQM4803A,230,230,True
Shortest Processing,501,PPT0059A,354,354,True
Shortest Processing,500,PPT0859A,354,354,True
Shortest Processing,526,PPT0057A,377,377,True
Shortest Processing,567,PPT1054A,374,374,True
Shortest Processing,423,PPT0057A,404,404,True
Shortest Processing,528,PPT0060A,357,357,True
Shortest Processing,570,PPT1004A,274,274,True
Shortest Processing,571,PPT0863A,274,274,True
Shortest Processing,568,PPT0807A,279,279,True
Shortest Processing,569,PPT0808A,280,280,True
Shortest Processing,550,PPT1007A,235,235,True
Shortest Processing,561,BQM4803A,415,415,True
Shortest Processing,592,PPT0857A,114,114,True
Shortest Processing,575,PPT1010A,227,227,True
Shortest Processing,576,PPT1003A,227,227,True
Shortest Processing,502,PPT1005A,281,281,True
Shortest Processing,420,PPT1002A,382,382,True
Shortest Processing,419,PPT1004A,381,381,True
Shortest Processing,627,PPT0057A,-28,0,False
Shortest Processing,626,PPT0801A,-28,0,False
Shortest Processing,523,PPT1009A,325,325,True
Shortest Processing,522,PPT1011A,325,325,True
Shortest Processing,566,BQM4803A,340,340,True
Shortest Processing,424,PPT0051A,371,371,True
Shortest Processing,438,BQM4803A,1226,1226,True
Shortest Processing,467,BQM4803A,1267,1267,True
Shortest Processing,593,PPT0864A,97,97,True
Shortest Processing,594,PPT0811A,99,99,True
Shortest Processing,584,BQM4810A,109,109,True
Shortest Processing,418,PPT0859A,375,375,True
Shortest Processing,545,PPT1002A,206,206,True
Shortest Processing,541,PPT1004A,205,205,True
Shortest Processing,583,PPT0055A,-1,0,False
Shortest Processing,536,PPT1012A,271,271,True
Shortest Processing,537,PPT0053A,271,271,True
Shortest Processing,509,PPT1007A,172,172,True
Shortest Processing,510,PPT1009A,172,172,True
Shortest Processing,531,PPT1012A,240,240,True
Shortest Processing,530,PPT0053A,240,240,True
Shortest Processing,553,PPT1057A,58,58,True
Shortest Processing,554,PPT1060A,58,58,True
Shortest Processing,483,PPT0864A,258,258,True
Shortest Processing,482,PPT0057A,259,259,True
Shortest Processing,516,PPT1011A,287,287,True
Shortest Processing,517,BQM4503A,726,726,True
Shortest Processing,470,PPT0058A,174,174,True
Shortest Processing,469,PPT1013A,175,175,True
Shortest Processing,572,BQM4503A,402,402,True
Shortest Processing,460,PPT1061A,175,175,True
Shortest Processing,459,PPT1062A,175,175,True
Shortest Processing,555,PPT0058A,-11,0,False
Shortest Processing,503,PPT0801A,266,266,True
Shortest Processing,468,PPT0801A,359,359,True
Shortest Processing,556,PPT1051A,-34,0,False
Shortest Processing,513,PPT1056A,101,101,True
Shortest Processing,514,PPT0809A,101,101,True
Shortest Processing,511,PPT1006A,69,69,True
Shortest Processing,512,PPT0810A,101,101,True
Shortest Processing,573,PPT0059A,-29,0,False
Shortest Processing,461,PPT1013A,297,297,True
Shortest Processing,525,PPT1003A,-20,0,False
Shortest Processing,524,PPT1004A,-20,0,False
Shortest Processing,406,BQM4503A,1439,1439,True
Shortest Processing,452,PPT0864A,229,229,True
Shortest Processing,462,PPT0810A,235,235,True
Shortest Processing,450,BQM4803A,448,448,True
Shortest Processing,578,PPT0802A,-28,0,False
Shortest Processing,577,PPT0803A,-28,0,False
Shortest Processing,532,BQM4504A,119,119,True
Shortest Processing,533,PPT1010A,120,120,True
Shortest Processing,504,PPT0058A,210,210,True
Shortest Processing,505,PPT1013A,211,211,True
Shortest Processing,451,PPT1061A,297,297,True
Shortest Processing,446,BQM4810A,421,421,True
Shortest Processing,520,PPT0055A,-42,0,False
Shortest Processing,519,PPT0803A,-10,0,False
Shortest Processing,551,PPT0001A,-34,0,False
Shortest Processing,552,PPT0002A,-34,0,False
Shortest Processing,449,PPT0057A,229,229,True
Shortest Processing,544,BQM4202A,-34,0,False
Shortest Processing,447,PPT1053A,255,255,True
Shortest Processing,445,BQM4503A,679,679,True
Shortest Processing,521,BQM4202A,172,172,True
Shortest Processing,506,PPT1008A,188,188,True
Shortest Processing,507,PPT0056A,188,188,True
Shortest Processing,540,PPT1007A,-34,0,False
Shortest Processing,518,PPT1011A,171,171,True
Shortest Processing,546,PPT0001A,87,87,True
Shortest Processing,547,BQM4853A,41,41,True
Shortest Processing,448,PPT0004A,210,210,True
Shortest Processing,463,PPT1057A,260,260,True
Shortest Processing,433,PPT0001A,331,331,True
Shortest Processing,432,PPT0002A,332,332,True
Shortest Processing,453,PPT0811A,237,237,True
Shortest Processing,484,PPT1052A,-47,0,False
Shortest Processing,485,PPT0058A,-47,0,False
Shortest Processing,472,BQM4504A,256,256,True
Shortest Processing,471,PPT1010A,258,258,True
Shortest Processing,476,PPT1003A,-47,0,False
Shortest Processing,477,PPT1004A,-47,0,False
Shortest Processing,454,BQM4810A,234,234,True
Shortest Processing,498,PPT0803A,142,142,True
Shortest Processing,455,PPT0802A,205,205,True
Shortest Processing,499,PPT0861A,142,142,True
Shortest Processing,377,BQM4803A,1410,1410,True
Shortest Processing,436,BQM4503A,460,460,True
Shortest Processing,402,PPT1012A,373,373,True
Shortest Processing,489,PPT0804A,140,140,True
Shortest Processing,495,PPT0001A,96,96,True
Shortest Processing,456,BQM4810A,177,177,True
Shortest Processing,478,PPT0001A,-19,0,False
Shortest Processing,479,PPT0002A,-19,0,False
Shortest Processing,490,PPT0002A,95,95,True
Shortest Processing,473,PPT0058A,-16,0,False
Shortest Processing,474,PPT1003A,-15,0,False
Shortest Processing,486,PPT0051A,94,94,True
Shortest Processing,441,PPT0810A,297,297,True
Shortest Processing,442,PPT0811A,297,297,True
Shortest Processing,439,BQM4810A,350,350,True
Shortest Processing,440,BQM4810A,384,384,True
Shortest Processing,408,BQM4803A,920,920,True
Shortest Processing,434,PPT0059A,271,271,True
Shortest Processing,407,BQM4503A,937,937,True
Shortest Processing,427,PPT0801A,214,214,True
Shortest Processing,426,PPT0002A,55,55,True
Shortest Processing,425,PPT0051A,55,55,True
Shortest Processing,430,PPT1052A,-45,0,False
Shortest Processing,431,PPT1001A,41,41,True
Shortest Processing,428,PPT1002A,41,41,True
Shortest Processing,429,PPT1057A,42,42,True
Shortest Processing,437,PPT0059A,299,299,True
Shortest Processing,465,PPT1004A,-16,0,False
Shortest Processing,464,PPT0051A,-13,0,False
Shortest Processing,444,PPT0859A,268,268,True
Shortest Processing,435,PPT1062A,284,284,True
Shortest Processing,492,BQM4202A,139,139,True
Shortest Processing,491,PPT1007A,139,139,True
Shortest Processing,458,PPT0051A,-30,0,False
Shortest Processing,457,PPT1058A,-30,0,False
Shortest Processing,515,PPT0052A,-20,0,False
Shortest Processing,475,PPT1059A,89,89,True
Shortest Processing,443,PPT1054A,268,268,True
Shortest Processing,488,PPT1009A,138,138,True
Shortest Processing,487,PPT1011A,138,138,True
Shortest Processing,508,BQM4803A,-20,0,False
Shortest Processing,466,PPT0055A,93,93,True
Shortest Processing,415,PPT0058A,245,245,True
Shortest Processing,414,BQM4810A,306,306,True
Shortest Processing,390,PPT0056A,333,333,True
Shortest Processing,378,PPT0052A,339,339,True
Shortest Processing,379,BQM4803A,1262,1262,True
Shortest Processing,403,BQM4853A,414,414,True
Shortest Processing,330,PPT1053A,348,348,True
Shortest Processing,413,PPT1008A,281,281,True
Shortest Processing,373,PPT1056A,329,329,True
Shortest Processing,412,PPT1058A,-33,0,False
Shortest Processing,417,PPT0052A,51,51,True
Shortest Processing,411,PPT0803A,48,48,True
Shortest Processing,416,PPT0861A,51,51,True
Shortest Processing,353,BQM4803A,1337,1337,True
Shortest Processing,351,BQM4503A,1278,1278,True
Shortest Processing,381,PPT1055A,305,305,True
Shortest Processing,380,PPT1001A,307,307,True
Shortest Processing,398,BQM4803A,733,733,True
Shortest Processing,422,PPT0811A,22,22,True
Shortest Processing,421,BQM4853A,-31,0,False
Shortest Processing,410,PPT1056A,159,159,True
Shortest Processing,409,PPT1060A,159,159,True
Shortest Processing,357,BQM4803A,1295,1295,True
Shortest Processing,392,PPT1053A,187,187,True
Shortest Processing,391,PPT1057A,187,187,True
Shortest Processing,324,BQM4803A,412,412,True
Shortest Processing,325,BQM4503A,426,426,True
Shortest Processing,394,BQM4853A,310,310,True
Shortest Processing,393,PPT0803A,204,204,True
Shortest Processing,372,PPT1055A,235,235,True
Shortest Processing,395,PPT1003A,226,226,True
Shortest Processing,360,BQM4810A,404,404,True
Shortest Processing,400,PPT0859A,127,127,True
Shortest Processing,399,PPT0059A,127,127,True
Shortest Processing,385,PPT0858A,155,155,True
Shortest Processing,363,PPT1004A,228,228,True
Shortest Processing,361,PPT0060A,249,249,True
Shortest Processing,374,PPT1061A,157,157,True
Shortest Processing,375,PPT1062A,157,157,True
Shortest Processing,387,PPT1061A,110,110,True
Shortest Processing,401,PPT1053A,-29,0,False
Shortest Processing,356,PPT1056A,244,244,True
Shortest Processing,354,PPT0060A,-64,0,False
Shortest Processing,355,BQM4504A,-64,0,False
Shortest Processing,405,PPT0804A,-28,0,False
Shortest Processing,376,PPT1059A,109,109,True
Shortest Processing,404,PPT0807A,-28,0,False
Shortest Processing,388,PPT1003A,63,63,True
Shortest Processing,389,PPT0058A,64,64,True
Shortest Processing,362,PPT1013A,209,209,True
Shortest Processing,369,PPT0809A,133,133,True
Shortest Processing,370,PPT0810A,133,133,True
Shortest Processing,358,PPT1005A,144,144,True
Shortest Processing,364,BQM4810A,211,211,True
Shortest Processing,396,PPT1060A,17,17,True
Shortest Processing,397,PPT0859A,19,19,True
Shortest Processing,365,PPT0864A,147,147,True
Shortest Processing,340,PPT1058A,205,205,True
Shortest Processing,339,PPT0051A,276,276,True
Shortest Processing,349,PPT1005A,-60,0,False
Shortest Processing,350,PPT0808A,-60,0,False
Shortest Processing,382,PPT1001A,240,240,True
Shortest Processing,383,PPT1002A,240,240,True
Shortest Processing,386,PPT1012A,157,157,True
Shortest Processing,384,PPT0053A,156,156,True
Shortest Processing,341,PPT0861A,179,179,True
Shortest Processing,368,PPT1062A,101,101,True
Shortest Processing,333,BQM4504A,255,255,True
Shortest Processing,336,PPT1010A,259,259,True
Shortest Processing,371,PPT0804A,24,24,True
Shortest Processing,359,PPT0811A,124,124,True
Shortest Processing,342,PPT0052A,-47,0,False
Shortest Processing,343,PPT0803A,-47,0,False
Shortest Processing,344,PPT0001A,-47,0,False
Shortest Processing,345,PPT0002A,-47,0,False
Shortest Processing,307,PPT0809A,-60,0,False
Shortest Processing,308,PPT0810A,-60,0,False
Shortest Processing,346,BQM4803A,-39,0,False
Shortest Processing,347,BQM4803A,-22,0,False
Shortest Processing,366,PPT0052A,39,39,True
Shortest Processing,367,PPT0857A,11,11,True
Shortest Processing,326,PPT1055A,-57,0,False
Shortest Processing,327,PPT1056A,-57,0,False
Shortest Processing,279,BQM4503A,246,246,True
Shortest Processing,280,BQM4803A,258,258,True
Shortest Processing,213,BQM4803A,448,448,True
Shortest Processing,214,BQM4853A,281,281,True
Shortest Processing,348,PPT0060A,119,119,True
Shortest Processing,281,BQM4503A,23,23,True
Shortest Processing,282,PPT1061A,25,25,True
Shortest Processing,283,PPT1062A,25,25,True
Shortest Processing,284,BQM4810A,26,26,True
Shortest Processing,221,PPT0802A,59,59,True
Shortest Processing,222,PPT1008A,60,60,True
Shortest Processing,223,PPT0857A,58,58,True
Shortest Processing,224,PPT0056A,60,60,True
Shortest Processing,229,PPT0059A,47,47,True
Shortest Processing,230,PPT0859A,47,47,True
Shortest Processing,231,BQM4803A,71,71,True
Shortest Processing,232,BQM4853A,90,90,True
Shortest Processing,332,BQM4503A,491,491,True
Shortest Processing,352,PPT0060A,181,181,True
Shortest Processing,317,PPT1056A,38,38,True
Shortest Processing,318,PPT1060A,38,38,True
Shortest Processing,319,PPT0809A,38,38,True
Shortest Processing,320,PPT0810A,38,38,True
Shortest Processing,311,PPT0811A,-51,0,False
Shortest Processing,312,PPT0859A,-51,0,False
Shortest Processing,305,PPT1057A,-52,0,False
Shortest Processing,306,PPT1060A,-52,0,False
Shortest Processing,255,PPT0001A,96,96,True
Shortest Processing,256,PPT0002A,96,96,True
Shortest Processing,253,PPT0051A,96,96,True
Shortest Processing,254,PPT0052A,96,96,True
Shortest Processing,200,BQM4503A,1277,1277,True
Shortest Processing,329,BQM4202A,4,4,True
Shortest Processing,328,PPT1007A,4,4,True
Shortest Processing,338,PPT0058A,-42,0,False
Shortest Processing,337,PPT1003A,-42,0,False
Shortest Processing,270,BQM4504A,150,150,True
Shortest Processing,310,PPT0803A,19,19,True
Shortest Processing,309,PPT0861A,19,19,True
Shortest Processing,335,PPT1004A,-42,0,False
Shortest Processing,334,PPT0051A,-42,0,False
Shortest Processing,257,PPT1009A,-63,0,False
Shortest Processing,258,PPT1011A,-63,0,False
Shortest Processing,268,PPT0004A,101,101,True
Shortest Processing,292,BQM4803A,439,439,True
Shortest Processing,313,PPT1059A,2,2,True
Shortest Processing,314,PPT0804A,24,24,True
Shortest Processing,267,PPT0001A,154,154,True
Shortest Processing,251,BQM4803A,488,488,True
Shortest Processing,252,BQM4503A,502,502,True
Shortest Processing,227,PPT0807A,188,188,True
Shortest Processing,228,PPT0808A,189,189,True
Shortest Processing,225,PPT1012A,191,191,True
Shortest Processing,226,PPT0053A,191,191,True
Shortest Processing,248,PPT0802A,176,176,True
Shortest Processing,243,PPT0861A,-60,0,False
Shortest Processing,244,PPT0863A,-60,0,False
Shortest Processing,266,PPT1061A,179,179,True
Shortest Processing,265,BQM4803A,616,616,True
Shortest Processing,271,PPT1054A,-47,0,False
Shortest Processing,272,PPT0053A,-47,0,False
Shortest Processing,273,PPT0056A,-47,0,False
Shortest Processing,274,PPT0057A,-47,0,False
Shortest Processing,288,BQM4503A,449,449,True
Shortest Processing,287,PPT0804A,164,164,True
Shortest Processing,241,PPT1059A,127,127,True
Shortest Processing,297,PPT1009A,-18,0,False
Shortest Processing,298,PPT1011A,-18,0,False
Shortest Processing,299,PPT0060A,-16,0,False
Shortest Processing,300,PPT1053A,-16,0,False
Shortest Processing,289,PPT0863A,204,204,True
Shortest Processing,233,PPT0859A,-48,0,False
Shortest Processing,234,PPT1009A,-47,0,False
Shortest Processing,235,PPT1011A,-47,0,False
Shortest Processing,236,PPT0058A,-43,0,False
Shortest Processing,205,PPT1006A,-60,0,False
Shortest Processing,206,PPT0864A,-60,0,False
Shortest Processing,301,BQM4810A,80,80,True
Shortest Processing,302,PPT1056A,82,82,True
Shortest Processing,303,BQM4503A,125,125,True
Shortest Processing,304,BQM4853A,130,130,True
Shortest Processing,285,PPT1062A,186,186,True
Shortest Processing,237,BQM4803A,-31,0,False
Shortest Processing,238,BQM4503A,-23,0,False
Shortest Processing,215,PPT1001A,-56,0,False
Shortest Processing,216,PPT1002A,-56,0,False
Shortest Processing,296,PPT0863A,88,88,True
Shortest Processing,295,PPT0004A,78,78,True
Shortest Processing,180,BQM4803A,129,129,True
Shortest Processing,181,BQM4503A,143,143,True
Shortest Processing,275,PPT0060A,-40,0,False
Shortest Processing,276,BQM4504A,-40,0,False
Shortest Processing,277,PPT0857A,-40,0,False
Shortest Processing,278,PPT1053A,-40,0,False
Shortest Processing,260,PPT0058A,148,148,True
Shortest Processing,259,BQM4853A,203,203,True
Shortest Processing,152,PPT1054A,43,43,True
Shortest Processing,153,PPT1055A,43,43,True
Shortest Processing,154,PPT1001A,45,45,True
Shortest Processing,155,PPT1002A,45,45,True
Shortest Processing,219,PPT0864A,191,191,True
Shortest Processing,220,PPT0057A,192,192,True
Shortest Processing,217,PPT0801A,193,193,True
Shortest Processing,218,BQM4504A,194,194,True
Shortest Processing,184,PPT0811A,3,3,True
Shortest Processing,185,PPT0001A,5,5,True
Shortest Processing,186,PPT0002A,5,5,True
Shortest Processing,187,PPT1006A,-7,0,False
Shortest Processing,250,PPT0055A,97,97,True
Shortest Processing,249,BQM4810A,208,208,True
Shortest Processing,198,BQM4803A,734,734,True
Shortest Processing,199,BQM4503A,751,751,True
Shortest Processing,162,PPT1060A,40,40,True
Shortest Processing,163,PPT0809A,40,40,True
Shortest Processing,164,BQM4803A,93,93,True
Shortest Processing,165,BQM4503A,107,107,True
Shortest Processing,246,PPT0859A,226,226,True
Shortest Processing,247,PPT1054A,227,227,True
Shortest Processing,207,PPT0051A,14,14,True
Shortest Processing,208,PPT0052A,14,14,True
Shortest Processing,209,PPT0803A,14,14,True
Shortest Processing,210,PPT0861A,14,14,True
Shortest Processing,203,BQM4810A,-51,0,False
Shortest Processing,204,BQM4503A,-51,0,False
Shortest Processing,201,PPT1061A,-52,0,False
Shortest Processing,202,PPT1062A,-52,0,False
Shortest Processing,290,PPT0051A,-24,0,False
Shortest Processing,291,PPT0861A,-24,0,False
Shortest Processing,176,PPT1004A,53,53,True
Shortest Processing,177,PPT0807A,58,58,True
Shortest Processing,286,PPT0054A,81,81,True
Shortest Processing,172,PPT0803A,70,70,True
Shortest Processing,173,PPT0861A,70,70,True
Shortest Processing,188,BQM4803A,630,630,True
Shortest Processing,269,PPT0057A,116,116,True
Shortest Processing,322,PPT0055A,-21,0,False
Shortest Processing,321,PPT0059A,-2,0,False
Shortest Processing,331,PPT1059A,-20,0,False
Shortest Processing,294,BQM4504A,-18,0,False
Shortest Processing,239,PPT1053A,198,198,True
Shortest Processing,240,PPT1057A,198,198,True
Shortest Processing,316,PPT1054A,-3,0,False
Shortest Processing,315,PPT0053A,-3,0,False
Shortest Processing,323,PPT0804A,-21,0,False
Shortest Processing,293,PPT0058A,-17,0,False
Shortest Processing,170,PPT0052A,226,226,True
Shortest Processing,171,PPT0803A,227,227,True
Shortest Processing,245,PPT0002A,149,149,True
Shortest Processing,263,PPT0801A,-30,0,False
Shortest Processing,264,BQM4202A,-30,0,False
Shortest Processing,261,PPT1007A,-30,0,False
Shortest Processing,262,PPT0059A,-30,0,False
Shortest Processing,211,PPT0056A,-20,0,False
Shortest Processing,212,PPT0057A,-20,0,False
Shortest Processing,242,PPT0051A,148,148,True
Shortest Processing,139,PPT1055A,185,185,True
Shortest Processing,140,BQM4803A,744,744,True
Shortest Processing,150,PPT1001A,188,188,True
Shortest Processing,151,PPT1052A,95,95,True
Shortest Processing,148,PPT1002A,188,188,True
Shortest Processing,149,PPT1004A,188,188,True
Shortest Processing,146,PPT1060A,173,173,True
Shortest Processing,147,PPT0001A,178,178,True
Shortest Processing,182,PPT0807A,-48,0,False
Shortest Processing,183,PPT0808A,-48,0,False
Shortest Processing,178,PPT0003A,-47,0,False
Shortest Processing,179,PPT0802A,-47,0,False
Shortest Processing,156,PPT0803A,259,259,True
Shortest Processing,145,PPT0052A,117,117,True
Shortest Processing,157,BQM4803A,487,487,True
Shortest Processing,189,PPT1054A,26,26,True
Shortest Processing,190,PPT0801A,-33,0,False
Shortest Processing,191,PPT1001A,-31,0,False
Shortest Processing,192,PPT1002A,-31,0,False
Shortest Processing,193,PPT0864A,-31,0,False
Shortest Processing,194,PPT0804A,83,83,True
Shortest Processing,195,BQM4202A,84,84,True
Shortest Processing,196,BQM4853A,126,126,True
Shortest Processing,197,BQM4503A,248,248,True
Shortest Processing,166,PPT1008A,145,145,True
Shortest Processing,167,PPT0056A,145,145,True
Shortest Processing,135,PPT1061A,204,204,True
Shortest Processing,136,PPT1062A,204,204,True
Shortest Processing,133,PPT0054A,132,132,True
Shortest Processing,134,PPT0802A,204,204,True
Shortest Processing,161,BQM4503A,289,289,True
Shortest Processing,169,PPT0055A,30,30,True
Shortest Processing,132,PPT1056A,137,137,True
Shortest Processing,131,PPT1060A,136,136,True
Shortest Processing,168,PPT0804A,2,2,True
Shortest Processing,129,PPT0804A,209,209,True
Shortest Processing,130,PPT1007A,211,211,True
Shortest Processing,174,PPT0059A,7,7,True
Shortest Processing,175,BQM4803A,8,8,True
Shortest Processing,120,PPT0861A,206,206,True
Shortest Processing,119,BQM4803A,847,847,True
Shortest Processing,107,BQM4202A,199,199,True
Shortest Processing,106,PPT0004A,137,137,True
Shortest Processing,117,PPT1053A,223,223,True
Shortest Processing,118,BQM4503A,940,940,True
Shortest Processing,143,BQM4202A,-12,0,False
Shortest Processing,144,PPT1007A,-12,0,False
Shortest Processing,158,PPT1057A,-39,0,False
Shortest Processing,159,PPT1003A,-36,0,False
Shortest Processing,114,PPT1008A,192,192,True
Shortest Processing,99,PPT1011A,236,236,True
Shortest Processing,123,PPT0810A,25,25,True
Shortest Processing,124,PPT1006A,23,23,True
Shortest Processing,121,PPT0811A,25,25,True
Shortest Processing,122,PPT0060A,27,27,True
Shortest Processing,160,BQM4853A,285,285,True
Shortest Processing,35,BQM4503A,1352,1352,True
Shortest Processing,141,PPT1012A,-37,0,False
Shortest Processing,127,BQM4202A,-42,0,False
Shortest Processing,128,PPT1007A,-42,0,False
Shortest Processing,125,PPT0059A,-42,0,False
Shortest Processing,126,PPT1054A,-42,0,False
Shortest Processing,137,PPT1060A,-38,0,False
Shortest Processing,138,PPT0811A,-38,0,False
Shortest Processing,90,PPT1005A,86,86,True
Shortest Processing,91,PPT1058A,87,87,True
Shortest Processing,142,PPT1010A,-34,0,False
Shortest Processing,82,BQM4803A,751,751,True
Shortest Processing,83,BQM4503A,769,769,True
Shortest Processing,84,PPT1051A,104,104,True
Shortest Processing,85,PPT0858A,105,105,True
Shortest Processing,115,PPT1005A,31,31,True
Shortest Processing,94,PPT0003A,141,141,True
Shortest Processing,116,PPT1008A,66,66,True
Shortest Processing,93,PPT1057A,207,207,True
Shortest Processing,80,BQM4853A,469,469,True
Shortest Processing,102,PPT0053A,-44,0,False
Shortest Processing,103,PPT0056A,-44,0,False
Shortest Processing,104,PPT0057A,-44,0,False
Shortest Processing,105,PPT0801A,-44,0,False
Shortest Processing,7,BQM4803A,1362,1362,True
Shortest Processing,33,BQM4504A,184,184,True
Shortest Processing,34,BQM4803A,921,921,True
Shortest Processing,40,PPT0056A,155,155,True
Shortest Processing,41,PPT1056A,157,157,True
Shortest Processing,88,PPT0004A,96,96,True
Shortest Processing,89,PPT0055A,97,97,True
Shortest Processing,86,BQM4810A,345,345,True
Shortest Processing,87,BQM4810A,381,381,True
Shortest Processing,49,PPT0863A,143,143,True
Shortest Processing,54,BQM4853A,308,308,True
Shortest Processing,79,PPT1006A,90,90,True
Shortest Processing,50,PPT0863A,221,221,True
Shortest Processing,36,BQM4503A,946,946,True
Shortest Processing,37,BQM4803A,966,966,True
Shortest Processing,81,PPT0808A,8,8,True
Shortest Processing,67,PPT1052A,-27,0,False
Shortest Processing,66,PPT1001A,-24,0,False
Shortest Processing,59,PPT1058A,34,34,True
Shortest Processing,60,PPT0857A,40,40,True
Shortest Processing,64,PPT0003A,63,63,True
Shortest Processing,63,PPT0054A,64,64,True
Shortest Processing,70,PPT1054A,-48,0,False
Shortest Processing,71,PPT1001A,-46,0,False
Shortest Processing,68,PPT0003A,-48,0,False
Shortest Processing,69,PPT1002A,-46,0,False
Shortest Processing,97,PPT0859A,-34,0,False
Shortest Processing,98,PPT1009A,-34,0,False
Shortest Processing,95,PPT1052A,-34,0,False
Shortest Processing,96,PPT1011A,-34,0,False
Shortest Processing,57,BQM4853A,153,153,True
Shortest Processing,73,PPT1060A,170,170,True
Shortest Processing,74,PPT0809A,172,172,True
Shortest Processing,110,PPT1002A,-6,0,False
Shortest Processing,111,PPT1004A,-6,0,False
Shortest Processing,108,PPT0863A,-6,0,False
Shortest Processing,109,PPT0807A,-1,0,False
Shortest Processing,112,PPT1004A,-22,0,False
Shortest Processing,113,PPT0863A,-22,0,False
Shortest Processing,100,PPT1012A,-27,0,False
Shortest Processing,101,PPT0053A,-27,0,False
Shortest Processing,45,PPT1007A,69,69,True
Shortest Processing,42,PPT0003A,15,15,True
Shortest Processing,77,PPT0058A,165,165,True
Shortest Processing,78,PPT1003A,165,165,True
Shortest Processing,72,PPT0864A,-33,0,False
Shortest Processing,58,PPT1052A,-12,0,False
Shortest Processing,22,PPT1051A,116,116,True
Shortest Processing,23,PPT0054A,116,116,True
Shortest Processing,62,PPT1058A,-40,0,False
Shortest Processing,76,PPT0807A,-37,0,False
Shortest Processing,61,PPT1005A,-40,0,False
Shortest Processing,75,PPT0808A,-37,0,False
Shortest Processing,48,PPT1059A,77,77,True
Shortest Processing,13,PPT1009A,163,163,True
Shortest Processing,14,BQM4853A,401,401,True
Shortest Processing,46,BQM4503A,-45,0,False
Shortest Processing,47,PPT0857A,-45,0,False
Shortest Processing,25,PPT0003A,-41,0,False
Shortest Processing,24,PPT1005A,-34,0,False
Shortest Processing,6,PPT1006A,85,85,True
Shortest Processing,5,PPT0055A,89,89,True
Shortest Processing,56,PPT1058A,5,5,True
Shortest Processing,55,PPT0857A,11,11,True
Shortest Processing,12,PPT0810A,151,151,True
Shortest Processing,4,PPT0807A,199,199,True
Shortest Processing,29,PPT0056A,-48,0,False
Shortest Processing,30,PPT1059A,-48,0,False
Shortest Processing,26,PPT0055A,-48,0,False
Shortest Processing,27,PPT1006A,-48,0,False
Shortest Processing,51,PPT0802A,-39,0,False
Shortest Processing,53,BQM4503A,578,578,True
Shortest Processing,52,PPT0004A,-36,0,False
Shortest Processing,19,PPT0858A,45,45,True
Shortest Processing,18,PPT0857A,59,59,True
Shortest Processing,43,BQM4853A,-38,0,False
Shortest Processing,44,PPT0060A,-38,0,False
Shortest Processing,38,PPT1013A,-37,0,False
Shortest Processing,39,PPT1008A,-34,0,False
Shortest Processing,10,PPT0056A,19,19,True
Shortest Processing,21,PPT0054A,-38,0,False
Shortest Processing,32,PPT1055A,-35,0,False
Shortest Processing,11,BQM4810A,19,19,True
Shortest Processing,20,PPT0858A,-38,0,False
Shortest Processing,31,PPT1051A,-35,0,False
Shortest Processing,2,PPT0858A,94,94,True
Shortest Processing,1,PPT1010A,161,161,True
Shortest Processing,9,PPT1056A,21,21,True
Shortest Processing,8,PPT1060A,21,21,True
